rank,id,title,vscore,lane,money,verdict,O,D,P,A,B,competitors,demand_check,red_flags,why,pivot,loop,twist,source,category
1,TRD-002,Clip a Bag Charm,29.0,OPEN,HIGH,KEEP,4,4,4,3,4,"No Roblox bag-charm collect+race game found (2 searches Sep 2026); adjacent: UnBox BlindBoxes! – roblox.com, counts not shown; Labubu Blind Box UGC back accessories – rolimons catalog items, not games","verified: Labubu blind-box plush (Pop Mart) is a real collectible line, and Labubu Blind Box UGC items exist on Roblox (Wikipedia, rolimons); Crybaby resale / Hacipupu +281% figures not seen by me",must not use Labubu/Crybaby/Pop Mart names or lookalikes (owned IP); blind-box purchase with Robux needs odds disclosure (loot-box look),"Open lane on a live real-world trend, collection-driven monetization, and the weight-vs-speed tradeoff gives a real gameplay reason to show off.",,"Win plush charms in quick minigames, clip them on your backpack, then run the hourly Bag Race","Every charm adds flex but weight: heavy bags look amazing and run slower, so show-off fights winning",2026 plush-pendant trend: blind-box plush worn on bags,collectibles/fashion
2,HOB-007,Charm Your Bag,28.8,OPEN,HIGH,KEEP,4,3,4,4,4,"MANUAL RECHECK: Re-confirmed: only catalog UGC bag charms and weapon charms in RIVALS/DIG; no bag-charm collection game (web search 9/27) || No bag-charm collection game found; only catalog UGC (Trendy Bag Charms, Labubu shoulder/bag accessories 55-140 Robux) – roblox.com/rolimons item pages (Sep 2026)",unverified (Labubu sales/revenue figures not re-seen; Labubu UGC accessories selling on Roblox catalog is a weak demand signal),"Must use original charms (Labubu/Pop Mart and Jibbitz are owned IP); 'server votes best bag' needs population, use NPC raters as fallback; capsule vending = keep odds disclosed, avoid gambling look","Unoccupied collect-and-wear loop with capsule RNG and visible flex, cheap to build with dangling accessory attachments.",,Earn/roll charms from vending capsules → clip them to your in-game backpack (visible on avatar) → walk the mall → other players 'rate' your bag → coins,Your collection is literally worn and dangles/jingles; 'bag check' events where the server votes best stack; charm sets give aura bonuses,"Bag-charm trend (Labubu clipped to bags, Crocs Jibbitz, keychain stacks)",Collecting subculture
3,TRD-083,Cut the Kinetic Sand,28.4,OPEN,HIGH,KEEP,3,3,4,4,5,MANUAL RECHECK: No Roblox kinetic-sand cutting game found; only mobile ASMR Slicing (web search 9/27) || not searched – session web search budget exhausted,unverified: #oddlysatisfying 69.8B views not seen,'Kinetic Sand' is a Spin Master trademark – use generic 'sand'; satisfying-ASMR lane may already hold clones,"UNCHECKED (provisional): hidden-layer RNG reveal is a cheap, clippable collection loop with good monetization if the lane is open.",,"Slice sand cubes; each slice reveals layered colors inside; rare patterns (galaxy, logo) sell high","Layers are hidden RNG, satisfying cut sounds",Kinetic sand cutting ASMR,satisfying/asmr
4,TRD-132,Unwrap the Golden Ticket,27.8,OPEN,HIGH,KEEP,4,3,4,3,4,"No Roblox golden-ticket unwrap game found; only a 'Golden Ticket Chocolate Factory' UGC shoulder accessory (Dec 2023, 102 favorites) – rolimons","verified: 2026 Netflix reality show 'Wonka's The Golden Ticket' + Ferrero Wonka digital Golden Ticket unwrap promo (Nov) + local golden-ticket bar hunts (NBC, Netflix Tudum, Ferrero, Sporked)","Wonka/Charlie and the Chocolate Factory is owned IP (Warner/Netflix/Ferrero) – no Wonka names, top hat or Oompa lookalikes; buying bars to roll for a scarce ticket looks like a loot box, so sell bars for soft currency and disclose odds","The lane is open, the golden-ticket moment is live in 2026, and RNG unwrapping plus scarce tradable tickets monetizes well.",,Buy and unwrap chocolate bars; rare golden tickets; 5 ticket holders per server get a factory event,"Scarcity: only 5 tickets per server hour, holders can sell tickets to others",Golden-ticket chocolate promotions and Wonka-style giveaways,rng/event
5,HOB-001,Hunt Coin Rolls,27.6,OPEN,HIGH,KEEP,4,2,4,4,4,MANUAL RECHECK: No coin-roll-hunting game found; adjacent Throw a Coin (coin fountain RNG incremental) (web search 9/27) || not searched – session web-search budget exhausted,unverified (TheCoinChannel/Couch Collectibles follower counts not re-seen),Kid audience may not know coin collecting (niche adult hobby); use stylized fictional coins to avoid real-currency imagery issues; shared-pool needs cross-server store,Provisional: the shared dump-back pool is a genuinely fresh social-RNG loop but real-coin collecting is an adult niche with unverified kid demand.,"Reskin rolls as fictional 'treasure coin' packs (mythic mint errors, auras) while keeping the shared server bank pool twist.","Buy a bank box → crack rolls with a satisfying paper-tear → coins spill, tap to inspect with loupe → keep silver/errors/key dates → dump the rest back into the bank","Shared server bank: every coin you dump goes back into the SAME pool other players buy from, so rivals can find the 1-in-50,000 error you missed (and chat roasts you). Coin album sets with display cases in your plot","Coin roll hunting (CRH) YouTube/TikTok: buy boxes of rolls from the bank, search for silver, errors and key dates, dump the rest back",Collecting subculture
6,HOB-080,Stock a Bird Feeder,27.2,OPEN,HIGH,KEEP,3,3,4,4,4,"MANUAL RECHECK: Bird games exist (BIRD, Bird Simulator, Feather Family, Beaks) but no feeder/backyard-visit game found (web search 9/27) || not searched: session WebSearch budget exhausted",unverified: Merlin 12M+ users / birding-boom claims not re-checked,"Squirrel-raid asymmetry needs bot squirrels for solo servers; offline visits must stay AFK-reward, not a doomscroll feed","PROVISIONAL (lane unchecked): AFK RNG bird visits with seeds as consumable luck is high-money and cheap to build, and the squirrel-raid role adds a steal-and-protect social layer.",,"Set feeders & seed types in your yard → AFK birds visit (RNG, rare cardinals/leucistic) → auto-snapshots album; offline visits",Asymmetric: other players can join as SQUIRRELS and raid your feeders; you build baffles and obstacle courses; squirrels earn nuts to spend on squirrel cosmetics,Bird Buddy smart-feeder cams; squirrel-proof feeder / squirrel obstacle-course videos,Outdoor / nature hobby
7,TRD-051,Freeze-Dry Candy,27.2,OPEN,HIGH,KEEP,3,3,4,4,4,"MANUAL RECHECK: No Roblox freeze-dry game found (candy store/collecting games only). Demand: #freezedriedcandy 2.7B–4.7B TikTok views per trend-report snippets (accio.com, vovanglobal 2026) (web search 9/27) || not checked: session WebSearch budget (200) exhausted before this idea",unverified (search budget exhausted),None major,"[provisional, lane unchecked] Wait-and-reveal puff RNG with mutations and a sell stand mirrors proven Grow-a-Garden-style timer/mutation economics on a tiny build.",,"Load candy into a freeze dryer, wait, open to see it puff; puff size/shape RNG; crunch-taste test ASMR","Mutations (galaxy, giant, glitter) from rare candies; sell at your stand",Freeze-dried candy puff videos on TikTok,food/rng
8,RES-014,Grow a Battle Flower,26.6,OPEN,HIGH,KEEP,4,3,4,3,3,"No florr.io-style petal-orbit combat game found on Roblox in 3 searches; only unrelated flower games (Grow a Flower, Flower Forager, Find Flowers, Petals minigame remake) – roblox.com Sep 2026, visits not shown","verified: florr.io still actively updated (118 petals as of 24 Sep 2026, 10 rarities, 5-to-1 craft with failure chance – official fandom wiki/playiotoday 2026); Discord 49K figure unverified",Copying florr.io too literally (names/art) = IP risk; craft-can-fail RNG must not be sold directly for Robux (gambling look); mob AI + many petal abilities is a lot for 1 month,Proven web-.io collection/merge loop with deep rarity tiers has no Roblox occupant found and suits HIGH-density monetization.,,"Kill mobs, collect petals in rarity tiers, merge 5→1",Trade/flex a Mythic petal ring,Web Florr.io,research-sourced
9,RES-002,Feed a Creature,26.6,OPEN,HIGH,KEEP,4,3,4,3,3,"No taste-learning creature-befriend cooking game found. Adjacent: Cook Friends! (rolimons tracked), Feed Your Pet!, Food Collection Simulator, Cook a Recipe – no numbers surfaced – roblox.com, Sep 2026","verified: Creature Kitchen (Steam, released Feb 6 2026) Overwhelmingly Positive, 99% of 7,392 reviews, called Steam's highest-rated 2026 game (IntoIndieGames/search snippet); idea's '7,518 / 100%' and '553 peak' not seen",do not copy Creature Kitchen names/art (small studio IP); chase-on-wrong-dish needs light horror tuning for kids,"Open lane, verified indie proof, and creature collection plus cooking gives strong collection monetization.",,"Cook dishes, learn each critter's taste, befriend & collect",Wrong dish makes the creature grow and chase you,"Steam Creature Kitchen (7,518 reviews 100% positive, Feb 2026)",research-sourced
10,MSH-028,Scrub the Kaiju,25.8,OPEN,MID,KEEP,4,4,3,4,3,"No kaiju-washing or server-scrub game found. Adjacent: Wash The House – 11,978,092 visits, 31,460 playing, 20-player servers – Rolimons, ~Aug 2026; Dig & Clean – 16.7M visits, ~27.8K CCU Aug 7 2026 – Rolimons/robolibrary; Pressure Wash Simulator 2 – visits not surfaced – Rolimons, undated; Build the Pyramid! (100-player server goal) – 4.08M+ visits, 93% rating – tryhardguides/wiki citing Roblox API Sep 23 2026 (idea's 1.1M figure is outdated)",verified: cleaning ASMR (Wash The House 31.5K CCU) and server-goal co-op (Build the Pyramid 4.08M visits Sep 2026) both live,server goal needs population: scale kaiju dirt to player count; large dirt-mask surfaces on a giant mesh need optimisation,"Unoccupied spin on a proven 30K-CCU cleaning trend with a built-in server-wide reveal clip, and hose-upgrade painkillers give real monetization.",,Pick a body zone -> scrub/pressure-wash (ASMR) -> earn coins -> upgrade hoses -> server reveal cutscene -> next kaiju,"Twist: a skyscraper-sized monster sleeps in the bay covered in mud, barnacles and graffiti; the whole server scrubs body zones, and when it's clean it wakes up and rewards the top scrubbers",Parents: cleaning ASMR x 100-player server goal (Build the Pyramid). Cleaning ASMR proven; giant shared target makes it a server event clip.,Format mashup: cleaning ASMR x 100-player server goal (Build the Pyramid)
11,TRD-008,Cheer Up the Crybabies,25.8,OPEN,HIGH,PIVOT,4,3,4,3,4,"No mood-care figure collector found on Roblox; 'Crybaby' search only returns avatar items (Crybaby limited dynamic head, RAP 25,505 – rolimons 2026) and Cry Baby: The Extra Clutter (unrelated)","unverified: evidence figures (Crybaby $200+ resale, Hacipupu +281%) not seen by me; designer-toy trend itself is real (Labubu/Pop Mart, Wikipedia)",'CRYBABY' is a Pop Mart designer-toy brand – title and figure look are owned IP; 'leave it sad to get a rare variant' could read as neglect-reward to parents,"Mood-as-rarity collection is fresh and monetizable, but the title leans on a Pop Mart trademark.",Rename and redesign as an original figure line (e.g. 'Moodlings') with no Crybaby/Pop Mart resemblance.,"Collect crying figures, do small care minigames to change their mood, happy ones evolve into rare smiles",Figures have moods not just rarity; a sad one left alone becomes a rare 'storm' variant,Crybaby designer toys (emotional aesthetic),collectibles/care
12,SSN-027,Never Walk Alone,25.4,OPEN,MID,KEEP,3,4,3,4,4,"No exact proximity-as-health mechanic found; adjacent co-op horror: THAT'S NOT MY FRIEND (don't get separated, monster copies a player), Interliminality, Rainbow Friends, Doors – visits not shown – TikTok/exitlag/roblox spotlight 2026","verified: RoLearn 2026 horror report – 500+ active horror games, combined daily CCU often >200K, best creator-coverage-to-player ratio (rolearn.dev)",Needs 4+ players – requires solo/duo scaling or NPC buddy fallback; horror maturity must stay non-gore,"Horror demand is verified and the buddy-distance rule is a clear, clippable twist not found live, though co-op horror is a busy genre.",,4–8 players complete chores around a suburb at night; the Tall Neighbor only attacks anyone more than 25 studs from a teammate; tasks force pairs to split up,"Proximity-as-health: the monster punishes solo play, so voice/chat coordination is the core skill",Buddy-system rules; original 'Tall Neighbor' monster peeking over fences,Original Monster / Urban Legend
13,SSN-052,Feed the Crows,25.0,OPEN,HIGH,KEEP,3,2,4,3,4,MANUAL RECHECK: No crow-feeding trinket game found; Farmer vs Crows is unrelated (web search 9/27) || not checked: session WebSearch budget (200) exhausted before this idea,unverified (search budget exhausted),None major; daily-return timer is fine (not a doomscroll mechanic),"[provisional, lane unchecked] Crow-gift RNG with more crows = rarer trinkets and a curiosity cabinet is a cheap collection/progression loop with a distinct cozy-spooky look.",,Feed crows daily; they return with trinkets (RNG); more crows = rarer gifts; display a curiosity cabinet,Cozy relationship RNG with a spooky crow aesthetic,"Viral crow-gift stories (e.g., BBC 2015 girl gifted trinkets by crows)",Cozy-Spooky
14,SSN-113,Trade Halloween Candy,25.0,OPEN,HIGH,KEEP,3,3,4,3,3,"MANUAL RECHECK: No candy-trading floor game found; old Candy Simulator (collect candy, trade pets) only (web search 9/27) || UNCHECKED (session WebSearch budget exhausted before this idea; verdict provisional, re-check occupancy)",unverified: DOORS 2025 candy-bag event claim not re-checked (no search budget left),bag opening is RNG loot-box style; a live trading floor needs anti-scam/anti-dupe work; 'stock market' framing must not look like gambling,"Provisional: RNG-plus-trading collection is a high-monetization proven Roblox pattern, pending an occupancy check.",,Open candy bags (RNG) and trade on a live floor; full-size bars are rare; values change with demand; build a stash,Candy stock market — real kid behavior; evergreen snack trading,Post-Halloween candy trading between kids,Seasonal-Halloween
15,RES-008,Unravel a Yarn Giant,24.8,OPEN,MID,KEEP,4,3,3,3,4,"MANUAL RECHECK: Re-confirmed: no Roblox yarn/unravel game; only mobile Yarn Fever and Poki Yarn Untangle (web search 9/27) || No yarn-unravel/sort game found; only yarn as a drop item (Cat Tycoon, Cat Simulator – visits not shown – roblox.com)",verified: Yarn Fever! Unravel Puzzle and Knit Unravel exist on App Store/Google Play/CrazyGames | unverified: gamigion 'top-10 hybrid-casual H1'26' claim not seen,Mobile sort puzzles historically translate poorly to Roblox; keep it 3D and physical (pulling threads off a giant) rather than a 2D sort UI,"Unoccupied on Roblox, ASMR pull-thread loop is cheap to build and the knit-wearable-cosmetic plus rare-yarn trade gives a collection layer.",,"Pull threads (ASMR), sort colours, knit wearable cosmetics",Trade rare yarn; showroom plots,Mobile Knit Out / Yarn Loop / Yarn Fever,research-sourced
16,TRD-082,Scrape Barnacles off a Boat,24.8,OPEN,MID,KEEP,4,3,3,3,4,"No barnacle-scraping game found. Adjacent cleaning games: Sea Cleaning Simulator (trash collecting boats), Clean My Items (scrape grime off items for cash), Concrete Cleaning Simulator, Clean Crew, Wash The House – no visit numbers surfaced – roblox.com snippets, Sep 2026",unverified: #oddlysatisfying/pressure-washing numbers not re-checked; cleaning genre on Roblox is clearly active (multiple live cleaning games found),none major; Clean My Items is a close 'scrape grime' mechanic neighbour,"Unoccupied specific niche inside a live cleaning genre, with a treasure/creature rarity layer that gives collection monetization and is buildable solo.",,Scrape barnacles off boat hulls; creatures and lost treasures cling underneath,Harbor queue of boats with visible grime rarity; rarest boats are server events,Hull cleaning satisfying videos,satisfying/rng
17,MSH-094,Break the Grime,24.8,OPEN,MID,KEEP,4,3,3,3,4,"No brick-breaker cleaning game found. Cleaning neighbours: Concrete Cleaning Simulator, Clean My Items, Cleaning Simulator (BRIBBLECO, rolimons), Clean Crew, Clean a Crime – numbers not surfaced – roblox.com, Sep 2026","unverified: Ball x Pit 2M sales, Wash The House/Dig & Clean/Clean a House figures not re-checked; cleaning genre activity verified via multiple live games","solo-leaning, weak co-play for Roblox discovery; brick-breaker controls on 3D avatar game need care","Unoccupied mashup of a proven satisfying loop and live cleaning genre, mural gallery gives a collection hook, and it is small to build.",,Launch soapy balls -> scrub grime bricks -> combo foam bursts (ASMR) -> reveal mural -> harder walls,"Twist: the bricks are grime tiles on a dirty wall: every bounce scrubs, and a cleaned wall reveals a hidden mural you keep in a gallery",Parents: brick-breaker (Ball x Pit) x cleaning ASMR. Two satisfying loops in one screen; solo-leaning so lower co-play.,Format mashup: brick-breaker (Ball x Pit) x cleaning ASMR
18,STM-028,Break the Ball Pit,24.8,OPEN,MID,KEEP,4,4,3,3,3,"No Roblox brick-breaker roguelite found (site:roblox.com search Sep 2026); only unrelated Ball Merge Simulator, Merge! (ball merging idle), RogueBlade (roguelite) – counts not shown","verified: BALL x PIT sold 400K in first week (Oct 2025), 1M in ~6 weeks, 2M+ units (GameSpot, VGChartz); mobile release Mar 12 2026",none; ball-to-ball fusion across players needs deterministic custom physics (not Roblox physics) and careful netcode,"A 2M-seller with no Roblox equivalent, and ball collection/fusion unlocks give a natural gacha-style monetization hook.",,Co-op brick-breaker descending into a pit; each player's balls collide and fuse into new ball types (fire+ice=steam),"Each player's balls collide with teammates' and fuse into new ball types (fire+ice=steam, bomb+split=cluster), so co-op directly unlocks the build",Ball x Pit (2025),Roguelite / arcade
19,PVP-018,Catch the Home Run Ball,24.6,OPEN,MID,KEEP,4,2,3,4,4,"No crowd-scramble ball-catch game found; adjacent baseball games: Home Run Simulator, Hit Home Runs, HCBB 9v9 2.0, Baseball Universe 9v9 – visits not shown – roblox.com Sep 2026",unverified: Ohtani ball auction price not searched (budget); baseball on Roblox is a proven niche (HCBB) but ball-catching itself has no trend proof,Avoid MLB/team/player names and likeness (Ohtani); 'auction' framing fine but no real-money look,"Crowd-dive-for-the-ball scramble with ball-rarity RNG appears unoccupied, is cheap to build and very clippable, though demand is inferred.",,"Stadium stands: home runs fly into the crowd, players climb seats and dive to grab; ball rarity RNG (signed, record ball) sells for cash",Crowd scramble + collectible ball RNG with a trophy shelf,Fans diving over seats for home-run balls; record-ball auctions,PvP party
20,HOB-039,Hydro Dip It,24.6,OPEN,MID,KEEP,4,3,3,4,3,"No hydro-dip game found; nearest are Spray Paint Simulator (rolimons.com/game/18163826497, visits not shown), Paint Simulator, Paint Splash Simulator – different mechanic",unverified (evidence 'none'; hydro-dipping videos exist but no numbers seen),Procedural swirl-pattern texture generation (EditableImage) is the technical risk; server vote PvP needs players (bot judges fallback easy),"Unoccupied, highly visual pull-out reveal with pattern RNG and rare 'holo' film is a clean collect-and-sell loop.",,Spray paint colors onto water → swirl → dip an object → pull-out reveal (pattern RNG) → rinse ASMR,"Dip ANY item including players' avatars' gear; PvP dip-off where both dip same item, server votes; rare 'holo' film","Hydro-dipping videos (dipping sneakers, helmets, controllers into swirled paint film)",Craft / maker hobby
21,MSH-071,Match a Pet Pair,24.6,OPEN,HIGH,PIVOT,4,3,4,3,3,"Raise Puppies (breeding) – no numbers seen; Adopt and Raise – no numbers; Adopt Me! (trade, no stranger-breeding) – numbers not re-checked; no stranger-lounge co-breeding game found","verified: Mewgenics sold 1M copies in one week, >$23M (Game Informer / PC Gamer, Feb 2026) - PC indie, not Roblox proof","'Speed-meet lounge' with 30s pairings looks like an online-dating flow (Roblox bans dating), even with pets only; forced stranger co-play needs a busy server","Stranger co-breeding is new and breeding monetizes well, but the speed-dating framing is a moderation risk and needs a busy server.","Swap the lounge for an async 'stud board': list your pet, others request a pairing from anywhere, and both owners get the baby - no timed 1:1 meetups.",Walk pet into lounge -> 30s meet-ups -> both accept -> baby revealed for both,Twist: pets breed only with pets owned by strangers you meet in the lounge; both owners get a copy of the baby,"Parents: breeding genetics x social lounge (speed-meet). Forces stranger co-play. Pets only, no player dating.",Format mashup: breeding genetics x social lounge (speed-meet)
22,RES-006,Blast a Pixel Mural,24.4,OPEN,MID,KEEP,3,4,3,3,4,"MANUAL RECHECK: No Roblox Pixel Flow-style conveyor shooter found (web search 9/27) || none found on Roblox in 1 generic search (only mobile/web: Pixel Flow!, Pixel Shooter – Flow Puzzle, Pixel Pop, TankFlow.io); a targeted roblox.com search was blocked because the session's web-search budget ran out",verified: Pixel Flow! and several web/mobile clones exist (App Store/CrazyGames); revenue figures not re-checked,pig-cannons copy Pixel Flow's signature look (trade dress); near-duplicate of WEB-002,A duplicate of WEB-002 with a more derivative skin; keep the WEB-002 version instead.,,Send RNG pig-cannons onto a conveyor that blasts matching pixels of a mural,4 players share one conveyor; compete for belt slots; co-op boss murals,"Mobile Pixel Flow! ($100M+, Scopely >$1B valuation)",research-sourced
23,WEB-002,Shoot the Pixel Art,24.4,OPEN,MID,KEEP,3,4,3,3,4,"MANUAL RECHECK: No Roblox Pixel Flow-style conveyor shooter found (web search 9/27) || none found on Roblox in 1 generic search (only mobile/web: Pixel Flow!, Pixel Shooter – Flow Puzzle, Pixel Pop, TankFlow.io); the targeted roblox.com check was blocked because the session's web-search budget ran out – Pixel Flow clones on Roblox are likely and must be checked",verified: Pixel Flow! is live on the App Store with several web clones; $105M / PG GOTY / Scopely figures not re-checked,avoid copying Pixel Flow's pig art (trade dress); a 200x200 shared mural needs efficient replication,"Provisional: a proven mobile loop made social with a co-op mural and tradeable RNG stickers, pending a Roblox occupancy check.",,Send color shooters onto a conveyor → they fire matching balls into a pixel picture → picture revealed → collect the art,Server-wide co-op mural: everyone's shooters chew one 200x200 picture; your bench can overflow into a friend's; revealed pictures drop as RNG-rarity stickers you trade,"Pixel Flow! ($105M+, PG Game of the Year 2026)",Mobile puzzle hit (hybrid-casual)
24,SSN-059,Light Up the Block,23.8,OPEN,MID,PIVOT,4,3,3,4,4,"No shared-power-grid lights competition found; adjacent: Christmas Tycoon, Christmas Home Tycoon, Urban House with Christmas Lights (showcase), seasonal decorating in MeepCity/RHS2 – visits not shown – lemon8/oreate/softonic 2025",partially verified: Roblox winter spotlight (about.roblox.com Dec 2024) and FandomWire 2025 holiday picks show seasonal demand; no numbers seen,Seasonal only; player voting on builds invites vote-trading; free placement of lights needs build limits,"Shared-grid blackout friction is fresh and clippable, but a Christmas-only decorating game has a ~6-week lifespan.","Make it an evergreen 'light show' street (neon/party/Halloween sets) with Christmas as the peak event, and sell light packs via collection RNG.",Decorate your house with lights; the street shares one power grid; overloading blows every house's lights; neighbors vote the best house each hour,Shared-grid friction: brightest wins but greedy decorators black out the street,Christmas-lights house competitions,Seasonal-Christmas/Winter
25,WEB-079,Beat the Bigger Number,23.6,OPEN,MID,KEEP,4,3,3,3,3,"none found – 2 searches (Tower Heroes, Power Tower obbies and PowerUP Tower are unrelated; a YouTube 'I Turned a Fake Mobile Ad Game Into a Real Roblox Game' video exists, game not identified)",unverified (fake-ad genre popularity widely known but numbers not seen),PvP eating weaker players can feel bad for new joiners (needs level-banded floors); room/tower content takes level-design time,"A readable 'number goes up' fantasy with no dedicated Roblox occupant found, and power boosts plus floor skips monetize naturally.",,Your hero has power 12; pick rooms with enemies under your power to absorb them and grow; avoid bigger ones,"PvP climb: all players in one tower, rooms shared; eat a weaker player to take their power; bosses at top floors",Hero Tower Wars / 'absorb weaker enemies' power-level fake ads,Fake mobile ad made real
26,RES-018,Block the Street,23.6,OPEN,MID,KEEP,4,2,3,3,4,MANUAL RECHECK: Only Marching Band Roleplay (500K+ visits) and rehearsal RP; no parade/conga traffic game (web search 9/27) || not searched – the session's web-search budget ran out (the record says marching-band RP only),unverified (Know Your Meme Sept 2026 / 98K likes not re-checked),the meme is fresh but likely short-lived,"Provisional: a growing conga line plus instrument RNG is readable, but a game tied to an unverified September meme may outlive the joke.","Frame it as an evergreen 'grow your parade' collection game (instrument rarity, float upgrades) and keep the street-blocking meme as the launch hook only.","Grow a parade conga line, block NPC traffic for cash",Players join each other's lines; instrument rarity RNG,Meme 'We're All Just Blocking the Street' (Sept 2026),research-sourced
27,PTY-001,Hold the Floor,23.6,OPEN,MID,KEEP,4,3,3,3,3,"No Roblox 'The Floor' trivia-territory game found (site:roblox.com/games only returned Floor-is-Lava games) – Sep 2026; fan-made web versions exist (gamevertex, the-floor-game.vercel.app)","unverified: FOX viewership numbers not re-checked; the show exists (Rob Lowe, Fox, premiered Jan 2 2024, per Wikipedia)","'The Floor' name and format belong to Talpa/FOX, so use a different title and art; picture-ID categories need hundreds of licensed/own images (Roblox Items category is fine)","We found no Roblox occupant for a well-known TV format, the bot fallback works, and category-deck collection gives it more to sell than a normal party game.",,"Server floor is a grid of tiles, each owned by a player/bot with a secret picture category; pick a neighbour, 30s rapid-fire picture-ID duel, winner absorbs the loser's tile and category","Territory-map elimination on a 100-tile floor you physically stand on; bots own empty tiles so 2 humans still get a full map; you collect and level category decks (Dogs, Flags, Roblox Items) for a home-field bonus",The Floor (FOX game show),Party / TV game show
28,MSH-105,Bid for Fighters,23.6,OPEN,MID,KEEP,4,3,3,3,3,"No auction-draft auto-battler found on Roblox; Bid Battles! (storage-locker auction sim, 2022, visits not shown – rolimons/fandom search Sep 2026) is auction-themed but not fighters; parent Ball VS Ball live on Roblox (codes page Sep 2026, visits not seen in snippet)","unverified: Ball VS Ball confirmed live with Sep 2026 code pages, but the 41.2M visits/14.7K CCU figure was not seen in my searches",Live 8-player bidding needs full lobbies – requires bot bidders as fallback; ranked must stay non-P2W; auction UI balancing is fiddly,"Auction-draft twist on the hot roll-to-fight format appears unoccupied and is clippable, but needs bot bidders and careful economy.",,Auction round -> build team -> 3 auto-battles vs others -> prize,Twist: 8 players get the same budget and bid live on one shared pool of fighters; overbid for a star and you'll field a weak bench,Parents: roll-to-fight auto-battler x fantasy auction draft. Bidding creates rivalries every match; ranked must stay non-pay-to-win.,Format mashup: roll-to-fight auto-battler x fantasy auction draft
29,MSH-064,Chop the World Tree,23.6,CROWDED,HIGH,KEEP,3,4,4,3,5,"Chop Your Tree (Simple Bricks, own-tree chop/prestige, created Nov 23 2025) – 134,170,909 visits – Rolimons, undated; +1 Chop Trees for Treasure (chop + rare treasures/auras) – visits not surfaced – roblox.com; Tree Chop Simulator, Cut Trees – visits not surfaced; Build the Pyramid! (server goal) – 4.08M+ visits – Roblox API via tryhardguides, Sep 23 2026; no shared server mega-tree found",verified: tree chopping proven (Chop Your Tree 134M visits); server-goal format modest (Build the Pyramid 4.08M),needs populated servers for the fall to happen: scale HP to player count; avoid 'golden acorn' odds UI that reads as gambling,"Chop-tree demand is proven at 134M visits and the shared server tree plus RNG chip drops is an unoccupied, very buildable twist.",,Chop -> roll drops -> upgrade axe -> tree falls -> new tree species,Twist: 100 players chop one mega tree; every chip rolls a drop (common wood to 1-in-1M golden acorn) and the fall is a server cutscene,Parents: 100-player server goal x RNG drops. Simple and very buildable.,Format mashup: 100-player server goal x RNG drops
30,MSH-050,Pass the Cursed Aura,23.4,CROWDED,HIGH,KEEP,3,4,4,4,4,"MANUAL RECHECK: Aura-RNG parent crowded (Sol's RNG, Aura RNG); Cursed RNG exists but is JJK aura rolling, no pass-by-touch curse found (web search 9/27) || Parent lane confirmed crowded in MSH-072 search: Sol's RNG (#1 RNG, 400+ auras), Aura RNG, Zenith RNG, RNG Gods, PvP-RNG games (Anime X Auras, Lucky Block Fighters) – roblox.com/gamezebo Sep 2026; hot-potato-aura specific occupant not searched (budget exhausted)",verified (parent): Sol's RNG remains the top luck-RNG game (roblox.com/Pocket Gamer 2026),"Wiping a player's last roll can feel like paid-loss if they bought luck – protect paid rolls; needs 4+ players, add NPC carriers","Provisional: greed-vs-risk hot potato on top of proven high-monetization aura RNG is a clear, cheap differentiator.",,Chase or dodge the curse -> roll like crazy while holding -> tag someone before it blows,Twist: one cursed aura passes by touch; the holder rolls at x10 luck but it explodes at a random time and wipes their last roll,Parents: RNG aura rolls x hot-potato party. Greed vs risk: everyone WANTS the bomb for a moment.,Format mashup: RNG aura rolls x hot-potato party
31,HOB-009,Trade Pins,23.4,OPEN,HIGH,PIVOT,4,2,4,3,3,"No pin-trading experience found; only generic trading games (Trade Hangout, Trade Simulator – visits not shown – roblox.com) and a 'Pin Trading Card' catalog item",unverified (evidence 'none'; Disney pin trading is a real hobby per Wikipedia but no kid-audience trend numbers seen),"Disney IP adjacency ('cast members', 'hidden Mickey', theme park); paid mystery packs need odds disclosure; theme park map is a sizable build","Collection + mystery pack + trade is monetizable and unoccupied, but pin trading is an adult Disney niche with little pull for Roblox kids.","Reskin as bag-charm/keychain clipping (Labubu-style bag charms kids already chase) on a visible backpack, keeping NPC roamers with rare charms.",Buy mystery pin packs → wear on lanyard → trade with NPC cast members (who carry random rare pins) and players → complete boards,NPC cast members roam the park with random rare pins you must spot and trade for before another player does; lanyard visible on avatar,"Disney pin trading: lanyards, 'hidden Mickey' pins, trading with cast members",Collecting subculture
32,MSH-109,Roll the Server Planet,23.4,OPEN,MID,KEEP,4,2,3,4,3,"Katamari (alpha) – no numbers, looks dead – roblox.com; Rolling Ball Simulator (grow-by-rolling) – no numbers – roblox.com; no server-merge katamari found",unverified: Build the Pyramid! exists as a 100-player co-op server-goal game (roblox.com/wikis Sep 2026) but its 4.3K CCU / 1.1M visits were not seen; no Roblox katamari hit seen,Sticking hundreds of parts to balls is a performance risk (fake it with scale plus decals); ball merging needs consent rules to prevent griefing,"Katamari rolling is visually clickable and the lane has only dead micro-games, though demand on Roblox is unproven.",,Roll -> grow -> merge with friends -> planet event -> new world,"Twist: everyone rolls their own sticky ball collecting junk, and players can merge balls; the whole server's balls combine into a planet at the end of each cycle",Parents: katamari rolling x 100-player server goal. Katamari physics is fun; merge rules create co-play.,Format mashup: katamari rolling x 100-player server goal
33,HOB-096,Duck a Jeep,22.8,OPEN,MID,PIVOT,4,3,3,3,4,"Catch 1 Billion Ducks – 22,815,538 visits – rolimons via search, Sep 2026 (duck hunting sim, different mechanic); Duck Duck (hot-potato race) – visits not shown – roblox.com; Duck Simulator – visits not shown – roblox.com; no duck-leaving-on-vehicles game found","verified: Jeep ducking is a real custom (Wikipedia 'Jeep ducking', started 2020); no current trend numbers seen",'Jeep' is a Stellantis trademark (must not use name/grille); gift loop needs other players' cars in server,"Mechanic is unoccupied and duck RNG is collectible, but the name is trademarked and it needs other players' vehicles to function.","Drop the Jeep brand ('Duck the Trucks') and fill lots with NPC parked cars that can be ducked and that return rare ducks, so solo servers still work.",Collect rubber ducks (RNG) → drive around → leave ducks on other players' vehicles → they keep them,Gift economy: you earn by being ducked AND by ducking; duck dashboards,'Duck Duck Jeep' trend (leaving rubber ducks on strangers' Jeeps),Outdoor / nature hobby
34,MSH-044,Goo Monster vs Janitors,22.6,OPEN,MID,PIVOT,4,3,3,4,3,"No goo-vs-janitor asymmetric game found (2 searches); adjacent: Cleaning Simulator (BRIBBLECO) – n/a – rolimons; Forsaken asymmetric 1vX – numbers from idea, not re-verified",verified: cleaning is hot (Wash The House 12M visits / 31.5K players); the Forsaken figures were not re-checked,"needs 7 players per round, so it needs bot janitors or a smaller-lobby fallback; goo-trail surface painting needs a grid/decal system (moderate tech)","A fresh, clippable combo with no occupant found, but in its current round-only form it is a party game with thin monetization.","Add a Forsaken-style roster: unlockable monsters and janitors with unique abilities, sold as the main monetization, plus NPC janitors to fill servers under 7 players.",Monster spreads goo and chases -> janitors clean lanes and set traps -> 5-minute rounds -> swap,Twist: one player is a goo monster who leaves slippery trails; 6 janitors clean goo to stay fast and trap the monster in a clean room,Parents: cleaning ASMR x asymmetric 1vX (Forsaken). Cleaning becomes movement and territory control in a chase.,Format mashup: cleaning ASMR x asymmetric 1vX (Forsaken)
35,MSH-072,Hunt the Top Roller,22.4,CROWDED,HIGH,KEEP,3,4,4,3,4,"Sol's RNG – 2.1B+ visits per idea evidence (search confirms #1 RNG game, 400+ auras) – roblox.com/fandom; Aura RNG, Zenith RNG, RNG Gods – no numbers; PvP-RNG variants: Anime X Auras, Lucky Block Fighters, Roll n Rampage (TikTok) – no numbers; no 'bounty on rarest roller' game found (Sep 2026)",verified: Sol's RNG remains the top luck-RNG game (roblox.com/Pocket Gamer 2026),"None major; chase phase needs 6+ players, needs NPC hunters as bot fallback","Aura-RNG is proven high-monetization and the bounty-chase layer is an unoccupied, clip-friendly differentiator that is cheap to build.",,"Roll -> if you get top aura, run -> others chase -> survive 3 minutes for a reward","Twist: the player with the rarest aura in the server gets a bounty crown; if tagged, the tagger gets a luck boost and the aura is not lost",Parents: RNG aura rolls x bounty tag. Adds movement and chase to idle RNG.,Format mashup: RNG aura rolls x bounty tag
36,TRD-048,Pack a Bento Box,22.2,OPEN,MID,PIVOT,3,3,3,4,4,"MANUAL RECHECK: No Roblox bento game found; Bento Blocks (Steam, 180 handmade levels) shows puzzle content is level-heavy (web search 9/27) || not checked: session WebSearch budget (200) exhausted before this idea",unverified this session (Tastewise/accio bento-trend claim not seen),Server gallery shows arrangements only (no freehand/text) so moderation is low,"[provisional, lane unchecked] Jigsaw packing with style-rule orders and customers is a buildable tycoon-puzzle hybrid with shareable output.",,Fit odd-shaped foods into a bento like a jigsaw; color balance and zero gaps score stars; customers pay,"Each order has a style rule (cute animal, rainbow); share your best bento to the server gallery",Aesthetic organized meals and bento TikToks,puzzle/food
37,STM-024,Bust the Nodes,21.8,OPEN,MID,PIVOT,4,2,3,2,5,"No Nodebuster-style cursor-burst game found on Roblox; adjacent upgrade-tree incrementals: Upgrade Tree: Elemental – 3.17M plays (created Jan 29 2026) – rolimons; Generic Upgrade Tree Incremental, Upgrade Tree Incremental, Everything Incremental – counts not shown – roblox.com 2026","verified: Nodebuster 97% positive of 10,642 Steam reviews (search snippet); SteamSpy owner band from evidence not seen by me",none; abstract geometry art tests poorly with Roblox's young audience,"Mechanic lane is open and very buildable, but Roblox upgrade-tree incrementals top out around 3M plays, so the abstract Steam theme has weak pull on Roblox.",Re-theme to a readable kid fantasy (e.g. zap bugs or pop slimes with a swipe) and add collectible pets/tools that boost the tree so it monetizes like a simulator.,"60-second runs: drag your cursor-circle over a grid of nodes to burst them, collect bits, spend on a huge upgrade tree between runs",Server-shared 'Core' boss every 10 min that every cursor attacks together; mobile drag controls,Nodebuster (2024 Steam incremental),Incremental
38,HOB-008,Trade Friendship Bracelets,21.6,OPEN,MID,PIVOT,4,2,3,3,4,"Friendy – The Friendship Game (build a friendship bracelet together) – visits not shown – roblox.com/games/95745815132426; Perlerbeads Simulator (bead placing, solo) – visits not shown – roblox.com/games/105050916713182; Roblox Friendship Bracelet is only a catalog item (Sep 2024)","unverified (evidence 'none'; Eras Tour ended; only Etsy/App Store 'Friendship Bracelets' app seen, no trend numbers)",Letter beads = player-written text (moderation/filtering required); Taylor Swift/Eras IP if referenced; earning only via gifting to other players has no bot fallback in empty servers,Lane is open but the demand hook is a dated adult-fan trend and the gift-only economy dies in low-pop servers.,Let NPC 'fans' at the concert accept and rate bracelets (bot fallback) and restrict letter beads to a preset word list.,"Pick beads from a bead RNG tub (letter beads, glow beads, rare charms) → string a bracelet → you can only earn by GIFTING/trading to other players",Economy runs on giving: bracelets you give earn you 'friendship' points; bracelets you receive stack on your arm (showoff); crowds at the 'concert' event every 10 min,Eras Tour friendship-bracelet trading culture,Collecting subculture
39,STM-003,Type a Spell to Raid the Tower,21.6,OPEN,MID,PIVOT,4,3,3,3,3,"Wizard Arena (voice spells, PvP) – n/a – roblox.com 2026; Magic Training (chat-typed incantations, old) – n/a – fandom; no typed-spell co-op tower raid found","partly verified: YAPYAP exists (Steam, Feb 3 2026, co-op minions raid a rival wizard's tower with voice spells); the 500K/700K sales figures were not seen",typing under time pressure is bad on mobile/console (most Roblox players); any shown typed text needs TextService filtering; YAPYAP-like presentation risks looking like a copy,"The co-op wizard-raid lane is open on Roblox, but a typing-only input shuts out the mobile majority.","Replace free typing with a fast 3-rune combo pad (tap sequences, mobile-friendly) where wrong combos still misfire into random funny spells, with a keyboard shortcut on PC.","4 minion wizards break into a rival's tower, type incantations into a spell bar (LEVIOSA, FISHIFY) to float loot, clone, teleport; trash rooms for score before the tower wizard wakes",Roblox voice is 13+/ID-gated so spells are TYPED under time pressure; typos cast random wrong spells (turn your friend into a fish) = clip moments,"YAPYAP (voice-spell co-op, Feb 2026)",Friendslop co-op
40,MSH-004,"Find the Key, One of Us Hid It",21.4,CROWDED,MID,KEEP,3,4,4,4,4,"Search For The Needle (Garage Games, released Aug 23 2026) – 30.2M visits, 22,530 CCU Sep 23 2026, ~35K CCU earlier – robolibrary/searchfortheneedles.wiki (note: idea claimed 66.2M visits, not seen); Roblox Impostor/Among Us-likes (ROBLOX Impostor wiki) – no numbers; MM2 occupancy per idea evidence not re-checked; no traitor search-pile game found",verified: Search For The Needle 22.5K CCU on Sep 23 2026 with Chapter 3 live,Deduction needs ~8+ players – add solo/duo mode vs NPC Burier; fad risk (cozy-search wave is 5 weeks old); junk-pile physics can lag with 12 players,"Rides a verified 22K-CCU search trend with a social traitor twist no clone has, and reuses a simple dig-pile tech.",,Dig through a cozy junk pile -> find keys/fakes -> meeting bell rings -> vote the Burier -> next pile gets bigger and weirder,Twist: 12 players search one giant junk pile for 3 golden keys; one secret Burier can re-hide found keys and plant fake ones; vote him out before the timer ends,"Parents: cozy search roguelite (Search For The Needle) x round-based deduction (MM2). Takes the hottest cozy-search loop but adds a traitor so it is social, not solo.",Format mashup: cozy search roguelite (Search For The Needle) x round-based deduction (MM2)
41,TRD-081,Unclog the Drain,21.4,CROWDED,HIGH,PIVOT,3,3,4,4,5,"MANUAL RECHECK: Drain Simulator (real water sim, unblock drains); +1 Drain Water Per Click (Sportskeeda guide) (web search 9/27) || not searched: session WebSearch budget exhausted",unverified: #oddlysatisfying 69.8B TikTok views claim not re-checked,Gross-out art must stay cartoony (no realistic hair or sewage); otherwise clean,"PROVISIONAL (lane unchecked): a pull-and-roll-rarity loop (like fishing RNG) with tool upgrades and consumable luck is high-money, clip-friendly and very cheap to build.",,Snake a drain with a tool; pull out the clog; length and weird items inside roll rarity,"Gross-out RNG loot (lost rings, action figures, a live frog)",Plumbers pulling giant hair clogs (gross-satisfying),satisfying/gross
42,MSH-126,Fuse a Duo Aura,21.2,CROWDED,HIGH,KEEP,3,3,4,3,4,"Sol's RNG – visits not seen in snippet – roblox.com/games; Aura RNG – visits unknown, has aura combining and a friend-luck bonus – Rolimons/Fandom; Project Aura RNG – visits unknown – ProGameGuides Sep 2026; Heroes RNG – visits unknown; synchronized duo-fusion auras not found",unverified (Sol's RNG 2.1B not seen); aura-RNG lane confirmed active,"a crowded aura-RNG genre dominated by Sol's RNG; the duo aura needs a solo fallback (e.g., an NPC 'spirit' partner)",It keeps the high-money RNG loop while adding a co-play reason that none of the found aura games have (they only have friend-luck bonuses).,,Pair with a friend -> both roll at the same moment -> matching tiers fuse into a duo aura -> duo aura glows only when you stand together -> duo leaderboard,Twist: two friends roll at the same time; matching tiers fuse into a duo aura that only works when both stand together,Parents: RNG aura rolls x co-op pairing. Gives RNG players a reason to bring a friend (co-play days signal).,Format mashup: RNG aura rolls x co-op pairing
43,HOB-002,Shake a Blind Box,21.2,CROWDED,HIGH,KEEP,3,3,4,3,4,"Popmarket Simulator – visits unknown, a Pop Mart/Labubu blind-box store sim with codes coverage Aug–Nov 2025 – Rolimons/GameRant/TryHard; UnBox BlindBoxes! – visits unknown, box trading and night-time box stealing – roblox.com/games; Mystery Box Simulator (shake your box for coins) – visits unknown – roblox.com/games; Unboxing Simulator – visits unknown – Rolimons; shake/weigh-to-read skill mechanic not found",verified: Labubu/Pop Mart blind boxes with a rare 'secret' figure are real (Wikipedia); sales/revenue figures not re-checked; hype peaked in 2025,Pop Mart/Labubu IP (figures must be original); gacha look; the craze may be cooling by late 2026,"The blind-box lane is active but no competitor found uses the 'read the box' skill layer or shared-shelf sniping, and the game monetizes like a collection game.",,Pick a box off the shelf → shake/weigh minigame gives faint hints → open for figure RNG (secret 1/144) → complete series shelf → trade dupes,"Skill-assisted gacha: shaking/weighing gives real but noisy info, so good players 'read' boxes; the shelf is shared so other players can snipe the box you just identified as the secret",Labubu/Pop Mart blind-box craze + real 'shake and weigh the box' TikTok technique to guess the secret,Collecting subculture
44,MSH-033,Clean a Friend's Base,21.2,CROWDED,HIGH,KEEP,3,4,4,3,3,"Wash The House (Crystal Clean) – 11,978,092 visits, 31,460 players – rolimons/fandom snippet 2026; Dig & Clean (Squeaky Clean!) – visits n/a – fandom; Cleaning Simulator (BRIBBLECO) – n/a; Clean Crew, Clean the WORLD!, Clean Everything – n/a – roblox.com. None found with offline-dirt decay or cleaning other players' bases for tips.",verified: Wash The House 12M visits / 31.5K players (snippet); Dig & Clean and Clean a House numbers not re-checked,"offline decay that costs income can feel punishing, so cap the loss; strangers entering bases need anti-grief rules (cleaning only, no stealing)","Cleaning is a verified hot lane, and the 'your base gets dirty offline, strangers clean it for tips' social economy was not found anywhere, while giving the idle-tycoon parent a D1 hook.",,Earn from your generators -> base dirties -> hop to others' bases and clean for tips -> come back to a sparkling (or filthy) base,"Twist: your own base gets dirty while you're offline and loses income; other players can clean it for tips, so cleaning is a social job market",Parents: collect -> passive income -> rebirth x cleaning ASMR. Offline decay creates a D1 return reason and a reason to visit strangers.,Format mashup: collect -> passive income -> rebirth x cleaning ASMR
45,TRD-001,Swap a Blind Box,20.8,CROWDED,HIGH,PIVOT,2,4,5,4,4,MANUAL RECHECK: UnBox BlindBoxes! (unbox + trade + collections); Popmarket Simulator (web search 9/27) || Labubu Unboxing Simulator 1M+ visits per idea record (not re-verified; not checked: session WebSearch budget (200) exhausted before this idea),unverified this session (Pop Mart revenue figures from idea record not seen; search budget exhausted),Must use original figures (Labubu/Pop Mart IP); paid blind boxes need odds disclosure; trade-only duplicates stall in empty servers,"[provisional, lane unchecked] Blind-box RNG plus forced duplicate trading and a visible set-completion pendant is top-tier monetization, though unboxing sims are a common genre.",,"Open a box, reveal figure; duplicates go on your public swap board; walk the plaza and trade to finish a 12-figure series","Duplicates are worthless unless traded, so every box forces a social trade; finished sets unlock a wearable plush pendant everyone sees",Labubu / Pop Mart blind-box craze and duplicate-swap meetups,collectibles/blind-box
46,MSH-129,Don't Drain the Fountain,20.6,OPEN,MID,PIVOT,4,2,2,3,4,"No commons-dilemma fountain found. Adjacent: Throw a Coin (RNG fountain incremental, active codes Sep 2026 per PCGamesN/ProGameGuides; no visits surfaced), PLS DONATE, DONATE TO ALL (rolimons), The Donation Game – roblox.com, Sep 2026",unverified: evidence 'none'; no Roblox proof that a public-goods dilemma retains players,needs large full servers to feel real; 'secretly take' invites griefing and player frustration; fountain/coin toss visuals close to gambling look if RNG payouts added,Original streamer-bait social twist but unproven demand and it only works in big full servers.,"Make the fountain a server-wide event layer on top of a normal solo job/collection sim, with the break threshold scaled to current player count.",Earn coins from small jobs -> drop some into the server fountain -> fountain grows and pays everyone each hour -> anyone may secretly take coins -> if takings pass the limit it breaks for all,"Twist: a server fountain fills with coins; anyone can take at any time, but if too much is taken the fountain breaks for everyone",Parents: 100-player server goal x public-goods dilemma. Tragedy of the commons as a game.,Format mashup: 100-player server goal x public-goods dilemma
47,PTY-088,Play MASH,20.4,OPEN,MID,PIVOT,4,2,3,3,3,"No MASH game found on Roblox (only unrelated 'Melee Mash Revenge', 'Fortune Fighters'); MASH exists as web/app versions",unverified (#2016 nostalgia numbers from Forbes/ABC not seen in my search),Classic MASH has a spouse/crush category = romance/dating content not allowed for kids; many result rooms to build,"Open lane with a neat fortune-RNG hook, but MASH is millennial nostalgia with weak Gen Alpha recognition and the spouse category is a policy risk.","Drop the spouse category and make the rolled future (house/pet/job/car) a persistent plot you collect and upgrade, with rarer futures as the chase.","Pick lists (house, pet, job, car); draw a spiral to get your number; the game crosses items out; your fortune is revealed and you get a mini-home to live in",RNG fortune with a collection of futures and a playable result room; share cards with friends; daily MASH,M.A.S.H. fortune game + cootie catcher,Party / sleepover game
48,STM-063,Swap Your Shell Crab Brawl,20.4,OPEN,MID,PIVOT,4,2,3,3,3,"Shells (cozy shell-collecting w/ hermit crab companion, not PvP) – 3.48M visits – Rolimons/ProGameGuides Aug 2026; Crab Tycoon – no numbers seen; no hermit-crab shell-theft brawler found",unverified: Another Crab's Treasure (2024) is a niche indie; no trend data seen for crab/shell theme on Roblox beyond Shells' modest 3.48M,'doll head' shell is mildly creepy for kids; PvP needs players (bots feasible),"The PvP shell-theft niche is empty, but demand is unproven and a brawl alone monetizes weakly.","Make shells an RNG rarity collection with a base to protect/steal from, so theft feeds a steal-protect economy instead of a round brawl.","Hermit crabs wear trash as shells (can, cup, doll head) with different stats; knock rivals out of their shell and steal it",Knock a rival out of their shell and steal it; rare shells (golden can) drop by RNG from the tide,Another Crab's Treasure (2024),PvP arena
49,MSH-086,Raise the Server Baby,20.2,UNCHECKED,MID,KEEP,3,3,3,4,4,not searched: session WebSearch budget exhausted; the Build the Pyramid! and Animal Hospital figures in the idea record were not re-verified,unverified,Avoid the 'Tamagotchi' name (Bandai trademark); a shared creature on quiet servers needs its meter pace scaled to player count,"PROVISIONAL (lane unchecked): a shared, evolving server creature is clip-friendly, works with few players when pacing scales, and sells consumable food items, but it needs an occupancy check.",,"Feed, clean and play with the giant server baby -> meters rise -> hourly evolution chosen by what the server fed it -> baby picks a favorite caretaker","Twist: 100 players raise one giant baby creature; its evolution depends on what the server fed it, and it picks a favorite",Parents: Tamagotchi care (Adopt Me) x 100-player server goal. Collective pet is new and clip friendly.,Format mashup: Tamagotchi care (Adopt Me) x 100-player server goal
50,SSN-013,Stitch a Monster,20.2,CROWDED,HIGH,PIVOT,3,4,4,4,3,"MANUAL RECHECK: Body Part RNG — roll rare body parts, build character, fight bosses, updated Jun 29 2026 (web search 9/27) || stitch-creature lane not searched (budget exhausted); adjacent verified: Ball VS Ball (physics roll-to-fight) – 41,246,008 visits, 31,638 playing – Rolimons/allthings.how, Sep 2026","verified (adjacent): physics duel + gacha is hot (Ball VS Ball 31.6K playing, Sep 2026)",body-part theme must stay cartoony (no gore); ragdoll creatures from arbitrary part combos need careful physics tuning; Halloween is ~5 weeks away so a 1-month build is tight,Provisional (lane unchecked): part-RNG plus lopsided ragdoll duels rides the proven Ball VS Ball wave with high monetization and an evergreen theme.,,Collect body parts (RNG rarity) → stitch a creature on the slab → lightning-zap it alive → it ragdoll-battles another player's creature,Part RNG + physics creature duel; lopsided builds are funny clips; evergreen,Frankenstein + physics auto-battler wave,Seasonal-Halloween
51,MSH-116,Race the Server Marbles,20.2,CROWDED,HIGH,PIVOT,3,3,4,4,4,"MANUAL RECHECK: Limited Marble Race (server marbles fill), Marble Racing With 100/200 Marbles, Marble Race Creator (web search 9/27) || not searched (search budget exhausted)",unverified this pass (Sol's RNG figure not re-seen),cheer tokens must never become betting on race outcomes (gambling look); physics race needs server-authoritative sim to avoid desync,"Provisional (lane unchecked): rolled marbles with rarity stats racing every 3 minutes join RNG collection to a spectator moment, and it is simple to build.",,"Roll a marble (weight, grip, bounce by rarity) -> upgrade it -> server race every 3 min on a physics track -> cheer with free tokens -> podium and trophy shelf",Twist: each player rolls a marble with rarity stats; every 3 minutes all marbles race on a long physics track; fans cheer,Parents: RNG aura rolls x marble race spectacle. Marble race videos are popular; soft currency only.,Format mashup: RNG aura rolls x marble race spectacle
52,MSH-043,Win the Mop Race,20.2,UNCHECKED,MID,KEEP,3,3,3,4,4,"search budget exhausted; idea-supplied (not verified by me): Wash The House ~12M visits/31.5K CCU, Dig & Clean ~27.8K CCU, Clean a House 66M visits",unverified (search budget exhausted),none major,"Provisional: cheap to build, and it gives the cleaning genre a new competitive twist, but the cleaning numbers need a recheck.",,Mop a lane -> clean floor gives speed -> overtake -> upgrade mop -> longer halls,Twist: each player's lane is a filthy hallway and speed only comes from how clean the floor behind you is; mop combos stack speed,Parents: cleaning ASMR x incremental runner. Makes cleaning competitive and fast; very buildable.,Format mashup: cleaning ASMR x incremental runner
53,MSH-001,Breed a Battle Monster,20.2,CROWDED,HIGH,PIVOT,3,4,4,4,3,"MANUAL RECHECK: Catch And Tame! (breeding, 430.8M visits) + Ball VS Ball (roll-to-fight, 41M visits/31.6K CCU) both occupy parents (web search 9/27) || Ball VS Ball (ATYS 3, roll-to-fight) – 41M+ visits, 31,638 players – rolimons/roblox.com snippet Sep 2026 (adjacent); Breed An Animal – visits n/a, merge/breed idle collector – roblox.com; Coach a Fighter! – 652.7K visits – search snippet Sep 2026 (adjacent). No breeding auto-battler found.",verified: Ball VS Ball 41M+ visits in ~1 month with 31.6K players (snippet); Mewgenics 1M sales not checked,"'second parent must be another player's fighter' must work async via a stored stud board, never needing live partners; the mutation roll must not look like gambling","The breeding plus auto-battle lineage is unoccupied next to a hot roll-to-fight trend, and mutations, retirement and stud fees give a dense sink loop.",,Pick 3 of your monsters -> 1v1 auto-battle vs a random player -> winners go to the nursery -> pair with a friend's champion -> hatch a mutated kid for the next fight,"Twist: fighters retire forever after 3 losses, so you must breed winners first; the second parent must be ANOTHER player's fighter (stud board), kids inherit one move from each parent + mutation roll",Parents: roll-to-fight auto-battler (Ball VS Ball) x breeding roguelite (Mewgenics). Mewgenics proved breeding+fights sells; Ball VS Ball proved Roblox roll-to-fight demand.,Format mashup: roll-to-fight auto-battler (Ball VS Ball) x breeding roguelite (Mewgenics)
54,HOB-003,Rip a Box Break,20.0,CROWDED,HIGH,KEEP,3,3,4,3,3,"TCG Card Shop Simulator – 7.9M visits, 252.6K favorites – search snippet Sep 2026; TCG Shop Simulator, Trading Card Simulator, Card Shop Friends – visits unknown; none found doing spot-based group breaks",unverified (Pokémon print/resale figures not re-searched); the card-opening lane on Roblox is active,"paying Robux for a random spot/outcome reads as gambling/loot box (keep spots in soft currency, disclose odds); needs a populated server (needs NPC breaks and bot fill)","Group-break theater is a real twist on an active card-opening lane with no occupant found, and it monetizes like a collection game.",,Buy a spot (a team/type) in the next 5-min server break → the host (rotating player or NPC) rips packs live on a big screen → cards matching your spot fly to you → sell/showcase,"Collective RNG theater: 20 players watch one case opened together, cheering when their spot hits; players can host breaks for others and earn a cut","Live 'box breaks' in the card hobby: buyers purchase spots/teams, host opens a sealed case on stream, hits go to spot owners",Collecting subculture
55,STM-025,Tap Along With Your Cat,19.8,UNCHECKED,HIGH,PIVOT,2,3,4,3,5,not searched – session web search budget exhausted,unverified: Bongo Cat Steam CCU claim not seen,Bongo Cat is owned IP/meme character – must use an original cat; hat-drop chests need non-gambling framing,"UNCHECKED (provisional): cheap idle hat-drop trading loop, but the hook is a specific IP and idle tappers are likely occupied.",Original drumming cat with a server-sync 'jam' multiplier as the sole hook and no Bongo Cat branding.,Tap to make your cat drum; taps fill a chest meter that drops random hats; hats trade,Server drum circle: when many players tap in sync the whole room's hat odds multiply,Bongo Cat (Steam idle hit),Idle / social
56,PVP-085,Beat the Squirrel Maze,19.6,OPEN,LOW,PIVOT,4,3,2,4,3,"Only 'Squirrel' (steal acorns/escape, different mechanic) found – roblox.com, Sep 2026; no build-maze vs squirrel game",verified (partial): Mark Rober 'Backyard Squirrel Maze 1.0/2.0' videos exist (YouTube/Facebook); view counts not seen,do not use Mark Rober name/likeness; 90s build phase needs a robust grid build tool; needs 2+ players per round,"Open lane with a strong asymmetric clip hook, but a pure round game earns little.","Add a persistent unlockable trap/obstacle collection (rarity parts) plus squirrel skin collection, with bot squirrels so a solo builder can test mazes.",Homeowner player builds a baffle maze around a bird feeder in 90s; squirrel players try to reach the seed; swap,Build-defense vs parkour-runners; YouTube format,Mark Rober's squirrel obstacle-course videos,asymmetric build
57,PVP-094,Bowl a Strike,19.6,OPEN,LOW,PIVOT,4,2,2,4,4,"No player-as-pins game found; conventional bowling games: KingPin Bowling Simulator, RoBowling, Bowling Simulator (pins with friends' faces), The Lanes Bowling, Blox Sports [100 PINS] – no numbers surfaced – roblox.com, Sep 2026",unverified: evidence 'none'; human-bowling exists as mobile apps/party rentals only,needs ~11 players per round unless bots fill pins,"Open, cheap and clip-friendly, but unproven demand and cosmetic-only party money.",Fill missing pins with ragdoll bots and add a rarity ball/trail collection so it runs with 2 players and monetizes.,One player is the bowling ball; 10 players are pins who must stay standing; ball scores knocked pins; rotate,Being a pin is suspenseful; strike = 10 ragdolls clip,Bowling; human bowling clips,asymmetric 1-vs-many
58,MSH-107,Roll to Climb,19.4,UNCHECKED,MID,PIVOT,3,3,3,4,5,search budget exhausted; idea-supplied (not verified by me): Sol's RNG 2.1B+ visits,unverified (search budget exhausted),Pure-luck race feels random and unfair with no skill; 'curse rolls' on leaders can feel griefy,"Provisional: very buildable and clear to watch, but pure-luck rounds leave nothing to invest in.","Add persistent luck/aura upgrades and roll-boost consumables carried between rounds, so players progress toward rarer rolls.",Roll -> climb floors equal to the tier -> send a curse roll to whoever is ahead -> first to the roof wins a crown -> 5-minute rounds,Twist: your movement is a roll: each roll moves you up the tower by its rarity tier; you can gift 'curse rolls' to leaders,Parents: RNG rolls x tower race. Snakes-and-ladders energy.,Format mashup: RNG rolls x tower race
59,STM-047,Dispatch the Heroes,19.2,CROWDED,HIGH,PIVOT,3,3,4,3,4,"MANUAL RECHECK: 911 Dispatch Simulator (Mutual Aid update), Emergency Dispatch Simulator (~66 playing, robloxgames.org) (web search 9/27) || not searched: session WebSearch budget exhausted",unverified: the 'Dispatch (2025)' hit is claimed but no number was seen,"'Dispatch' is an owned IP (AdHoc Studio), so use an original name, heroes and art","PROVISIONAL (lane unchecked): RNG hero collection plus an idle dispatch job loop sells well and is solo-buildable, but it needs an occupancy check before committing.",,City map fills with emergencies; drag heroes from your roster to calls; heroes' traits decide success; earn rank and new hero pulls,Hero-collection RNG wrapped in a dispatcher job; players can lend heroes to friends' cities,Dispatch (2025),Job sim / collection
60,MSH-014,Rebirth the World,19.2,UNCHECKED,HIGH,PIVOT,3,3,3,3,4,not searched: session WebSearch budget exhausted; Build the Pyramid! 4.3K CCU/1.1M visits comes from the idea record and was not re-verified,unverified,A forced server-wide reset voted on by strangers will anger paying players; the 60% vote needs a populated server; players can server-hop to dodge,"PROVISIONAL (lane unchecked): a shared rebirth event is a good clip moment, but a forced reset of everyone's progress by majority vote is a retention and refund risk.","Make the World Tree rebirth opt-in: players who join the rebirth get the permanent server-tier bonus, and holdouts keep their progress",Farm coins -> feed the World Tree -> vote to rebirth -> server-wide reset cutscene -> tier +1 for all,"Twist: the whole server rebirths together: when the World Tree is maxed, 60% of players must vote yes; everyone resets but the server gains a permanent tier; holdouts get a 'Stubborn' title",Parents: collect -> passive income -> rebirth x 100-player server goal (Build the Pyramid). Turns the most solo mechanic in simulators (rebirth) into a server event.,Format mashup: collect -> passive income -> rebirth x 100-player server goal (Build the Pyramid)
61,MSH-045,Care for a Fighter Pet,19.2,CROWDED,HIGH,PIVOT,3,4,4,3,3,"Battle Pet (Tomato2, pet-collecting team battler, launched May 2026) – ~5,589 CCU in beta – allthings.how, 2026; Ball VS Ball – 41.2M visits, 31,638 playing – Rolimons, Sep 2026; Pet Battle Simulator, Pet Fighting Square, Battle Pets – visits not surfaced – roblox.com, undated",verified: pet battlers live (Battle Pet ~5.6K CCU); Animal Hospital figures in idea not re-seen,real-time neglect penalty punishes kids who can't play daily; pet-sitting needs friends online,"Care-driven stats is a real differentiator, but pet battlers are already 5K+ CCU and a neglect-loses loop drives churn rather than return.","Make care grant stacking temporary buffs on top of a baseline (neglect never drops below base), with auto-feeder/auto-play passes as the painkiller.",Care chores -> fight a player's pet -> win treats -> friends pet-sit while you're offline,"Twist: your pet's fight stats come only from real-time care (feeding = HP, play = speed, sleep = crit); neglected pets lose, and friends can pet-sit",Parents: Tamagotchi pet care (Adopt Me raising) x roll-to-fight auto-battler. Care loop gives D1 return; fights give stakes.,Format mashup: Tamagotchi pet care (Adopt Me raising) x roll-to-fight auto-battler
62,RES-026,Breed a Snake,19.2,CROWDED,HIGH,PIVOT,3,3,4,3,4,"MANUAL RECHECK: Breeding-with-mutations format owned by Catch And Tame! (430.8M visits, 11.7K CCU, 221K peak); no snake-morph genetics game found — proves demand but needs a distinct hook (web search 9/27) || Snake Simulator, Be a Snake, Snake Game (slither-style grow, not breeding) – no numbers – roblox.com; no Roblox snake-morph breeding game found","verified: MorphMarket lists 27,900+ ball pythons for sale (US & Canada) - real-hobby signal, not Roblox demand",Snakes put some kids off; keep morphs colorful and stylized,"No Roblox occupant for morph breeding, a real collector hobby behind it, and visible-trait gacha breeding is a proven high-monetization loop that is cheap to build.",,Pair snakes → incubate → hatch morphs,Simplified 2-trait visible genetics as gacha,Ball python morph community,research-sourced
63,MSH-031,Put Fighters to Work,19.2,CROWDED,HIGH,PIVOT,3,4,4,3,3,"MANUAL RECHECK: RNG Arena, RNG Fights, Tycoon RNG (roll droppers → tycoon) occupy both parents (web search 9/27) || search budget exhausted for mashup check; verified parent: Ball VS Ball – 41.25M visits, 31.6K CCU – Rolimons Sep 2026","verified: Ball VS Ball 41.25M visits / 31.6K current players (Rolimons, Sep 2026)",Roll-to-fight clones are multiplying fast; balancing income vs arena needs care,Provisional: it rides a verified hot parent (Ball VS Ball) and adds a real work-vs-fight choice to a high-monetization collect/idle loop.,,Roll fighters -> assign to shop jobs or arena -> shop earns passively -> arena wins give trophies -> rebirth shop,"Twist: the fighters you roll also staff your shop; every fighter you send to the arena is one fewer worker, so you trade income vs trophies",Parents: collect -> passive income -> rebirth x roll-to-fight auto-battler. Joins the two strongest 2026 simulator engines with a real allocation choice.,Format mashup: collect -> passive income -> rebirth x roll-to-fight auto-battler
64,HOB-006,Complete the Sticker Album,19.0,UNCHECKED,HIGH,PIVOT,3,2,4,3,4,not searched – session web search budget exhausted,unverified: evidence 'none'; World Cup 2026 ended July 2026 so seasonal hype has decayed,Panini/FIFA/player names are owned IP – must be original; pack-opening needs care to avoid gambling look; trading required means low-pop servers stall (add NPC swap vendor),"UNCHECKED (provisional): pack-open + trade-to-complete is HIGH density, but the World Cup framing is dead and IP-risky.","Use an original evergreen album theme (creatures/brainrot-style characters) with seasonal pages, keeping the got/got/need trading plaza.",Open sticker packs → stick into album slots (satisfying peel-stick) → swap duplicates on the trading plaza → complete pages for rewards,Album completion needs trading with real players — duplicates are useless alone; 'shiny' foils and misprints add RNG; plaza has swap tables,"Panini World Cup sticker album swapping ('got, got, need'), World Cup 2026 hype",Collecting subculture
65,STM-012,Breed a Dungeon Cat,19.0,CROWDED,HIGH,PIVOT,3,3,4,4,3,"MANUAL RECHECK: Catch And Tame! — breed animals with mutations: 430.8M visits, 11.7K CCU, 221K peak, 98% rating (LevelUpPlay/Rolimons snippets 9/27) || not searched (search budget exhausted)",unverified: Mewgenics 1.7M units figure not re-seen,do not copy Mewgenics name/art/characters; permadeath can upset young players (ghost mechanic softens it); breeding genetics + dungeon auto-battle + PvP is a lot for 1 month,Provisional (lane unchecked): cat breeding with visible mutations plus auto-battle runs is a strong collection/showoff loop with high monetization.,,"Pair cats in your house -> kitten inherits stats and weird mutations -> send a party of 4 cats on an auto-battle dungeon run -> survivors return scarred and stronger, fallen cats become ghosts",Genetic RNG + permadeath roguelite; trade and show off mutant cats; PvP cat arena weekly,Mewgenics (Feb 2026),Roguelite / collection
66,TRD-033,Bounce Bunnies at Night,19.0,CROWDED,HIGH,PIVOT,3,2,4,4,4,"MANUAL RECHECK: Bunny Tycoon (merge rare bunny variants), Bunny Game 13.2M visits (web search 9/27) || not checked: session WebSearch budget (200) exhausted before this idea",unverified (search budget exhausted),None major,"[provisional, lane unchecked] Trap-baiting bunny RNG with server-night rare spawns and fox theft gives collection plus steal-protect painkillers on a small backyard map.",,Set traps of treats around your backyard trampoline; bunnies arrive at night and bounce; catch rare bouncers on cam,Night cycle scheduling: server night brings rare bunnies; bunnies can be stolen by foxes,Night-cam 'bunnies on a trampoline' viral clip,collectibles/animal
67,MSH-030,Roll a Role,19.0,CROWDED,HIGH,PIVOT,3,4,4,4,2,"Murder Mystery 2 dominates genre (MM2 roblox.com/rolimons, visits not re-checked); Murder Mystery X, Murder Mystery V, Murder Mystery 1; Item Asylum 'MU' mode already has rare Jester/Watchdog roles – item-asylum fandom, Sep 2026",unverified: MM2 1.35M CCU / Sol's RNG 2.1B figures not re-checked; MM genre existence verified,selling luck toward strong roles = pay-to-win in PvP; 40-role balance is a large design/QA burden; needs 8+ players,"Rolled-role rarity on MM rounds is monetizable and clip-friendly, but MM2 owns the genre and 40 roles is not buildable in a month.","Launch with ~12 roles where rarity is cosmetic-flashy and power-neutral (side objectives, not stronger kills), and sell luck/aura effects only.",Roll a role -> play a MM2-style round with that role's ability -> collect roles in a dex,"Twist: every round each player rolls from 40 roles (sheriff, twin, jester, medic, ghost) with rarity; ultra-rare roles are flashy and rarely seen, so pulling one is a clip",Parents: RNG aura rolls (Sol's RNG) x round-based deduction (MM2). Gacha rarity layered on a proven deduction round; role balance is the risk.,Format mashup: RNG aura rolls (Sol's RNG) x round-based deduction (MM2)
68,MSH-090,Stand Near the Lucky One,18.8,UNCHECKED,HIGH,PIVOT,2,3,3,3,5,"Parent lane confirmed crowded (Sol's RNG, Aura RNG, Zenith RNG, RNG Gods – roblox.com/gamezebo Sep 2026); proximity-luck feature occupancy not searched (budget exhausted)",verified (parent): Sol's RNG remains the top luck-RNG game (roblox.com/Pocket Gamer 2026),"Tipping between players needs Robux-safe design (no direct Robux transfer); it is a feature, not a standalone game",Provisional: proximity luck is a nice social feature but too thin to differentiate a game in the crowded aura-RNG lane on its own.,Fold it into MSH-072 or MSH-050 as a secondary mechanic rather than shipping it as its own game.,Roll auras -> someone pulls a rare -> nearby players rush over for a 60s luck aura -> they tip the lucky player -> lucky player's crowd size is shown on the board,Twist: standing near a player who just pulled a rare aura gives you a luck boost; the lucky player gets tips,Parents: RNG aura rolls x proximity luck. Turns luck into social gathering.,Format mashup: RNG aura rolls x proximity luck
69,TRD-057,Invade the Pitch,18.6,OPEN,LOW,PIVOT,4,2,2,3,4,"none found – 2 searches (a Jun 2026 YouTube short 'Pitch invasion on a Roblox football' shows it happening as an emergent moment inside football games, not a dedicated game)",unverified (TikTok WC numbers not re-searched); pitch-invader clips are evergreen but the World Cup peak has passed,asymmetric roles need a full server (needs NPC stewards); real-star likeness must stay fictional; streaker associations,"The lane is open, but a pure round-based chase with cosmetics monetizes poorly and the WC hook has cooled.","Make NPC stewards the default, with invader collection/progression (outfits, slide/fake-out abilities, style multipliers, stadium tiers) so it works solo and sells boosts.",Invaders sprint onto the pitch to high-five the star striker; stewards (players) tackle them; points for distance and style,Clip-built chaos: invaders use fake-outs and slides; stewards get upgrades,Pitch invaders and World Cup viral moments,asymmetric/sports
70,MSH-010,Spot the Traitor Squad,18.6,OPEN,LOW,PIVOT,4,3,2,3,3,"Ball VS Ball (roll-to-fight) – 41.25M visits, 31.6K CCU – Rolimons Sep 2026 (brief's 14.7K is outdated/low); Units Battlegrounds (auto battler) – no numbers; Impostor | Among us – no numbers; no auto-battler+traitor hybrid found","verified: Ball VS Ball 41.2M visits / 31.6K current players (Rolimons, Sep 2026); MM2 figures not re-checked","Needs ~8 players to work, with no clear bot fallback; hard to tell a sabotaging player from bad RNG, so votes feel random","The hybrid is new, but deduction breaks when a weak unit might just be a bad roll, and party rounds monetize at ~18% of collection games.",Make the saboteur's actions visible but ambiguous (they secretly pick the reroll for a teammate's slot) and cap rounds at 4 players with bots.,Roll a unit -> place it on the shared board -> watch the auto-fight -> call a vote on whoever ruined the team -> harder boss,Twist: 8 players each add units to one shared team fighting waves of bosses; one traitor slips in weak units and swaps positions; vote between waves,Parents: roll-to-fight auto-battler (Ball VS Ball) x round-based deduction (MM2). Uses auto-battler as the task layer of an Among-Us-style round.,Format mashup: roll-to-fight auto-battler (Ball VS Ball) x round-based deduction (MM2)
71,WEB-044,Send the Tower Troops,18.6,OPEN,LOW,PIVOT,4,2,2,3,4,"Tower Wars (5962318698) – no numbers; Towers War (Doomspire copy, different mechanic); Conquest: Napoleonic Wars (RTS drag-select) – no numbers; no drag-to-send tower-capture game found","unverified: Tower War - Tactical Conquest (SayGames) exists on iOS/Android, but the $3.5M / 9.5M install figures were not seen",Alliances in chat mean text moderation reliance; 4-player live map needs bots for empty servers,"Buildable and unoccupied on Roblox, but a skins-only round strategy game monetizes poorly and hypercasual demand may not carry over.","Add a collectible troop/commander roster (RNG rolls, upgrades) that you bring into matches, so there is progression to spend on.",Drag from your towers to send troops to capture neutral/enemy towers,4-player live map; alliances form in chat and break; tower skins as showoff,Tower War (SayGames),Hybrid-casual
72,SSN-024,Get Invited In,18.4,OPEN,LOW,PIVOT,4,2,2,4,3,"No invite-to-enter vampire game found; Vampire Hunters 1-3, Thirsty Vampire, DOORS vampire bundle (cosmetic only) – roblox.com/X, Sep 2026",unverified: evidence 'none',core loop is chat persuasion: under-13 chat restrictions and text moderation break it; manipulation/'let strangers in' theme may be a safety concern for kids; needs several humans,"Original hook but its only weapon is free chat persuasion, which Roblox's audience and chat rules undercut.","Replace chat persuasion with visual disguise deduction (peek-hole tells, preset emote/quick-chat lines) so the door decision works without free text.","Humans hold houses; vampires can only enter if a human opens the door; vampires disguise, persuade, and trick in chat",Social-persuasion horror: the only weapon is getting someone to say 'come in',Vampire folklore (must be invited),Seasonal-Halloween
73,MSH-026,Break the Giant Wall,18.2,CROWDED,MID,KEEP,3,3,3,3,4,"Block Breakout (Clingco, Idle Breakout-inspired, balls + cards + upgrades) – 4.15M visits, created Jun 26 2026 – Rolimons, Sep 2026; no 100-player co-op brick-breaker found",unverified: Ball x Pit 2M sales not checked; Block Breakout 4.15M visits in ~3 months shows Roblox players want ball-upgrade brick breakers,100 players each firing many physics balls at one wall is a server performance risk (needs client-side ball sim); needs a bot fallback for low-pop servers,"The solo idle brick-breaker already has one live mid-size occupant, but the shared descending-fortress co-op twist is unoccupied and cheap to build.",,"Aim and launch balls -> bricks drop coins -> buy ball types (fire, split, pierce) -> fortress tiers every 5 min",Twist: 100 players each fire their own upgradable balls at ONE descending brick fortress; if it reaches the ground the server loses its streak,Parents: brick-breaker survivors (Ball x Pit) x 100-player server goal (Build the Pyramid). Ball x Pit is a proven solo-dev mashup on Steam; 100-player co-op is the Roblox-native twist.,Format mashup: brick-breaker survivors (Ball x Pit) x 100-player server goal (Build the Pyramid)
74,RES-020,Smash Cones as a Seal,18.2,UNCHECKED,MID,PIVOT,3,3,3,4,4,not searched (search budget exhausted); idea says generic seal games only,unverified: CNN Jul 11 2026 / AU$31K damage story not re-seen; meme is ~2.5 months old,real animal news story fades fast; destruction of 'towns' should stay cartoonish,"Provisional (lane unchecked): a grow-and-smash loop with RNG mutants is buildable and clip-friendly, but a single July meme is a short-lived hook.","Make it an evergreen 'grow a chaos animal' game with RNG species/mutations, using the seal only as the launch starter.","Grow bigger, flatten cones, signs, towns",Server damage-bill leaderboard; RNG mutant seals,"Neil the Seal (TikTok fan page 1.7M, CNN Jul 2026)",research-sourced
75,WEB-007,Blast the Blocks Royale,18.2,OPEN,LOW,PIVOT,3,3,2,3,4,"Blox Blast! (solo block puzzle) – visits not shown – roblox.com/games/129427812621009, 2026 search; BloxBlast (beta, solo) – visits not shown – roblox.com; Block Puzzle (REWARDS) – visits not shown – roblox.com; Block Blast! (place 916347138) – visits not shown – roblox.com; no Tetris-99-style royale found",unverified (Block Blast top-10 and Deconstructor of Fun claims not seen in my searches),Needs 50 players per server (needs bot boards as fallback); 2D board UI game is weak thumbnail/front-page fit,Royale twist is unoccupied but solo Block Blast clones already exist and a round-based puzzle PvP is cosmetics-only low monetization.,Shrink to 8-12 player lobbies filled with bot boards and add an RNG block-skin/trail collection that drops from wins to lift monetization.,"Place 3 random pieces on an 8x8 grid, clear lines, chain combos",50 players per server; every line you clear drops a junk block onto a random rival's grid; last grid alive wins; spectators see a wall of boards,Block Blast! (top-10 downloads 2026) × Tetris 99,Mobile puzzle hit
76,TRD-050,Pull the Longest Cheese,18.2,UNCHECKED,MID,PIVOT,3,2,3,4,5,not checked: session WebSearch budget (200) exhausted before this idea,unverified (search budget exhausted),None major,"[provisional, lane unchecked] Push-your-luck pull is a one-note meme mechanic that needs a progression spine to retain.","Wrap it in an incremental loop: upgrade pizza/cheese tiers with rare cheese RNG (galaxy, gold) that raise stretch caps and payout.","Stretch pizza cheese by pulling slowly; the longer the pull the more coins, but snap risk rises",Push-your-luck versus other players on the same pizza; snap on someone else's pull and they lose it,Cheese-pull food videos,food/push-luck
77,RES-007,Smash a Jar Tower,18.0,CROWDED,HIGH,PIVOT,3,3,4,3,3,"MANUAL RECHECK: SMASH a Tower, Destroy the Tower (50-player physics destruction) (web search 9/27) || not searched – the session's web-search budget ran out (destruction simulators are a common Roblox genre)",unverified (Smash Fest 6.41M iOS downloads not re-checked),a server-wide mega-tower with unanchored physics parts risks server lag,"Provisional: satisfying destruction plus cannonball-type RNG is a high-money loop, pending an occupancy check.",,"Fire cannonballs, chain-destroy jar towers, earn, roll cannonball types",Server-wide mega-tower with destruction leaderboard,Mobile Smash Fest! (#1 iOS downloads Jul 2026),research-sourced
78,MSH-061,Split or Keep,17.8,UNCHECKED,HIGH,PIVOT,3,3,3,4,2,not searched: session WebSearch budget exhausted; the Ball VS Ball figures in the idea record were not re-verified,unverified,A full auto-battler plus co-op raids is more than a month of work; betrayal loops can cause rage-quits and harassment; needs bot partners,"PROVISIONAL (lane unchecked): the Split/Keep reveal is a very clippable hook, but wrapping it in a full auto-battler raid game is out of scope and puts it in a crowded lane.","Make the Split/Keep reveal the core loop: short 2-player boss rounds with bot partners filling in, feeding a collection, instead of a full auto-battler",Roll units -> co-op raid -> choose split/keep -> reveal -> reputation badge follows you,"Twist: after beating a boss, each pair secretly chooses Split or Keep the loot; both split = shared, one keeps = all, both keep = nothing",Parents: co-op auto-battler boss raid x prisoner's dilemma game show. Golden Balls tension layered on co-op; reputation adds long-term social play.,Format mashup: co-op auto-battler boss raid x prisoner's dilemma game show
79,RES-022,Open a Blind Box,17.6,UNCHECKED,HIGH,PIVOT,2,3,3,3,4,not searched – session web-search budget exhausted (idea notes 'Labubu games many'); Labubu UGC accessories on Roblox catalog seen in HOB-007 search,unverified (Hacipupu +281% StockX figure not re-seen),"Paid blind boxes = loot-box/gambling look (odds disclosure, regional rules); generic concept with no twist; owned-IP Labubu clones nearby","Provisional: collection monetizes well but 'open boxes, shelf, trade' has no hook to beat existing blind-box games.",Add a steal/protect shelf (rivals can swipe unlocked rares) or merge HOB-007's wearable-charm display so boxes feed a visible flex.,"Open blind boxes of ORIGINAL characters, shelf, trade",Chase rares; set completion,Post-Labubu blind-box craze,research-sourced
80,TRD-130,Fill a Pick'n'Mix Bag,17.6,OPEN,LOW,PIVOT,4,2,2,2,4,"No pick'n'mix/weigh-the-bag game found; candy tycoons exist: My Candy Store, Build a Candy Shop – no numbers surfaced – roblox.com, Sep 2026",unverified: Swedish candy TikTok craze not re-searched (evidence 'none'); craze peaked 2024-25,round-based 'closest wins' needs several players; fading trend,Open lane but a round-based weigh-guess party game has weak demand proof and low monetization.,"Make it a candy-shop collection loop (scoop bins for rarity-tiered hidden candies into a candy index, sell bags to NPC customers) instead of a closest-weight round game.",Fill a bag from bins to hit a target weight or target value exactly; closest wins the round,Bins have hidden rare candy; other players can grab the rare first,Swedish candy shop TikTok craze,food/skill
81,WEB-081,Fix the Pipes Before Flood,17.6,OPEN,LOW,PIVOT,4,2,2,2,4,"No dedicated pipe-rotation flood game found; Pressure has pipe-rotation puzzles in flooded rooms as a sub-feature (Pressure wiki / Escapist); +1 Fill Water Escape, Bring the Water! – water-themed, different loops – roblox.com, counts not shown",verified (weak): fake ads documented industry-wide (UK ASA banned Playrix ads Oct 2020; fakeadgames.com; YouTube 'I Turned a Fake Mobile Ad Game Into a Real Roblox Game') – no player numbers seen,"round-based co-op puzzle, cosmetics-only by default; needs 2+ players (solo fallback = timer only)","The lane is open, but a single pipe puzzle is a thin, low-monetizing round game with unproven Roblox demand.","Make it one mode in a rotating 'fake ads made real' hub (pipes, pull-the-pin, gates) where each rescue drops a collectible ad character, giving it a collection-based economy.",Rotate pipe pieces so water reaches the right place before the room floods,Co-op: players stand in the flooding room while teammates rotate pipes; swimming if too slow,Gardenscapes/Fishdom plumbing fake ads,Fake mobile ad made real
82,WEB-076,Pull the Pin,17.4,OPEN,LOW,PIVOT,4,3,2,3,2,"none found on Roblox – 2 searches (only mobile/web: Hero Rescue, Rescue Hero: Pull the Pin, Rescue Friend, Among Rescue)",verified: the pull-the-pin genre is real and widely cloned on mobile/web (multiple Play/App Store titles); the fake-ad crackdown claims were not re-checked,lava/water/gold particle physics is costly in Roblox; player-made levels need an editor plus moderation; the trapped friend needs a solo NPC fallback,"The lane is open and the friend-trapped hook is streamable, but handcrafted puzzle levels plus fluid physics are hard to build and the game monetizes poorly.","Drop player-made levels and fluids, and use ball-physics chambers built from modular pieces, where the gold you save pays for hero skins and chamber tiers.","Pull pins in the right order so lava, water and monsters don't reach the hero and the gold does","Your FRIEND is the hero trapped inside the puzzle: one player pulls pins, the other(s) stand in the chamber and survive or get cooked; roles swap; player-made pin levels",Homescapes/Hero Rescue 'pull the pin' fake ads,Fake mobile ad made real
83,MSH-057,Lend a Fighter,17.4,UNCHECKED,HIGH,PIVOT,2,3,4,3,3,"not searched: session WebSearch budget exhausted; the idea record says Ball VS Ball has 41.2M visits/~14.7K CCU (not re-verified), which would make the roll-to-fight lane TAKEN",unverified,A rental market needs anti-exploit design (alt-account XP farming),"PROVISIONAL (lane unchecked): the rental board is a good co-play feature, but on its own it is a feature on a roll-to-fight lane that the record already shows as held by a 14.7K-CCU game.",Put the rental board in a collection game with a fresh theme outside the roll-to-fight cluster,Roll/train fighters -> list on rental board -> join raids with rented fighters -> earn rental income,Twist: you can rent your best fighter to other players for raids and earn a cut of their loot; rented fighters gain XP for you,Parents: roll-to-fight auto-battler x player rental market. Creates a market without item trading; strong co-play reason.,Format mashup: roll-to-fight auto-battler x player rental market
84,WEB-001,Escape the Arrows,17.4,UNCHECKED,LOW,KEEP,3,3,2,3,5,not searched by me – budget exhausted; shortlist record notes no arrow-puzzle Roblox game surfaced earlier (unverified),unverified: Sensor Tower #1 May 2026 and 11.4M July downloads not seen,Puzzle genre earns little per player-hour on Roblox; shared 20-player board can be griefed,"UNCHECKED (provisional): very cheap to build conversion of a reported mobile #1 with a fresh shared-board twist, but monetization is thin.",,Tap arrow tiles so each slides off the board in its direction without hitting another; clear board → coins → bigger boards,"One GIANT shared board per server: 20 players tap arrows at once; your arrow can block or free others, so it's co-op chaos; weekly 'mega board' leaderboard + 1v1 mirror-board races",Arrows – Puzzle Escape (#1 mobile download May 2026),Mobile puzzle hit (hybrid-casual)
85,MSH-019,Roll Your Night Role,17.4,UNCHECKED,HIGH,PIVOT,2,4,4,3,2,"not searched (search budget exhausted); idea cites 99 Nights in the Forest 259.5K CCU and many 99N-likes, not re-seen",unverified this pass,"survive-the-night co-op (AI enemies, crafting, map) is a big build; head-on vs 99 Nights and its clones","Provisional (lane unchecked): role RNG is a clever layer, but it bolts onto the most-cloned co-op format and needs a full survival game underneath.","Shrink to a single 10-minute night on one compact map, where the rolled role (with rarity skins) is the whole progression.",Roll role -> negotiate trades -> survive the night using role powers -> collect rare role skins,"Twist: at every dusk each player rolls a role (lantern bearer, trapper, medic, cook) with rarity tiers; team comp is random, and each player may trade roles once",Parents: RNG aura rolls x survive-the-night co-op (99 Nights). RNG showoff attaches to co-op survival instead of idle rolling.,Format mashup: RNG aura rolls x survive-the-night co-op (99 Nights)
86,TRD-054,Hide the Cake,17.2,OPEN,LOW,PIVOT,4,2,3,3,2,"No 'Is It Cake' hider game found; adjacent: Make a Cake! (classic, rolimons listed, visits not seen); The Cake is a Lie (poison-slice party, no numbers); prop-hunt lane busy: Flow's Prop Hunt, Prop Hunt! Hide & Seek, Transform Hide & Seek (has Bakery map) – no visit figures in snippets – roblox.com/rolimons, Sep 2026","unverified (evidence 'none'; Is It Cake? show trend not re-verified, peak was 2022)","Real-time 'sculpt an object out of cake' tool is a big build (needs prop library + disguise system, effectively prop-hunt); stale 2022 trend; needs 6+ players, no bot fallback",Lane is open but the demand is stale and it is really a prop-hunt reskin with party-tier monetization.,"Drop sculpting: bakers pick pre-made cake props (collectible cake-skin RNG) to disguise among real props, seekers get 3 knife cuts; sell cake-prop skins.",Bakers sculpt ordinary objects out of cake and hide them in a room of real objects; guessers get 3 knife cuts,Prop-hunt-style deduction with a knife: wrong cuts cost you; clips of shocking reveals,'Is It Cake?' hyper-real cake videos,social/deduction
87,SSN-055,Stay Off the Naughty List,17.2,CROWDED,MID,PIVOT,3,3,3,4,4,Krampus City – n/a – roblox.com; On the Naughty List [RAPID] (Krampus sabotage escape) – badge on rolimons; Terminal 'Naughty or Nice' rapid room – TheNerdStash; various Krampus hunt games – n/a; no naughty-meter greed mechanic found,partially verified: FandomWire 'Best Roblox Games to Play This Christmas (2025 Holiday Picks)' exists; specific MM2/99 Nights/Adopt Me update details not seen,Seasonal only (~6-week window); 'snitching' social mechanic needs populated servers,Greed-vs-risk meter is a good twist but the Krampus theme is already occupied by several small games and the game dies after Dec 25.,Build an evergreen 'greed meter' heist-hunt (hunter targets the greediest player) and ship Krampus as the December skin/event.,"On Christmas Eve players can do naughty acts (steal cookies, peek presents) for points; each raises your naughty meter; at midnight Krampus hunts the naughtiest",Greed vs risk self-balancing; snitching on others lowers your own meter,Krampus folklore,Seasonal-Christmas/Winter
88,MSH-009,Aura Bingo 50,17.2,UNCHECKED,MID,PIVOT,3,3,3,3,4,"search budget exhausted; idea-supplied (not verified by me): Sol's RNG 2.1B+ visits, 50 Player BINGO 19.6M visits",unverified (search budget exhausted),Needs a full 50-player server to feel right; bingo card plus RNG rolls plus a prize may read as gambling; gifting and bribes invite scam-style begging,"Provisional: two proven parents, but bingo pacing depends on full servers and the aura lane is reportedly crowded.",Make cards scale to server size (work from 8 players) and drop the prize crown for a cosmetic streak title to avoid the gambling look.,"Roll auras -> matching tier marks your card -> give away rolls to friends -> first BINGO wins a server crown, round every 5 min","Twist: your bingo card squares are aura tiers; you can GIFT any roll you make to another player to complete their line, so bribes and alliances happen",Parents: RNG aura rolls (Sol's RNG) x 50-player mass party (50 Player BINGO). Two proven formats; the gift-roll rule adds social friction.,Format mashup: RNG aura rolls (Sol's RNG) x 50-player mass party (50 Player BINGO)
89,SSN-053,Set Home Alone Traps,17.0,CROWDED,MID,PIVOT,3,3,4,4,3,"Home Alone: Anomalies – 54.8M visits, ~26-27K CCU (Jul 2026) – spottheanomaly.wiki (horror-door concept, not traps); Build to Defend Loot – traps/turrets vs raiders, live Jul 2026 – buildtodefendloot.wiki; Trap a thief – nightly break-ins – roblox.com; DEFEND THE HOUSE, $$Trap$$House$$, Sneak Thief – no numbers; Forsaken ~48K CCU / 5.2B visits owns asymmetric (idea evidence)","verified: 'Home Alone' branded Roblox game hit ~26K CCU Jul 2026, showing the name pulls; trap-vs-burglar specific demand unverified","'Home Alone' is Disney/20th Century IP – cannot use name, Kevin likeness, or 'Wet Bandits'; ragdoll trap physics tuning; asymmetric needs 6+ players (bot burglars needed)",Trap-vs-raider asymmetric has only small occupants but the named IP is off-limits and the Christmas window is short.,"Rebrand as evergreen 'Defend the Treehouse' with collectible/upgradable trap RNG and seasonal Christmas skin, NPC burglars when lobby is small.","1–2 kids get 2 minutes to rig a house with traps (paint cans, marbles, tar stairs); 4–6 burglar players then try to reach the vault; ragdoll slapstick",Asymmetric trap-building vs raiders; burglar fails are clip gold; evergreen as 'defend the treehouse',Home Alone (perennial Christmas film); asymmetric wave,Seasonal-Christmas/Winter
90,HOB-113,Pose the Giant Skeleton,17.0,UNCHECKED,MID,PIVOT,3,3,3,4,3,not searched – session web-search budget exhausted,unverified (evidence 'none'; Home Depot 12-ft skeleton trend not re-checked),Halloween is ~5 weeks away (tight for ≤1 month build); joint-by-joint posing UI is fiddly on mobile; 'Skelly' is Home Depot branding; prop stealing needs lock/protect balance,Provisional: steal-protect prop decorating has monetization but the October-only window and complex posing UI make it risky.,Replace joint posing with preset pose cards and make it an evergreen yard-display decorating game with seasonal prop crates (Halloween first).,Pose a 12-ft skeleton joint by joint → dress with props (RNG from prop crates) → yard displays at night → trick-or-treaters rate,Pose contests and rare props; neighbors can 'borrow' (steal) props unless you lock them,Home Depot 12-ft skeleton 'Skelly' yard-display craze each Halloween,Hobby sport / party / misc
91,SSN-022,Ding Dong and Run,17.0,UNCHECKED,MID,PIVOT,3,3,3,4,3,not checked: session WebSearch budget (200) exhausted before this idea,unverified (search budget exhausted),Glorifies a real-world prank (ding-dong-ditch) that has led to trespass/harm incidents; randomized houses per round is a moderate build,"[provisional, lane unchecked] Streak-greed chase loop is readable and thumbnail-friendly but monster-chase Halloween games are a common genre and the real-prank framing is a policy risk.","Set it on a fictional monster street (ring monster doors, not neighbors) with collectible monster-drop candy for the streak rewards.",Ring doorbells and sprint before the door opens; some residents are monsters who chase; streaks multiply candy,Prank-stealth parkour with streak greed; houses randomize each round,Ding-dong-ditch prank culture,Seasonal-Halloween
92,SSN-003,Hide in the Corn Maze,17.0,UNCHECKED,MID,PIVOT,3,3,3,4,3,"search budget exhausted; idea-supplied (not verified by me): Forsaken ~48K CCU / 5.2B visits, Die of Death ~2.9K CCU / 277M in the 1-vs-many killer lane",unverified (search budget exhausted),Asym needs a killer player each round (bot fallback required); keep scares kid-safe,"Provisional: the gaze-lock twist is clean and seasonal, but if the Forsaken figures hold, the asym-killer lane is TAKEN.","Make the Scarecrow AI-driven for small co-op parties (with an optional player-Scarecrow mode), so it avoids head-on asym competition and works on quiet servers.",Survivors search a corn maze for 3 gate keys while one player-Scarecrow stalks them; the Scarecrow can only move when no survivor is looking at it,"Gaze-lock killer: survivors must assign a 'watcher' while others loot, so teamwork beats solo; Scarecrow sees through crows it places. Evergreen as hedge maze",Corn-maze season + weeping-angel scares; asymmetric horror wave,Seasonal-Halloween
93,HOB-005,Hunt Hot Wheels,16.8,CROWDED,HIGH,PIVOT,3,2,4,3,3,MANUAL RECHECK: Official Hot Wheels Open World (Mattel) on Roblox — must use generic diecast theme (web search 9/27) || not searched: session WebSearch budget exhausted,unverified: evidence 'none',"MAJOR: 'Hot Wheels', 'Treasure Hunt' green-flame logo and orange track are Mattel trademarks; restock PvP needs NPC collector bots on low-pop servers; drivable cars add scope","PROVISIONAL (lane unchecked): restock-scramble RNG collection whose finds you can drive is a strong, high-money loop, but it cannot ship on Mattel's brand.","Rename and rebrand to an original die-cast line (own names, own 'super rare' marker, own track color)",Store restocks every 3 min → run to pegs with other players → grab cars (RNG Treasure Hunt with green flame) → race your finds on your orange track → display wall,"Restock scramble is PvP (grab fast, hoard, trade); every car you find is DRIVABLE on a track race vs others, so collection = garage","Adult Hot Wheels collecting: hunting 'Super Treasure Hunts' on store pegs, restock days, 'peg warmers'",Collecting subculture
94,MSH-103,Last Rich Standing,16.4,UNCHECKED,MID,PIVOT,4,2,3,3,3,not searched – the session's web-search budget ran out,unverified (evidence 'none'),50-player matches will not fill without bots; paid boosts inside an elimination match read as pay-to-win,"Provisional: the poverty-line elimination is a readable, novel rule, but a 50-player requirement with no bot fallback will not fill.","Run 8–12 player lobbies filled with bot tycoons, and sell cosmetics and meta-progression (starter generators, trophies) instead of in-match power.",Tap and buy generators fast -> watch the poverty line -> gift or hoard -> last 3 split the trophy,Twist: a 50-player idle-economy match where every 2 minutes the poorest player is eliminated; you can gift coins to save a friend,"Parents: collect -> passive income -> rebirth x battle-royale elimination. Very readable rule, tense social choices, cheap to build.",Format mashup: collect -> passive income -> rebirth x battle-royale elimination
95,PTY-074,Ride the Janken Train,16.4,UNCHECKED,LOW,PIVOT,3,3,2,4,5,"not searched by me – budget exhausted; shortlist record: Rock, Paper, Scissors! (DirtDog) ~50.3M visits (unverified)",unverified: RPS 50.3M visits not seen by me,"Pure party game (cosmetics only); if the 50M RPS occupant is confirmed, the RPS lane counts as TAKEN",UNCHECKED (provisional): the conga-train spectacle is a clean twist on proven RPS demand but it is a low-density party loop next to a reported 50M occupant.,Add collectible train-car/engine RNG with stat-free rarity flex and a persistent longest-train leaderboard to lift monetization.,Run up to someone and play rock-paper-scissors; the loser joins the back of the winner's train; trains collide and fronts duel; last engine wins,Converts proven RPS demand into a growing conga-line spectacle; bots join; train car cosmetics,Janken train (Japanese rock-paper-scissors conga),Party / playground game
96,MSH-034,Scavenge & Brawl,16.2,CROWDED,MID,PIVOT,3,4,3,3,3,"Ball VS Ball (roll-to-fight, launched Aug 12 2026) – 41,246,008 visits, 31,638 playing – Rolimons/allthings.how, Sep 2026; Search For The Needle (cozy haystack search, launched Aug 23 2026) – 66,224,908 visits – Rolimons, Sep 2026; no dig-then-battle hybrid found",verified: both parents seen live (Ball VS Ball 31.6K playing; Search For The Needle 66.2M visits),live 1v1 dig race needs a matched opponent (bot fallback required); stealing a loser's find can feel punitive for kids,"Both parents are hot, but roll-to-fight has a 31K-CCU leader and a live 2-player race breaks in empty servers.","Make the dig solo (own junk pile) and battle asynchronous snapshots of other players' teams, so it works at any server size and builds a permanent capsule-fighter collection.",Search race (60s) -> open capsules -> auto-battle -> winner keeps one of loser's finds,"Twist: two players dig the SAME junk pile for 60 seconds; every capsule found is a fighter, and then you auto-battle with whatever you dug up",Parents: cozy search roguelite x roll-to-fight auto-battler. Search speed becomes team-building; each round is a fresh roguelite draft.,Format mashup: cozy search roguelite x roll-to-fight auto-battler
97,SSN-056,Swap a Gift,16.0,UNCHECKED,MID,PIVOT,3,2,3,3,4,not searched – the session's web-search budget ran out,unverified (Christmas 2025 update claims not re-checked; white elephant is a real party ritual),needs 8–16 humans; bluff-wrapped trades can feel like scams to kids; seasonal,"Provisional: it only works in full lobbies at Christmas, so it is weak as a standalone game.",Ship it as a limited-time Christmas event mode inside a collection/trading game that already has an inventory to swap.,8–16 players bring wrapped items from inventory; take turns opening or swapping; each item can be taken max 3 times; you keep what you end with,Real party ritual with bluff wrapping; inventory items make it a trading loop year-round,White Elephant / Yankee Swap party TikToks,Seasonal-Christmas/Winter
98,MSH-020,Who Made the Mess?,16.0,CROWDED,MID,PIVOT,3,3,3,4,3,"Among Us-likes: Impostor | Among us (ROBLOX Impostor wiki, sabotage + voting) – no numbers – fandom; cleaning-game numbers from idea (Wash The House 31.5K CCU, Dig & Clean ~27.8K CCU, Clean a House 66M) – NOT re-verified, search returned no figures; no cleaning-saboteur game found",unverified (cleaning-game CCU claims could not be confirmed; search budget exhausted),Needs 8-10 players for deduction with no bot fallback; paintable mess/cleaning decals cost dev time; Among Us IP look-alike must be avoided,Cleaning ASMR is a plausible hook but the demand numbers are unverified and pure deduction rounds need big lobbies.,"Make the core a solo-playable cleaning-for-cash tycoon with collectible tools, and run the Slob-saboteur as a timed server event instead of the whole game.",Clean rooms for coins -> notice fresh spills -> call a house meeting -> vote -> next house,Twist: 10 roommates clean a mansion to 100%; one Slob secretly spills and smears (the mess is satisfying to clean anyway); vote the Slob out,Parents: cleaning ASMR x round-based deduction (MM2). Among-Us tasks made the real game: cleaning is fun even while being sabotaged.,Format mashup: cleaning ASMR x round-based deduction (MM2)
99,RES-001,Feed the Hole,16.0,UNCHECKED,MID,PIVOT,3,2,3,3,4,not searched (search budget exhausted); idea notes a Roblox demo remake of unknown size,"unverified: Berry Bury Berry 2,308 peak / 7,263 reviews not re-seen; small Steam indie either way",server-shared hole needs population; a demo remake already exists,"Provisional (lane unchecked): charming shared-goal loop, but demand rests on a small Steam indie and upgrades alone give mid monetization.","Make the hole spit back rolled-rarity rewards (mutated seeds/pets) for every feeding, turning it into an RNG collection loop.","Grow berries, throw into hole, upgrades, hole grows",One hole shared by the whole server; lore unlocks at size milestones,"Steam Berry Bury Berry (98% of 7,263 reviews, Jan 2026)",research-sourced
100,MSH-015,One of Us Is the Wolf,16.0,CROWDED,MID,PIVOT,3,4,3,4,2,"Night of the Werewolf – 14.3M visits (Jan 2025, Roblox Fandom); Werewolf 🐺, Werewolf Within, Survive The Werewolf – numbers not surfaced – rolimons/roblox, Sep 2026; 99 Nights in the Forest (campfire survival giant) + clones",unverified: 99 Nights/MM2 CCU figures in evidence not re-checked this session; werewolf deduction on Roblox verified at mid scale (14.3M visits),"social deduction needs 6+ players and chat/voice, no bot fallback; survival map + deduction = two systems, heavy for 1 month","The wolf-must-keep-fire-alive twist is fresh, but werewolf deduction and 99-Nights survival are both occupied and the scope is large.",Shrink to a single 12-minute 3-night round on one small camp map with NPC campers filling empty slots so it works with 4 players.,"Day: gather wood/food together -> dusk: vote to banish someone -> night: wolf hunts, others survive -> 5 nights per round","Twist: one camper is secretly a werewolf at night, but the wolf ALSO loses if the campfire dies, so it must help by day and hunt carefully by night",Parents: survive-the-night co-op (99 Nights) x round-based deduction (MM2). Two of the biggest 2026 formats; forced-cooperation wolf makes it more than a reskin.,Format mashup: survive-the-night co-op (99 Nights) x round-based deduction (MM2)
101,RES-010,Seat the Cats,15.8,CROWDED,MID,PIVOT,2,4,3,3,4,"Meowdoku: Cat Sudoku Puzzle (direct clone) – visits not shown – Medal.tv Roblox experience page, 2026; Guide the Cats, Care For Cats – visits not shown – roblox.com","verified: Meowdoku 10.1M new installs in June 2026, top-10 global downloads (PocketGamer.biz June 2026 charts)",'Meowdoku' name/art is the mobile studio's IP (mechanic itself is generic star-battle/queens),"Demand is real but a direct Roblox Meowdoku clone already exists, so a puzzle-first copy has no edge.","Make it a cat-café tycoon where hatched RNG cats are the collection and each solved seating board serves customers, so the collection, not the puzzle, is the core.",Place owned cats on region-grid puzzles; cat café,RNG cat hatch; rarest-cat showcase; head-to-head solving,Mobile Meowdoku! (#1 worldwide downloads Jun 2026),research-sourced
102,MSH-036,Win the Bracket of 64,15.6,UNCHECKED,MID,PIVOT,2,4,3,3,3,"bracket-party lane not searched (budget exhausted); adjacent verified: Ball VS Ball – 41,246,008 visits, 31,638 playing, 25-player servers – Rolimons/allthings.how, Sep 2026",verified (adjacent): roll-to-fight is hot (Ball VS Ball 31.6K playing); 50 Player BINGO figures not re-seen,64-slot bracket needs 64 players or bots; head-on vs Ball VS Ball,"Provisional (lane unchecked): the cheer-squad fix for elimination downtime is good, but a 64-player bracket breaks in normal servers and competes directly with Ball VS Ball.",Scale the bracket to the server (8/16/32 slots) with bots filling empty seats.,Roll a team -> bracket round -> win or join a cheer squad -> final on the big screen,Twist: every 8 minutes the whole server enters one live 64-slot bracket; eliminated players become cheerleaders who buff one survivor and share their prize,Parents: roll-to-fight auto-battler x 50-player mass party (50 Player BINGO style). Keeps losers engaged; server-wide finals create co-play.,Format mashup: roll-to-fight auto-battler x 50-player mass party (50 Player BINGO style)
103,MSH-008,Hide in the Mess,15.4,CROWDED,LOW,PIVOT,3,4,2,4,4,"Hide or OOF! (prop hunt) – 803,089,527 visits – Rolimons, undated; Hide and Seek Transform – 173,695,934 visits – Rolimons, undated; Prop Hunt Hide and Seek / Flow's Prop Hunt – visits not surfaced; Wash The House – 11,978,092 visits, 31,460 playing – Rolimons, ~Aug 2026; Dig & Clean – 16.7M visits, ~27.8K CCU Aug 7 2026; no cleaning-themed prop hunt found",verified: cleaning (Wash The House 31.5K CCU) and prop hunt (Hide or OOF! 803M visits) both proven,needs several real hiders + cleaners (weak bot fallback); round-based party format earns ~18% of collection games,"The mashup itself is unoccupied and clip-friendly, but prop hunt is a mega-occupied format and the design as written is a cosmetic-only party round.","Make cleaning the persistent core (every non-player mess pile rolls a rarity loot item for a collection, Dig & Clean-style) with player-hiders as a bonus 'catch' jackpot, so it earns and works in half-empty servers.",Hiders pick a mess disguise and freeze -> cleaners clean for points -> every clean is a satisfying ASMR pop OR a caught player -> swap roles,"Twist: the hiders ARE mess: they disguise as trash piles, stains and laundry heaps; cleaners scrub the house and scrubbing a player-pile reveals them with a splash","Parents: cleaning ASMR (Wash The House) x prop-hunt hide-and-seek. Every cleaning action is a guess, which makes cleaning social and clip-friendly.",Format mashup: cleaning ASMR (Wash The House) x prop-hunt hide-and-seek
104,SSN-032,Don't All Blink,15.2,UNCHECKED,LOW,PIVOT,3,3,2,4,4,search budget exhausted; idea notes SCP-173-style games exist (not verified by me),unverified (search budget exhausted): RoLearn horror-report figures were not seen,Don't use SCP-173 name/design (CC BY-SA attribution issues); keep horror kid-safe,"Provisional: the team-blink mechanic is a strong, cheap-to-build clip hook, but co-op horror rounds have little to sell.",Add persistent stamina/eye-drop consumables (painkillers) and a relic collection from each run so it has spend and progression.,Each player's blink meter fills; hold to keep eyes open drains stamina; the statue moves whenever ALL eyes are closed; stagger blinks while collecting items,Team blink rhythm is the mechanic — one tired friend dooms everyone,Weeping-angel / statue monster,Co-op Horror
105,WEB-026,Paint the Territory,15.0,CROWDED,MID,PIVOT,3,3,3,3,3,"Territory.io (HyperViral Holdings, max 6 players, trails/patterns cosmetics) – 5,664,098 visits, ~12 months old – rolimons snippet 2026; YouTube 'Roblox: Paper.io' clips and several DevForum paper.io systems (Sep 2026)",unverified (Paper.io 2 10M downloads July 2026 claim not re-seen),"Dynamic territory fill + recoloring a 3D city is non-trivial (grid polygon fill, replication); io games on Roblox rarely retain",One mid occupant (5.7M) proves the loop is buildable but io-style rounds monetize weakly without a persistent layer.,"Add a persistent base/collection layer: claimed land yields loot crates of collectible trail/aura items that boost your painter, sold via luck boosts.","Leave your base, draw a trail, loop back to claim land; cut others' trails to eliminate them",Roblox 3D city map where claimed land physically recolors buildings; teams of 4 with shared territory; claimed land spawns RNG loot crates,Paper.io 2 (Voodoo; 10M downloads July 2026),io classic
106,SSN-009,Type the Spell,15.0,CROWDED,MID,PIVOT,3,3,2,4,3,"Type or Die (typing party) – 120.26M visits – Rolimons, 2026; Magic Training – cast spells by typing incantations in chat – Fandom wiki; RO-Wizard – typed spell names – Gamezebo; no co-op misspell-backfire tower escape found",unverified: YAPYAP sales not re-checked; typing as gameplay is proven on Roblox (Type or Die 120M visits),Typed input must match a fixed spell list (no free text shown to others) to avoid chat-filter issues; hand-writing every misspell outcome is a lot of content; a Halloween-only window is about 4 weeks away,"Typing games are proven, and the misspell-backfire twist is not taken, but a Halloween-only launch on 2026-09-27 is too late and there is little to sell.",Make it an evergreen co-op wizard-tower escape with a collectible spellbook (rarity-rolled spell drops and upgrades) instead of a Halloween one-off,Wizard team escapes a witch tower: type incantations fast in a spell bar to cast; typos backfire (fireball becomes firebowl → bowling ball),Typing-as-magic with hilarious misspell outcomes; spells get longer each floor,YAPYAP voice-spell co-op horror; Roblox voice limited to verified 13+ so typing is inclusive,Seasonal-Halloween
107,SSN-035,Survive a Sleepover,15.0,CROWDED,MID,PIVOT,3,3,3,3,3,"Overnight (formerly 'Sleepover', story horror 8-12 players, renamed because Roblox ToS associated 'sleepover' with inappropriate meanings – rblx-horror fandom), The Sleepover, The Sleepover Experience, Go to sleep – no numbers surfaced – roblox.com, Sep 2026","unverified: cozy-horror anchors (Dredge, Cozy Grove, Grave Seasons) not re-checked",the word 'sleepover' is a known Roblox moderation/ToS trigger (Overnight had to rename),"Sleepover horror already has story-game occupants and the title word is a moderation risk, but the under-bed limb grab plus fort defense is a distinct mechanic.",Rename and reframe around the 'keep your feet off the edge' under-bed monster with fort-building defense (no 'sleepover' wording).,"Build a pillow fort, keep flashlights charged, keep feet off the bed edge; the Under-Bed Thing grabs dangling limbs; don't wake the parents",Cozy-spooky kid-relatable horror; fort building = defense,Kid sleepovers; monster-under-bed trope,Cozy-Spooky
108,TRD-006,Flip a Viral Toy,14.8,UNCHECKED,MID,PIVOT,3,2,3,3,3,not searched: session WebSearch budget exhausted,unverified: Punch/IKEA plush story (CNN/Euronews Feb 2026) not re-checked and likely stale by now,A speculative market with Robux-bought currency can look like gambling or trading-for-value; player-to-player selling needs anti-scam trade UI; the Feb 2026 source meme is 7 months old,"PROVISIONAL (lane unchecked): the hype-cycle market is a fresh economy hook, but it rests on a stale meme and money depends on trading, which is hard to balance.","Tie the price-spike events to a rotating collection of your own original toys, with NPC buyers only (no player-to-player cash sales), so it doesn't depend on one meme",Buy toys cheap; random 'video goes viral' events send one toy's price soaring; sell to other players or NPC shop,"A hype-cycle stock market with toys: prices crash as fast as they spike, players race to cash out",IKEA orangutan plush sold out after Punch video; toy resale spikes,economy/market
109,STM-097,Pump the Balloon Last,14.8,UNCHECKED,LOW,PIVOT,2,3,2,4,5,Buckshot Roulette clones exist per idea record (not re-verified; not checked: session WebSearch budget (200) exhausted before this idea),unverified (search budget exhausted),Idea record notes Buckshot Roulette clones already exist on Roblox (not re-verified); turn-based table game is cosmetics-only,"[provisional, lane unchecked] Kid-safe Buckshot reskin is easy to build but enters a lane the record itself says is occupied, with party-game monetization.",Add a collectible item/balloon RNG inventory with rare item effects bought and upgraded between rounds so it earns like a collection game.,"Players around a table take turns pumping a balloon 1-3 times; items (peek, skip, double) change odds; pop = out",Kid-safe Buckshot tension: pump count and item mind-games instead of guns,"Buckshot Roulette (reskinned, no guns)",Party / turn-based
110,TRD-009,Stitch a Plushie,14.6,CROWDED,MID,PIVOT,2,3,3,3,4,"Craft a Plushie – active codes Sep 2026 (tryhardguides), counts not shown; Plushie Factory Tycoon – ~27 avg CCU, 55 live (romonitorstats/servicespv 2026); Make Plushies and Prove Mom Wrong; Plushie Tycoon; The Plushie Tycoon; My Plushie Store; Picnics n Plushies; Dolly's Factory – roblox.com, counts not shown",unverified: Jellycat/Squishmallow TikTok trend claim not re-checked; occupants show Roblox demand for plush-making exists but at small scale,"player-made plush name tags sold to others = username display, fine; no freehand drawing allowed (keep sewing to preset patterns)","Eight-plus plushie factory/tycoon games already exist, none big, so the lane is crowded but unproven.",Fold the stitch-quality minigame into TRD-002 as the way players craft their own bag charms instead of shipping another plushie tycoon.,"Pick fabric, stuff, sew eyes and mouth (minigame), plush gets a quality roll, sell or display",Stitch quality makes shiny plushies; others buy your plush and it carries your name tag,Jellycat food-plush craze and plush revenue boom,craft/collectibles
111,STM-001,Burgle the Giant House,14.4,CROWDED,MID,PIVOT,2,3,3,4,3,"Stealing Gnomes [HORROR] (grn works, says it is inspired by Burglin' Gnomes) – visits n/a – roblox.com/creatorexchange 2026; Gnomes! [Steal & Escape] (sneak in, loot, escape the Homeowner) – visits n/a – roblox.com; TikTok 'Burgling Gnomes Roblox game walkthrough' tags","partly verified: the Burglin' Gnomes 'friendslop' buzz is real (YouTube/TikTok coverage, Roblox clones already made); the Next Fest #2 claim was not seen",full-size house maps at 1/10 scale are a big build; a player homeowner needs a bot homeowner fallback; loot carried by 2-3 gnomes needs physics sync,"At least two Roblox Burglin' Gnomes clones already exist, so an unmodified copy arrives third, and round-only heists monetize thinly.","Make the loot persistent: stolen items fill a collectible 'gnome hideout' with passive income and rarity tiers (a steal-and-collect meta), and keep the player homeowner as the differentiator with an NPC fallback.","5 tiny gnomes sneak through a full-size kitchen/bedroom grabbing valuables and dragging them to the mousehole while 1 player-homeowner hunts them with a flyswatter, vacuum and mousetraps; 6-min rounds","Scale asymmetry: gnomes are 1/10 size so a normal house becomes a giant map; heavy loot (a ring, a phone) needs 2-3 gnomes carrying together; homeowner is a real player, not an AI","Burglin' Gnomes (2026 wishlist hit, Next Fest Feb 2026)",Friendslop co-op / asymmetric
112,MSH-047,Fetch the Secret Word,14.2,CROWDED,LOW,PIVOT,3,4,2,4,3,"Imposter 💀 (secret-word impostor, vote out) – visits unknown – roblox.com/games; Imposter Game 🕵️ – visits unknown – roblox.com/games; Who's Lying? / Who's the Liar? – visits unknown – roblox.com/games; Word Game💬 – 42.4M visits, created May 21 2026 – Rolimons (not confirmed to be an impostor format); none found using a fetch-an-object twist","verified: word-impostor games are trending on Roblox (TikTok discover page 'Guess The Word Impostor Roblox Game', several live Roblox copies); Search For The Needle figures not re-checked",needs 4+ humans and bluffing cannot be done by bots; round/party monetization; a big searchable house takes real level design,"A hot format with a fresh physical twist, but as a pure party round it earns little and competes with several live impostor word games.","Make every fetched object a collectible with rarity that goes into a personal item-dex/house showcase, so each round feeds a collection players can pay to speed up.",Get category -> run and grab an item -> show items -> vote impostor -> next category,Twist: everyone gets a hidden category (e.g. 'things that are cold') and must fetch a matching object from a big house; the impostor doesn't know and must copy others,Parents: TikTok 'Imposter Game' x scavenger search. Search + bluff; each round readable in 5 seconds.,Format mashup: TikTok 'Imposter Game' x scavenger search
113,MSH-125,Fishing Bingo 50,14.2,UNCHECKED,LOW,PIVOT,3,3,2,3,4,"search budget exhausted; idea-supplied (not verified by me): 50 Player BINGO 19.6M visits, Fish It 129.8K CCU",unverified (search budget exhausted),Needs a busy server for the race to feel alive; round-reset party format,"Provisional: simple and fun, but a round-reset bingo party earns a fraction of fishing collection games.","Keep a persistent rod/bait upgrade tree and a fish-index collection across rounds, with bingo as the round goal.",Get a 5x5 card of fish species -> fish in shared lake -> mark catches -> first line wins -> new lake and card every round,Twist: your bingo card is fish species; catch them to mark; server race,Parents: 50-player mass party (50 Player BINGO) x fishing sim. Two proven formats; simple build.,Format mashup: 50-player mass party (50 Player BINGO) x fishing sim
114,RES-024,Merge Battle,14.2,UNCHECKED,LOW,PIVOT,3,3,2,3,4,search budget exhausted; idea says 'none at scale (Aug data)' - not verified by me,unverified (search budget exhausted): Suika 11M downloads and Tetris 99 2.8M figures were not seen,Watermelon Game/Suika name and look are Aladdin X IP (use original fruit-like objects); 1v1 puzzle rounds need matchmaking or bots,"Provisional: a proven puzzle loop with a PvP twist, but puzzle rounds monetize poorly and this style often underperforms on Roblox.",Make the merge chain a collectible (unlock and upgrade merge-item sets with passive boosts) and avoid any Suika naming.,"Drop fruits, merge up",Merges send junk to opponents' jars,Suika + Tetris 99,research-sourced
115,TRD-037,Guard the Streamer,14.0,UNCHECKED,LOW,PIVOT,3,3,2,4,3,not searched – session web search budget exhausted,unverified: IShowSpeed awards/tour claims not seen,Real-person likeness (IShowSpeed) must not be used; needs VIP + several guards (bot VIP fallback required); crowd NPC density is costly on mobile,"UNCHECKED (provisional): funny escort-with-misbehaving-VIP loop, but the hook leans on a real streamer and the format is round-based/low-density.",Use a fictional celebrity with collectible 'celebrity' VIP skins players unlock and a bot VIP option so 1–2 players can play.,"Bodyguard squad escorts a streamer VIP (player) from hotel to venue through crowds, paparazzi and fans",Escort co-op where the VIP is a player who can misbehave and wander off,IShowSpeed tour security and crowd chaos,coop/escort
116,MSH-038,Catch the Saboteurs,14.0,UNCHECKED,LOW,PIVOT,3,3,2,4,3,not searched – session web search budget exhausted; shortlist record lists Build the Pyramid! (unverified),unverified: Build the Pyramid! and MM2 CCU figures not seen,Needs ~100-player servers and 5 saboteurs to work – no bot fallback; jury votes invite harassment/false-accusation dogpiles,UNCHECKED (provisional): dramatic twist but it only works in full 100-player servers and monetizes like a party game.,"Shrink to 12–20 player servers with bot haulers and 1–2 saboteurs, and add a collectible block/monument-skin progression.",Haul blocks -> spot cracked sections -> accuse -> jury vote -> exile or reward,"Twist: while 100 players build a monument, 5 hidden saboteurs weaken blocks; a server court with player jury runs every 10 minutes",Parents: 100-player server goal x round-based deduction. Adds drama and clips to an otherwise calm server-goal grind.,Format mashup: 100-player server goal x round-based deduction
117,MSH-067,Search Quietly,14.0,UNCHECKED,LOW,PIVOT,3,3,2,4,3,search budget exhausted; idea-supplied (not verified by me): Search For The Needle 66.2M visits/22.5K CCU plus ~14 clones in 48h; 99 Nights in the Forest 259.5K CCU,unverified (search budget exhausted),"Horror for young audience (keep it spooky, not gory); Halloween window is ~5 weeks away, so a 1-month build is tight","Provisional: the noise-vs-speed trade-off is a good clip hook, but co-op horror rounds monetize weakly and the search-roguelite lane is reportedly already cloned.",Keep found heirlooms as a permanent RNG-rarity collection with upgradable quiet tools (silencers as consumable painkillers).,4 friends search an attic for a heirloom -> noise meter rises -> hide when it comes -> escape,"Twist: digging makes noise; loud tools find faster but draw the thing in the attic, so teams whisper-plan who digs loud",Parents: cozy search roguelite x co-op horror. Speed-vs-noise trade-off; Halloween fit.,Format mashup: cozy search roguelite x co-op horror
118,TRD-036,Tour the City Live,13.4,CROWDED,MID,PIVOT,2,4,3,3,2,"Be IRL Streamer, Streamer Life, Streamer Simulator, StreamSim, Streamer X, Be a Streamer! – visits not seen – roblox.com/games search Sep 2026; IShowSpeed has a Roblox place 'IShowSpeed' – numbers not seen","verified: IShowSpeed's month-long US IRL tour drew massive crowds in SF/Oakland (CBS News, Yahoo 2025)",Real-person likeness (IShowSpeed) must not be used; large city map + scaling crowd AI is a heavy build and a server-performance risk,"Demand for the streamer-mob fantasy is real, but the streamer-sim lane is full and the city-plus-crowd-AI scope is too big for one month.","Drop the Speed likeness and city; do a single plaza arena where one player-streamer does stunts while everyone else is the chasing crowd (round-based, NPC fans as bot fallback).","Stream through a city: hit stunt spots (backflip over car, eat local food) before the crowd swarms you",The crowd AI scales with your hype; other players can be crowd leaders chasing you,IShowSpeed IRL tours with mobbing crowds,chase/streamer
119,HOB-081,Forage Mushrooms,13.4,CROWDED,MID,PIVOT,2,2,3,3,4,"Forage! (mushroom foraging, 22+ species) – no numbers; Looking for Mushrooms (250 species) – no numbers; Mushroom Hunter – no numbers; Get a Mushroom! – no numbers; Grow a Mushroom – no numbers; Mushroom Collecting Simulator – no numbers; Find the Mushrooms – no numbers (all roblox.com/YouTube search, Sep 2026)",unverified: #mushroom 9.5B TikTok views and 4.9M-follower claims were not seen,Teaching real-world mushroom ID and eat-or-not choices to kids is a safety/liability concern; use fantasy species,"At least seven mushroom foraging/collecting games already exist with no breakout among them, so theme alone won't win.","Use fantasy lookalike species and lead with the PvP hook: toxic-twin fainting drops your basket for others to steal, plus a base to protect rare finds.",Forest regrows after rain events → find mushrooms (species RNG) → ID check: gamble on unknowns or use guidebook → sell to chef or basket-show,Lookalike risk: misidentify a toxic twin and you faint (ragdoll) and drop your basket for others to grab; rare glowing species at night,"Mushroom foraging TikTok (lookalikes, 'turns blue when sliced')",Outdoor / nature hobby
120,WEB-014,Crush the Jar Festival,13.2,CROWDED,LOW,PIVOT,3,4,2,3,3,"Knock the Blocks (one player launches objects at a Jenga tower) – 85.6M visits, '2K playing' – robloxgames.org, undated; Destroy the Tower (Jenga + destruction physics, 50 players) – visits not surfaced – roblox.com, undated; devforum cannon-vs-tower game (tiny) – devforum, 2025",verified: Smash Fest! ranked No.1 worldwide by downloads in July 2026 (Sensor Tower July 2026 blog),physics destruction replication/lag with 4 players on one tower; weekly player-designed tower needs build moderation; RNG golden jars for cosmetics only,"Mobile demand is real, but tower-smash physics already exists on Roblox (Knock the Blocks 85.6M) and the co-op cosmetic loop earns like a party game.","Make each smashed jar drop a rolled collectible (pets/relics with mutations) into a permanent collection with luck/shot-upgrade painkillers, so it becomes a collection game instead of a party round.",Aim a cannon with limited shots; knock down stacked jar/stone towers via chain reactions,Co-op festival: 4 players each get 3 shots at one giant tower; shared score; RNG golden jars drop cosmetics; weekly tower designed by top players,Smash Fest! (#1 worldwide downloads Jul 2026),Mobile puzzle hit
121,SSN-054,Catch the Elf on the Shelf,13.2,CROWDED,LOW,PIVOT,3,3,2,3,4,Official 'Elf on the Shelf Snowball Fight' game exists on Roblox (IP holder present) – roblox.com/games/7581658375; gaze-rule movers are a common horror trope – numbers not surfaced,unverified: Christmas 2025 event claims not re-checked,Elf on the Shelf is trademarked IP with an official Roblox presence; seasonal only,"Fun asymmetric gaze-stealth prank loop, but the title is owned IP and the season is short.",Ship it unbranded as an evergreen 'catch the prank gnome' game with a Christmas elf-like skin for December only.,"One player is the elf who moves only when unseen, pulling pranks for points; kids must catch it before morning",Gaze-rule stealth prankster; after season becomes 'garden gnome',Elf on the Shelf tradition,Seasonal-Christmas/Winter
122,MSH-073,Scavenger Bingo,13.0,UNCHECKED,LOW,PIVOT,3,3,2,3,3,"physical-search twist not searched (budget exhausted); base format verified: 50 Player BINGO! (Turret Sims) – 19.64M visits, created Jul 18 2026, rising – Rolimons/IDK Stats, Sep 2026 (checked for MSH-049)",verified: 50 Player BINGO! 19.6M visits in ~2 months (Rolimons); Search For The Needle numbers not re-checked,"'A new town each round' means heavy level design; bingo has a gambling look, so don't sell cards","PROVISIONAL (lane unchecked): hunting for objects in the world is a real difference from sit-and-daub bingo, but it is a party format with low money and a big map load.","Put found objects into a rarity-rolled collection book (with luck boosts as consumables), and rotate 3 hand-built towns instead of a new town every round",Get card -> run and search -> claim items -> bingo line -> new town each round,"Twist: your bingo squares are real objects hidden in a big town; you have to go find them, and each item can only be claimed a few times",Parents: 50-player mass party (50 Player BINGO) x cozy search. Physical search bingo is new and co-play friendly.,Format mashup: 50-player mass party (50 Player BINGO) x cozy search
123,SSN-067,Make It a Snow Day,13.0,UNCHECKED,LOW,PIVOT,3,2,2,3,4,not searched – session web search budget (200) exhausted before this idea,unverified: Build the Pyramid! 4.3K CCU figure not seen,Seasonal only; server meter needs a populated server (needs bot fill); winter theme is crowded in December generally,"UNCHECKED (provisional): charming appointment moment but seasonal, low-monetization and dependent on full servers.",Fold the snow-day ritual meter into a winter event for an evergreen game rather than shipping it standalone.,"Do superstition rituals around town to fill a server meter; when full, school closes and the map becomes a 10-min sledding/snowball playground",Server-goal co-op with a real kid ritual; appointment moment,"Kid snow-day superstitions (pajamas inside out, spoon under pillow)",Seasonal-Christmas/Winter
124,SSN-006,Knock on One More Door,13.0,UNCHECKED,LOW,PIVOT,3,2,2,3,4,not checked: session WebSearch budget (200) exhausted before this idea,unverified (search budget exhausted),Needs 6 players per round (bots needed); Halloween window opens in ~4 weeks so build time is tight,"[provisional, lane unchecked] Clean Diamant push-your-luck party loop, but a round party game with cosmetics monetizes poorly and the seasonal window is close.","Add a persistent rare-candy collection (candy RNG from doors, displayed/traded) so banked shares feed a progression meta, and fill empty seats with bots.",6 players walk a haunted street; each door flips candy or a scare; after every door each player secretly chooses 'go home' (bank their share) or 'keep going'; a second copy of the same scare wipes everyone still out,"Push-your-luck with friends: the fewer who stay, the bigger each share — pure social greed; 3-min rounds",Diamant/Incan Gold push-your-luck board game + trick-or-treat,Seasonal-Halloween
125,TRD-060,Catch the Foul Ball,13.0,UNCHECKED,LOW,PIVOT,3,2,2,3,4,not checked: session WebSearch budget (200) exhausted before this idea,unverified (search budget exhausted),Taking a ball from a crying kid NPC is a mild meanness theme; baseball has limited Roblox pull,"[provisional, lane unchecked] Karma-choice catch is a cute clip moment but a stands-and-catch round game has little to sell.","Make it collection-first: rare foul/home-run ball RNG (signed, golden, vintage) displayed in a personal ball museum, with karma boosting rare drop odds.",Sit in stands; foul balls fly; race and dive to catch; give it to a crying NPC kid for karma or keep it,"Moral choice scoring: karma unlocks rare balls, keeping gets boos but coins",Viral 'fan steals ball from kid' baseball clips,party/sports
126,STM-005,Tee Off in Battle Golf,13.0,CROWDED,LOW,PIVOT,3,3,2,4,3,"Deadly Golf ('block, blast, or bamboozle', Super Battle Golf-inspired) – visits n/a – roblox.com 2026; Realistic Golf / Blox Golf – 32,445,357 visits – rolimons 2026; Golf Simulator, Super Golf! – n/a – rolimons","partly verified: Super Battle Golf exists (Brimstone/Oro, released Feb 19 2026, 1-8 players, simultaneous, items like golf cart, orbital laser, rocket driver, per Wikipedia/GameSpot); the 400K/500K sales and 19.7K CCU were not seen",physics ball sync for 8 players at once; ragdoll clips are fine; round-based party game,"Battle-item golf has only a small known Roblox clone (Deadly Golf) and clips well, but as a pure party round it earns about 18% of a collection game.","Add a persistent meta: unlock and upgrade a 2-slot sabotage-item loadout and ball/cart cosmetics through play and passes, with weekly hole packs, so there is progression to buy into.","8 players hit on the same hole at the same time; grab items (golf-cart ram, magnet ball, orbital laser) to wreck rivals; first 3 in the cup score; 9-hole match ~8 min","Simultaneous chaos golf with sabotage items, not turn-based mini golf; ragdoll hits clip well",Super Battle Golf (Feb 2026),Party PvP
127,PTY-007,Win the Beast Games,12.8,UNCHECKED,LOW,PIVOT,3,3,2,4,2,not searched: shared session web-search budget (200) exhausted before this idea,unverified: Beast Games S1 50M-viewer claim not re-seen,"owned IP/likeness (MrBeast, 'Beast Games' Prime Video title); cash-briefcase offers edge toward gambling look; 100-contestant format needs bots; many chained challenges = large level-design load","Provisional (lane unchecked): the bribe-to-quit mechanic is a good hook, but the title is owned IP and a 100-player chained-challenge show is a big build that earns like a party game.","Drop all MrBeast/Beast Games branding and ship a generic 'Take the Deal' elimination show with 4 reusable challenges, where bribe coins feed a permanent collection.","100 contestants play chained elimination challenges; between rounds a briefcase offer appears: take a guaranteed coin bribe and leave, or stay for the grand prize","The bribe is the mechanic: offers rise as players drop, and bribe coins fund your collection; bots take bribes to keep lobbies moving; seasonal challenge tapes to collect",MrBeast Beast Games (Prime Video),Party / TV game show
128,STM-002,"Fix the Rocket Blind, Deaf and Mute",12.6,CROWDED,LOW,PIVOT,2,4,2,4,3,"Blind, Mute and Deaf | 3 player obby – 20.2M visits, 1K all-time peak CCU (May 2026), 574 live – rowatcher/robloxgames.org 2026","verified: BOMBANANA #1 most-played demo of June 2026 Next Fest (670K+ players at fest, 6M demo players by Aug), 1M wishlists, 21,294 Steam peak CCU Sep 4 2026 (univers-simu, gamespress, bombanana.net)","needs exactly 3 players, no bot fallback for sensory roles; party round game = low monetization; disability-role framing could draw sensitivity complaints","Demand is real and fresh, but the exact blind/deaf/mute role split is already live on Roblox (20.2M visits) and party co-op monetizes poorly.",Keep the sensory-role defusal but add a solo/duo matchmaking fallback plus persistent collectible monkey crew and module-kit progression so it earns beyond cosmetics and does not clash with the obby.,"3 monkeys repair a sputtering banana rocket module by module; each module needs info only one monkey can perceive; 90s per module, 8 modules per launch","Server-enforced sensory roles: Blind (screen blacked out except outlines), Deaf (all audio + chat hidden, only sees pings), Mute (cannot type, only emotes/pointing). Communication itself is the puzzle; distinct from manual-reading defusal because every role is crippled differently",BOMBANANA! (most-played Next Fest demo June 2026),Friendslop co-op / communication
129,TRD-098,Tow the Bad Parkers,12.2,CROWDED,MID,PIVOT,2,2,3,3,3,Tow a Car (tow illegally parked cars to drop-off) – no numbers seen; Tow Truck Simulator (15163370289) – no numbers; Vehicle Simulator tow-truck gamepass (impound mechanic) – wiki; Towing Simulator – no numbers,unverified: evidence 'none'; no numbers seen for towing games,Asymmetric mode needs both sides filled; vehicle physics + tug-of-war hook is fiddly,"Plain towing is already done several times, and the asym parker-vs-tower twist depends on player counts that small servers won't have.","Make it steal-and-protect: players tow rare cars from rival lots into their own impound base, and owners buy locks and wheel clamps.",Drivers park illegally for quick cash; tow-truck players hook and haul them before they return,Owners can sprint back and fight the hook (tug-of-war),Towing and parking-enforcement viral clips,asymmetric/job
130,MSH-101,Whose Room Is It?,12.0,CROWDED,LOW,PIVOT,3,3,2,3,3,"Design It! – 244.0M visits (outfit design round game) – rolimons.com/game/399595838; Design A Room (decorate+vote rounds), BloxBnB – numbers not surfaced – roblox.com, Sep 2026. Guess-the-owner twist not found",verified: design-and-vote round games have large demand (Design It 244M visits); guess-owner twist itself unproven,needs 5-8 players and ideally friends; no bot fallback for guessing,"Fresh guessing twist on a proven decorate-round format, but pure party loop earns little and depends on friend lobbies.",Add a persistent unlockable decor collection (rare props from round wins and crates) so the round game feeds a monetizable inventory.,Decorate 3 minutes -> gallery tour -> guess owners -> points for fooling friends -> new theme,"Twist: 8 players each decorate a room anonymously from the same prop pool; the others must guess who built which room, and the best disguised builder wins",Parents: room decorating (Design It / Rate My Room) x deduction guessing. Guessing the owner is a stronger hook with friends than star ratings.,Format mashup: room decorating (Design It / Rate My Room) x deduction guessing
131,MSH-112,Open an Aura Museum,10.4,CROWDED,HIGH,KILL,3,4,4,3,4,"MANUAL RECHECK: Museum RNG already does truckloads → rare items → museum → visitors pay, offline (web search 9/27) || search budget exhausted; idea-supplied (not verified by me): Sol's RNG 2.1B+ visits, aura-RNG lane crowded",unverified (search budget exhausted),Visitor income needs other players to tour (add NPC visitors as fallback); star votes can be brigaded,"Provisional: it gives rolled auras a passive-income sink, which is a high-monetization combo that is simple to build.",,"Roll auras -> place the best ones in display cases -> other players tour your museum, pay entry and star-vote -> income grows by rarity/votes -> rebirth to a bigger wing","Twist: your rolled auras become exhibits; other players visit, pay entry, and vote; rarer exhibits earn passive income",Parents: RNG aura rolls x collect -> passive income. Gives RNG showoff an economy.,Format mashup: RNG aura rolls x collect -> passive income
132,WEB-102,Pass the Captcha Gauntlet,10.4,CROWDED,LOW,PIVOT,2,3,2,3,3,"The Captcha Game | I'm Not a Robot (The Woods Company, Aug 2025, neal.fun-inspired) – 8,804,353 visits – rolimons/robloxgo snippet 2026",verified: neal.fun 'I'm Not a Robot' exists and a Roblox adaptation reached 8.8M visits; the neal.fun listing figures in the evidence field were not checked,'server votes funniest custom captcha' = user text moderation; 30-player elimination needs full servers (no bot fallback),The captcha theme is already taken at 8.8M visits; the physical-room elimination version is different but is a low-monetization party round.,"Drop the custom-captcha voting and make it an elimination show that cycles through physical captcha rooms, works with 4+ players, and adds a meta where you collect 'humanity badges' and cosmetics.","Solve increasingly absurd captchas (click all the sad crosswalks, prove you have feelings)","Captchas are physical rooms: 'stand on every square with a bus'; 30 players, failers ejected; server votes funniest custom captcha","I'm Not a Robot (neal.fun, 2025–26)",Neal.fun viral toy
133,MSH-003,Roll for the Server,9.8,TAKEN,HIGH,PIVOT,2,4,4,3,4,"Sol's RNG – 2.1B+ visits (per idea evidence, not re-verified) – aura-RNG lane; Country RNG – Robux 'Server Boost' 2x luck for whole server – Fandom wiki, 2026; Mount RNG – +5 luck per friend in server, stacking – roblox.com/games page, 2026; RNG Heroes – timed Server Luck + group luck bonus – rngheroes.org, 2026; Slime RNG – luck stacks with players in server – Gamezebo","verified: shared/server luck boosts are already a standard RNG feature (Country RNG, Mount RNG, RNG Heroes, Slime RNG)",RNG roll animations can look like gambling if paid rolls are sold directly; keep rolls free and sell luck,"Shared server luck is already a common feature in several RNG games, and aura RNG is Sol's RNG's lane, so the twist is a feature rather than a new game.","Use the server luck meter only as a feature inside a collection game with a fresh, non-aura theme (e.g. a current trend object), not as the core pitch",Roll auras -> each roll adds 1 to the server meter -> meter pops -> 5-minute x3 luck storm for all 100 players -> chase your rare while it lasts,"Twist: every roll anyone makes charges a shared Server Luck meter; at each threshold the WHOLE server gets a timed luck storm, and the top 3 chargers get their names written in the sky","Parents: RNG aura rolls (Sol's RNG) x 100-player server goal (Build the Pyramid). Altruistic RNG: your rolls help strangers, which gives a reason to join full servers and to buy.",Format mashup: RNG aura rolls (Sol's RNG) x 100-player server goal (Build the Pyramid)
134,TRD-003,Shake the Mystery Box,9.2,CROWDED,HIGH,KILL,3,3,4,3,4,"same lane as HOB-002: Popmarket Simulator, UnBox BlindBoxes!, Mystery Box Simulator (shake your box), Unboxing Simulator – visits unknown – roblox.com/Rolimons Sep 2026 search",verified: Pop Mart blind boxes with a secret figure are real (Wikipedia); revenue figures not re-checked,Pop Mart/Labubu IP; gacha look,A duplicate of HOB-002 (same shake/weigh skill-gacha plus shelf-sniping); fold it into HOB-002.,,"Pick a sealed box, shake/weigh/tap it (sound + weight clues), guess the figure, then buy or pass",Luck becomes a skill: learn clue patterns to snipe secrets before other players grab the shelf,Collectors shake and weigh blind boxes in stores to guess the rare figure,collectibles/skill
135,WEB-080,Draw the Toilet Path,8.4,OPEN,LOW,KILL,4,2,3,3,3,"No draw-a-path-to-toilet Roblox game found; toilet-themed games exist but different mechanics: Last Pee Standing (find a toilet before time runs out), Pee Sim, The Pee Game, Pick a Toilet, Toilet Tower Defense – no numbers – roblox.com (Sep 2026); source game Toilet Rush is on Google Play/CrazyGames/GamePix","verified: multiple Toilet Rush draw-puzzle apps and web ports exist (Google Play, CrazyGames); no download figures seen",Freehand line drawing visible to others (moderation of drawn shapes); toilet humor fine but thin; simultaneous path collision sim needs care; needs 4+ players,Open lane but it is a 2D puzzle ad gimmick with weak Roblox fit and cosmetics-only monetization.,,Draw a path for each character to their toilet without crossing others' paths; then watch them run,"Every player draws their own avatar's path simultaneously; when time's up, all run and collide physically",Toilet Rush / 'draw lines to the bathroom' ads,Fake mobile ad made real
136,TRD-016,Squish the Giant Squishy,8.4,CROWDED,MID,KILL,3,3,3,4,5,"MANUAL RECHECK: Squishy lane full: SQUISHY EMPIRE, Squishy Simulator, Squishy ASMR World, ASMR Squishy Tower, Clean the Squishies, Dig a Squishy; Needoh Tower 92M+ (web search 9/27) || not searched – session web search budget exhausted",unverified: NeeDoh/Schylling sales and shortage reports not seen,NeeDoh is a brand – keep squishies generic; server boss needs bot squeezers in low-pop servers,UNCHECKED (provisional): trivial to build co-op boss-clicker with loot bursts and good ASMR clip value.,,Whole server squishes one giant squishy together; each squish fills a meter; when it bursts everyone gets loot,Co-op boss that is a stress ball; top squeezers get the rare core,NeeDoh + satisfying squish videos,coop/asmr
137,STM-026,Ripen the Server Banana,8.0,OPEN,MID,KILL,3,1,2,2,5,"Banana Smash – 'Best Banana Clicker', UGC rewards, counts not shown; Click a Banana! (free UGC); banana by Kirtyx; Banana Clicker (Jun 2024) – roblox.com/creatorexchange, dates 2024-2026; none found with a shared server banana goal","refuted: Steam Banana (Jun 2024) peaked ~850K CCU but dev said only ~141K were real, the rest bots farming real-money skin drops; fell to ~100K by Nov 2024 (Forbes, Polygon via Yahoo, mte.cc)","source hype was bot-driven real-money skin trading, which Roblox cannot replicate; tapping-only loop is thin","The Steam 'phenomenon' was bot-inflated cash farming, banana clickers already exist on Roblox as UGC bait, and a shared tap goal alone is too thin to retain.",,Everyone taps one giant server banana through ripeness stages; each stage unlocks a server buff; when ripe it peels and drops banana-skin cosmetics by contribution share,100-player shared goal (Build the Pyramid pattern) + contribution-weighted RNG drop,Banana (2024 Steam clicker oddity),Incremental / server goal
138,SSN-075,Launch a Firework,7.8,CROWDED,HIGH,KILL,3,2,4,4,3,"MANUAL RECHECK: Fireworks Playground (2,558 fireworks), Build A Firework Show, Firework Simulator! (web search 9/27) || not searched – session web search budget exhausted",unverified: evidence field is 'none' and could not be searched,Hourly show needs crowd to rate (bot fallback needed); craft RNG must avoid loot-box look; seasonal peaks (NYE/July 4) only,UNCHECKED (provisional): shell-crafting RNG monetizes well but demand is unproven and the hourly show is seasonal-peaked.,"Lead with collectible shell-pattern RNG and a personal launch pad (showoff any time), keep the top-of-hour server show as a bonus event.",Craft firework shells (star mix RNG patterns) → queue into the top-of-hour server show → crowd rates; New Year's Eve mega-show,"Hourly appointment show, craft RNG, showoff in the sky",New Year fireworks; 'it's midnight somewhere',Seasonal-New Year
139,TRD-005,Squeeze a NeeDoh,6.8,TAKEN,MID,PIVOT,2,4,3,3,4,"Needoh Tower (tower obby, 325+ stages) – 92.9M to 199.6M visits (sources differ), ~28K active players – rblxdb/vexu.gg 2026; Needoh Gear Tower – rolimons, no number seen; Needoh Trading!, Satisfying Squishy Pastel Wax Needoh Tower, Would You Rather: Needoh or Squishy Dumpling Tower, Find The Squishies – no numbers – roblox.com (Sep 2026)",verified: NeeDoh theme pulls on Roblox (Needoh Tower 90M+ visits since Mar 2026); press shortage claims (Bloomberg/Today) not re-seen,'NeeDoh' is a Schylling trademark – cannot use the name; clicker squeeze loop is shallow; many squishy clones already,Squishy demand is proven but the NeeDoh name is both trademarked and already saturated by a 90M+ visit leader and clones.,"Original-IP squishy collection with a steal/protect or mutation-merge core (daily limited drops), no NeeDoh branding.","Squeeze squishies with ASMR sounds, each squeeze earns coins, buy daily-drop squishies (one style per day)",Daily store drops mirror the real shortage; squishies can 'overstretch' and pop for rare goo mutations,NeeDoh squishy craze 2025-2026,collectibles/asmr
140,HOB-053,Dive for Golf Balls,6.4,CROWDED,HIGH,KILL,2,2,4,3,4,"Loot the Deep (dive, loot, oxygen, sell; has GameRant codes page) – visits not shown – roblox.com/games/133578161617000; DIVE (dig ocean floor, appraise, sell) – visits not shown – roblox.com; Deep Dive Simulator – visits not shown – roblox.com; Abyss (deep-sea oxygen RPG, launched Feb 8 2026) – visits not shown – arswebtech 2026",unverified (evidence 'none'; golf-ball diver TikToks not checked),None major; gator threat must stay non-gory,The dive-collect-oxygen-sell loop is already occupied by several live games and the golf-ball skin adds little kid appeal.,,"Dive into murky pond → sweep bottom by feel (limited visibility) → bag balls (RNG: logo, vintage, signed) → sell by bucket",Gator threat and oxygen timer; rival divers share ponds; rare 'hole-in-one' ball events,Golf-ball diver TikToks (divers pulling thousands of balls from gator ponds),Unusual job
141,RES-027,Grow a Pearl,6.4,CROWDED,HIGH,KILL,2,2,4,3,4,"Farm Pearl Oysters (clam farm, pearls produced offline, merge clams – same core mechanic) – visits not surfaced – roblox.com, Sep 2026; My Pearl Farm (Medal clips); pearl systems inside Fisch/Islands",unverified: #pearlpartylive 6B figure is from 2022 and was not re-checked; trend is old,oyster-opening surprise reveals read as loot-box/gambling; generic Grow-a-Garden reskin,The exact grow-offline-pearls mechanic is already live in at least two games and the source trend is four years old.,,"Seed oysters, grow offline, pry open pearls",Tide weather mutations; jewelry multipliers,#pearlpartylive (6B TikTok views),research-sourced
142,MSH-128,Chase the Rainbow's End,5.8,CROWDED,MID,KILL,2,3,3,3,5,"Fisch Lucky Rainbow event (race to a Pot of Gold spawn every 15 min) – no figures seen – nerdschalk/ProGameGuides, 2026; Rainbow Friends Race (clicker speed race) – visits not surfaced – roblox.com/urgametips, Sep 2026; Speed Race (MasterDaniel / Boyas Studios) – visits not surfaced",unverified: Grow a Garden weather figures not re-checked; speed-race sims exist but no numbers seen,none major,"The race-to-the-pot-of-gold server event already exists inside Fisch, and speed-training race sims are a saturated, undifferentiated lane.",,Train speed on the track -> a rainbow appears somewhere on the map -> whole server races there -> first 3 get pots -> spend on speed and shortcuts,Twist: a rainbow appears at a random spot every few minutes; the whole server races to its end for a pot; speed stats and shortcuts matter,Parents: RNG weather events (Grow a Garden) x incremental runner race. Server-wide moments; simple build.,Format mashup: RNG weather events (Grow a Garden) x incremental runner race
143,TRD-084,Shear the Sheep,5.8,CROWDED,MID,KILL,2,3,3,3,5,"Shepherd Simulator (HIUH Games, released Mar 11 2026) – 17.5M visits, 3.04K CCU, 93% likes – rowatcher/creatorexchange 2026; Sheep Shearing Simulator (shear, rare sheep, tool upgrades) – medal.tv, counts not shown; Sheep Farm Simulator; Sheep! – roblox.com",unverified: #oddlysatisfying 69.8B views not re-seen; Roblox sheep demand proven by Shepherd Simulator,none,"A live 17.5M-visit, 3K-CCU sheep sim from March 2026 plus an existing Sheep Shearing Simulator with rare-sheep rolls already cover this loop.",,Shear fluffy sheep in one smooth pass; fleece size and color roll; sell wool,Speed-shearing contest each 10 minutes vs server,Sheep shearing satisfying videos,satisfying/farm
144,MSH-054,Muddy vs Mops,5.8,OPEN,LOW,KILL,3,2,2,3,3,"Splatgoo (Splatoon clone) – visits n/a, DMCA'd by Nintendo Dec 2022 / Mar 2025 – fandom; no mud-vs-clean team game found",verified: cleaning demand (Wash The House 31.5K players); the Splatoon-style territory lane has no live Roblox leader (Splatgoo was taken down),team territory rounds need even teams (no bot fallback); a Splatoon lookalike risks a Nintendo takedown (as happened to Splatgoo),"It overlaps MSH-044 with weaker money (a pure team round), so fold the mud/clean territory idea in as a MSH-044 game mode.",,Mud team throws/drives mud -> mop team scrubs -> 3-minute rounds -> earn tools,"Twist: one team splats mud, the other team cleans it; the map's clean % decides the round, and swapping sides each round keeps both fun",Parents: cleaning ASMR x team territory PvP. Cleaning ASMR becomes Splatoon-style territory.,Format mashup: cleaning ASMR x team territory PvP
145,MSH-089,Roll for a Friend,5.2,CROWDED,MID,KILL,3,3,2,3,4,"Sol's RNG – visits not seen in snippet (record cites 2.1B) – roblox.com/games; Aura RNG – visits unknown, already gives +100% luck per friend in the server – Rolimons/Fandom; Project Aura RNG – visits unknown, active Sep 2026 codes – ProGameGuides; gift-your-roll mechanic not found",unverified (Sol's RNG 2.1B not seen in my results; lane activity confirmed via several live aura-RNG games),"luck purchases benefit a stranger, which breaks RNG monetization; random partners can leave or grief, so it needs a bot/NPC partner","Nobody pays for luck that lands in someone else's inventory, and the good part (social RNG) is better served by MSH-126.",,Pair up (friend or random) -> press roll -> your pull lands in their inventory and theirs in yours -> thank or grumble in chat -> fill your dex with gifted auras,Twist: you cannot roll for yourself: every roll goes to a friend or random player and you get theirs,Parents: RNG aura rolls x gift friction. Makes RNG social.,Format mashup: RNG aura rolls x gift friction
146,WEB-058,Do Chores Among Hazards,5.0,UNCHECKED,LOW,KILL,3,3,3,4,3,not searched – session web-search budget exhausted,unverified (House of Hazards Poki popularity not re-checked; evidence field had no figure),"'House of Hazards' name is someone's game – do not reuse title/art; pure party round, cosmetics only; needs 4+ players",Provisional: a clip-friendly party game but unverified demand and party-tier monetization (~18% of collection games per player-hour).,,"Do simple house chores (make coffee, check mail) while triggering traps on rivals (falling fridge, door slam)",8 players in one Roblox house; each room's trap panel usable by anyone near; perfect clip game,House of Hazards,Poki hit
147,HOB-105,Chase the Cheese,5.0,UNCHECKED,LOW,KILL,3,2,3,4,4,not searched – session web-search budget exhausted; elimination/party lane context: Last To Leave the Circle 604.6M visits (rolimons) is unrelated mechanic,"unverified (evidence 'none'; cheese-rolling is an annual late-May event, off-season now)",Ragdoll physics with 20 players can lag; seasonal source; cosmetics-only round game,Provisional: fun clip bait but a one-note ragdoll race with no verified demand and low monetization.,,Cheese wheel launched down a steep hill every 90s → 20 players sprint/ragdoll after it → first to grab wins the wheel (rarity RNG: gold wheel),Pure ragdoll comedy race with a collectible prize; tumble physics = clips; 'hill shape' rotates each round,Cooper's Hill cheese-rolling race (annual viral tumble clips),Hobby sport / party / misc
148,TRD-073,Play Marbles for Keeps,5.0,UNCHECKED,MID,KILL,3,2,3,2,4,not searched: session WebSearch budget exhausted,unverified: evidence 'none',"MAJOR: staking RNG-rarity items (buyable with Robux) on a skill/chance match where the loser forfeits them is wagering, which Roblox treats as gambling; this is the core twist","PROVISIONAL (lane unchecked): the 'for keeps' stake that defines the idea is wagering items of value, which breaks Roblox gambling rules, and removing it removes the hook.",,Flick your shooter to knock marbles out of the ring; winner keeps the opponent's staked marble,Real stakes: rare marbles change hands; marbles have RNG patterns,Playground marble 'keepsies',pvp/school
149,MSH-032,Audit the Tycoon,5.0,UNCHECKED,MID,KILL,3,3,2,3,3,not searched: session WebSearch budget exhausted,unverified: MM2 CCU figures in the idea record not re-checked,"Needs 6 humans per round, with no workable bot fallback for social deduction; ledger/skim UI must be readable for kids","PROVISIONAL (lane unchecked): a 6-player deduction round has no bot fallback, and it mixes a slow tycoon pace with a fast whodunit, so it will struggle to fill servers.",,Build shared generators -> watch the ledger -> call an audit -> vote -> Embezzler wins if the stash hits the target,Twist: 6 players co-own one shared tycoon; one secret Embezzler skims coins into a hidden stash; audits (votes) happen every payday,Parents: collect -> passive income -> rebirth x round-based deduction. Turns the tycoon grind into a whodunit about money.,Format mashup: collect -> passive income -> rebirth x round-based deduction
150,TRD-068,Fill the Stadium Sticker Wall,5.0,UNCHECKED,MID,KILL,3,2,2,3,4,not searched – session web search budget exhausted,unverified: TikTok World Cup view figures not seen; World Cup ended Jul 2026,World Cup/FIFA/country-team IP adjacency; trend decayed; overlaps HOB-006,UNCHECKED (provisional): a community-goal feature on a finished event that duplicates HOB-006.,,Server donates stickers to a giant shared wall; completing a country unlocks a celebration event for all,Community goal on top of personal collection,World Cup sticker collecting,coop/sports
151,TRD-007,Fill the Sticker Album,4.8,CROWDED,HIGH,KILL,1,2,4,3,4,"2026 Football Sticker Album / 2026 World Cup Sticker Album (id 131231419147635) – 7.09M visits, 531 CCU in snippet – Creator Exchange/Rolimons, Sep 2026 search; Complete the Sticker Album: 2026 Football WC / 2026 Soccer WC Sticker Album – visits unknown – roblox.com/Creator Exchange; both already have packs, 5 rarities (incl. Shiny), trading and album-completion rewards","unverified (TikTok WC numbers not re-searched); the World Cup ended in Jul 2026, so the hook is past its peak",real football likeness avoided only if players are fictional; FIFA/World Cup branding is owned IP; event-dependent demand is already past,"The exact mechanic (packs, shiny rarity, album completion, trading) is already live in at least two WC sticker games, and the World Cup is over.",,"Open sticker packs of fictional footballers, stick them in the album, shout 'got/need' trades in the playground plaza",Shiny captains are 1-in-500; completing a team page unlocks that team's kit for your avatar,World Cup 2026 sticker album swapping at school,collectibles/trading
152,TRD-010,Open a Daily Advent Door,4.6,UNCHECKED,MID,KILL,2,2,3,2,5,not searched – the session's web-search budget ran out,unverified (NeeDoh figures not re-checked),"one action per day is a retention feature, not a game; a streak-break penalty can feel punitive","Provisional: this is a daily-login feature to bolt onto a collection game, not a standalone game.",,"Every real day unlock one door, reveal a mini toy; streaks multiply rarity; 24 doors per season",Built around the calendar habit: miss a day and your streak cracks; friends' calendars can be gifted doors,NeeDoh advent calendar kicked off the 2025 craze,retention/collectibles
153,WEB-066,Kick the Free Kick,4.6,CROWDED,MID,KILL,2,3,3,3,4,"Super Free Kick SFK (multiplayer shooting at others' nets, blocking, rare footballs/shooters collection) – 37.1M visits, 674K favorites – thegamer/roblox snippet, codes active Sep 2026; That Freekick Challenge (TFC, wall + keeper) – codes active Sep 2026, visits not seen – progameguides/gamerant; Freekick Simulator (Jan 2025, AI keeper, 3-man wall) – rolimons, no number",unverified (Soccer Superstar July 2026 surge claim not re-seen; World Cup tailwind ended July 2026),"Player-as-wall needs 5+ players per round, no bot fallback; post-World Cup demand decay","Super Free Kick (37M) already combines multiplayer blocking with collection and two more free-kick games are live, while the World Cup spike has passed.",,Swipe to curl a free kick over the wall into the corner,The wall is made of real players who jump to block; keeper is a player; score = goals minus blocks,Soccer Superstar / flick-kick soccer (July 2026 surge),Mobile hit
154,MSH-108,Be the Robot Vacuum,4.6,CROWDED,MID,KILL,2,3,3,3,4,"Robot Vacuum Simulator (WildGuest Games) – visits not shown; same core: vacuum grows, eats rival vacuums – roblox.com Sep 2026; Vacuum For Brainrots! – 17.4M visits – rolimons Sep 2026; Vacuum Everything – 6.1M visits – rolimons Sep 2026; VACUUM SIMULATOR, Squishy Vacuum Cleaner Simulator – small","unverified: cleaning-game numbers (Wash The House, Dig & Clean, Clean a House) not re-checked",none major; .io PvP needs bots for low-pop servers,Robot Vacuum Simulator already ships the exact grow-and-eat-rival-vacuums loop and several vacuum sims share the theme.,,Suck up crumbs (ASMR) -> grow -> trap others -> leaderboard -> new house,Twist: you are a robot vacuum in a messy house that grows a longer dust-bag tail as you clean; bump into another vacuum's tail and you burst into dust,Parents: snake.io growth x cleaning ASMR. Cleaning as a PvP .io; very clippable.,Format mashup: snake.io growth x cleaning ASMR
155,WEB-078,Shoot the Number Gates,4.6,CROWDED,MID,KILL,2,3,3,3,4,"Make an Army : Red VS Blue [Beta] (UH Games; run through gates to multiply units, then arena clash) – has its own 2026 wiki, counts not shown – rolimons/makeanarmy.wiki; Make a Army!; Build an Army! – roblox.com, counts not shown",verified: gate/choice fake ads are documented industry-wide (Playrix's ads were the first banned as misleading by the UK ASA in Oct 2020; fakeadgames.com exists); Count Masters crowd-runner exists on iOS – no player-demand numbers seen,"troll-shoots-gate-negative griefing needs a counter; shooter, but no gore","A gate-multiplier army runner (Make an Army) is already live on Roblox with its own wiki, and co-op gate shooting is a thin twist on it.",,Army runs down a lane; shoot gates to turn -10 into +30; pass gates to grow the squad; face the boss,Co-op lane: 4 players each shoot at a shared gate row; a troll can shoot a gate negative; boss at the end needs the whole squad,Last War / Evony gate-shooter fake ads,Fake mobile ad made real
156,TRD-027,Waddle the Lucky Duck,4.4,UNCHECKED,MID,KILL,2,2,3,3,4,not searched – session web search budget exhausted,unverified: World Cup duck virality not seen; World Cup ended Jul 2026 (decay),World Cup/national jersey = FIFA IP adjacency; trend already past; conga-absorb .io loop is generic,UNCHECKED (provisional): stale World Cup meme on a generic .io absorb loop.,,Waddle through a celebrating city; fans (NPCs and players) join your parade conga; bigger parade = more coins,Your parade crashes into rival parades; the bigger one absorbs the smaller,Merlin the World Cup duck in a Mexico jersey,animal/parade
157,MSH-060,Sponsor a Camper,4.4,UNCHECKED,MID,KILL,2,4,3,3,2,not searched by me – budget exhausted; shortlist record: 99 Nights in the Forest ~259.5K CCU plus many 99N-likes (unverified),unverified: 99 Nights CCU figures not seen by me,Survive-the-night co-op is a large build for 1 month; lane is a clone crowd behind a giant,"UNCHECKED (provisional): spectator sponsorship is a feature, not a game, and would enter the 99 Nights clone crowd with a heavy build.",,Campers survive -> spectators sponsor -> drops land -> sponsors earn if their camper wins,"Twist: dead or waiting players watch live and send supply drops (bought with soft currency) to their favorite camper, who shares rewards","Parents: survive-the-night co-op (99 Nights) x spectator sponsorship. Keeps dead players engaged, the biggest churn point in survival rounds.",Format mashup: survive-the-night co-op (99 Nights) x spectator sponsorship
158,TRD-046,Make Dubai Chocolate,4.4,UNCHECKED,MID,KILL,2,2,3,3,4,not searched – session web search budget exhausted,unverified: Tastewise/Gulf News figures not seen; craze peaked 2025,'Dubai chocolate' tied to specific brands (FIX); trend aging by late 2026; sound-judged crunch is hard to make readable,UNCHECKED (provisional): a 2025 food craze on a generic cook-and-sell loop that is likely already copied.,,"Toast kataifi, mix pistachio cream, fill and set a bar; the 'crack test' crunch rates quality; sell to NPC queue",The crunch is judged by ASMR sound; server-wide pistachio shortage events spike prices,Dubai pistachio-kataifi chocolate craze,food/asmr
159,PVP-033,Dodge the Pitching Machine,4.2,UNCHECKED,LOW,KILL,3,3,2,3,4,"not searched (search budget exhausted); idea cites DODGEBALL! 68.3M and Dodgeball Legends 43.75M visits, not re-seen",unverified,needs ~8+ players for 1-vs-many to feel good (bots needed); cosmetics-only round game,Provisional (lane unchecked): a 1-vs-many dodgeball round is a pure party format with cosmetic-only monetization in a genre the idea itself says already has 40-68M-visit games.,,One player drives a rotating ball-cannon turret; 15 players dodge across a gym; hit players join the cannon crew,1-vs-many dodgeball; infected mechanic keeps everyone playing,Dodgeball + pitching-machine clips,asymmetric PvP
160,MSH-046,Build the Secret Word,4.0,UNCHECKED,LOW,KILL,3,3,3,3,3,not searched – session web-search budget exhausted,unverified (TikTok 'Imposter Game' trend claim not checked),"Freeform block building shown to lobby = moderation risk (obscene builds); needs 6+ players, no bot fallback; 60s build tool must be very simple",Provisional (occupancy unchecked): a party-tier word/build round with moderation exposure and no monetization spine.,,Get word -> build with blocks -> gallery walk -> vote -> impostor guesses word to steal the win,Twist: everyone gets the same secret word (e.g. 'pizza') and builds it in 60 seconds; the impostor never saw the word and must fake a build; vote,Parents: TikTok 'Imposter Game' x build battle. Converts a live TikTok party-game trend into a visual Roblox round.,Format mashup: TikTok 'Imposter Game' x build battle
161,MSH-084,Poison the Garden,3.8,UNCHECKED,MID,KILL,3,2,2,3,3,not searched: session WebSearch budget exhausted,unverified: Grow a Garden and MM2 figures in the idea record not re-checked,Social deduction needs 5+ humans with no bot fallback; 'overnight' spread conflicts with round-based sessions,"PROVISIONAL (lane unchecked): it grafts social deduction onto a garden format the record itself calls fading, and it can't run without full human lobbies.",,Plant and water -> weeds appear -> inspect footprints -> vote -> harvest,Twist: a community garden with one secret weed-planter whose weeds spread overnight; vote them off the plot,Parents: plant-and-wait garden (Grow a Garden) x round-based deduction. Takes a fading format and adds a social hook.,Format mashup: plant-and-wait garden (Grow a Garden) x round-based deduction
162,WEB-043,Fire the Mob Cannon,3.6,UNCHECKED,MID,KILL,3,2,3,3,2,not searched (search budget exhausted),unverified: idea itself says no Mob Control figure was verified,hundreds of physics mobs per match is a replication/performance problem; 1v1 live needs an opponent (bot fallback needed),"Provisional (lane unchecked): no demand number was verified, and a live 1v1 physics mob swarm is hard to make run well on Roblox mobile.",,Fire a stream of little mobs through multiplier gates to overrun an enemy base,1v1 live: both bases fire at once; gates in the middle shift; mobs clash in the middle as a physics tug-of-war,Mob Control (Voodoo),Hybrid-casual
163,SSN-070,Fatten a Bear,3.4,CROWDED,MID,KILL,2,2,3,3,4,"Bear Simulator (Protori & BarDowned; become a bear, eat, grow huge, trade skins) – visits not found – roblox.com/games/18309606915 / Rolimons, 2026; Fat Simulator, Eat and Get Fat Simulator, Eat Food and Get Fat, Fat Belly Simulator, be FAT – roblox.com/games","verified: Fat Bear Week is real and annual, but the 2026 vote runs Sep 22–29 (Popular Science/Discover Wildlife), so the window closes 2 days from today",The seasonal hook is already over for 2026 (next is Sep 2027); 'fatten' themes can draw body-image complaints if applied to player avatars,"The 2026 Fat Bear Week window is basically over, and eat-and-grow bear/fat simulators already exist.",,Catch salmon to fatten your bear before hibernation; bracket vote every hour decides the fattest bear on the server,Cute incremental + bracket voting; real annual viral event,"Katmai Fat Bear Week (annual October online vote, explore.org)",Seasonal-Other
164,SSN-029,Die and Become the Monster,3.4,CROWDED,MID,KILL,2,3,3,3,3,"Zombie Infection, Infection [HORROR] (PhoenixSigns), Infection [HORROR] (family-mutation), Infection (4531385883), The House 'The Infection' mechanic – no numbers surfaced – roblox.com/fandom, Sep 2026",unverified: RoLearn horror report figures not re-checked; many live infection games found,none major,"Die-and-join-the-hunters is the classic Roblox infection mode with many existing occupants, so the twist is not new.",,Survivors do objectives; every death respawns you as a small monster that joins the hunt; last human standing wins,"No spectating ever: the lobby flips from co-op to 1-vs-all, keeping 8 players engaged to the end",Infection/zombie tag; spectator-boredom fix,Co-op Horror
165,STM-085,Troll the Runner,3.4,CROWDED,MID,KILL,2,2,3,3,4,"Troll-obby cluster: PHONK TROLL OBBY ('troll your friends or spectate their rage'), THE TROLL OBBY, Troll Obby, HARD TROLL OBBY – n/a – roblox.com/rolimons; Funk Tower (players use banana peels/slap/freeze guns on climbers) – n/a – sportskeeda; 'Someone Controls The Trap Obby' TikTok tag (game unnamed)",unverified: evidence 'none'; the chat-controlled streamer-game trend was not checked,needs many spectators per runner (no bot fallback); troll dev-products are already a common Roblox pattern,Troll obbies and player-sabotage climbs (Funk Tower) already cover this fantasy and there is no verified demand signal.,,"One runner attempts an obstacle course while 20 spectators spend points to spawn traps, wind, and bananas; runner earns big if they finish","Audience-vs-runner format: spectators are players, not viewers; everyone takes turns",Chat-integration streamer games,Streamer-bait party
166,TRD-115,Become the Claw Machine Prize,3.0,UNCHECKED,LOW,KILL,3,2,2,3,4,"not searched – the session's web-search budget ran out (the record itself cites Tokyo Claw Machine 74.9M and Claw Machine Arcade 70.4M visits, not verified by me)",unverified (evidence 'none'; not searched because the budget ran out),asymmetric chase needs a populated server; cosmetics-only party monetization,Provisional: a party chase with no demand evidence that monetizes at party-game rates next to an occupied claw lane.,,Players are plush prizes inside a giant claw machine; one player drives the claw; prizes dodge and hide,Flips the occupied claw lane into asymmetric chase; caught prizes become next operators,Claw-machine TikToks (lane occupied by normal claw games),asymmetric/party
167,RES-023,Camera Room Saboteur,3.0,UNCHECKED,LOW,KILL,3,3,2,3,3,not searched (search budget exhausted); idea cites 'Be an Anomaly or Guard' (scale unknown),unverified: evidence (Animal Hospital CCU) is unrelated to this mechanic,"social deduction needs 5+ real players, no bot fallback; voting chat needs moderation","Provisional (lane unchecked): social-deduction rounds need full lobbies, monetize at party-game rates, and a direct occupant already exists.",,"Watch cameras, report anomalies",One player secretly causes the anomalies; vote them out,Observation Duty + Among Us,research-sourced
168,SSN-074,Take the Polar Plunge,3.0,UNCHECKED,LOW,KILL,3,2,2,3,4,not checked: session WebSearch budget (200) exhausted before this idea,unverified (search budget exhausted),Dare wheel may read as a spin-wheel/gambling visual; one-day seasonal appointment,"[provisional, lane unchecked] A one-day New Year endurance party with cosmetic-only monetization has little lifespan or revenue.",,"Jump into icy water; stay longest; a dare wheel adds challenges (dive deeper, no jacket); warm up in the hot tub",Endurance party + dare wheel; New Year appointment,New Year's Day polar bear plunge,Seasonal-New Year
169,STM-021,Rule the Kingdom by Server Vote,3.0,UNCHECKED,LOW,KILL,3,2,2,3,4,"UNCHECKED (session WebSearch budget exhausted before this idea; verdict provisional, re-check occupancy)",unverified: Reigns not re-checked (no search budget left),card-swipe every 20s risks reading as a doomscroll mechanic (banned Aug 25 2026); needs full servers; bribe-voters could be pay-to-win,"Provisional: a swipe-feed loop close to the doomscroll ban, with low monetization and dependence on full servers.",,Every 20s a royal decision card appears and the whole server swipes yes/no; kingdom meters shift; when one hits 0 the random player-king dies and a new king is crowned,Twitch-plays governance: the crowd controls one king; king can bribe voters,Reigns swipe format,Party / streamer-bait
170,PVP-032,Play Gaga Ball,3.0,UNCHECKED,LOW,KILL,3,2,2,3,4,"search budget exhausted; idea-supplied (not verified by me): DODGEBALL! 68.3M visits, Dodgeball Legends 43.75M, DodgeBall X 2.1M",unverified (search budget exhausted),Round-based party PvP with cosmetics only; the nostalgia is mostly US summer-camp,"Provisional: a niche dodgeball variant inside an occupied dodgeball lane, with party-game monetization.",,"Octagon pit; slap the ball with your hand, hit anyone below the knees = out; last in the pit wins; 60s rounds","Dodgeball variant with close-range hand slapping, no throws; nostalgia for US kids",Gaga ball - US summer-camp octagon dodgeball,team PvP sport
171,SSN-026,Pass the Cursed Doll,3.0,UNCHECKED,LOW,KILL,3,2,2,3,4,search budget exhausted; none recorded,unverified: evidence 'none',"The core loop teaches disguising an item to trick someone into a trade, which resembles the trade scams Roblox moderates; needs a populated server","Provisional: no demand evidence, low monetization, and a trick-the-trade core that brushes against scam norms.",,"Every 3 minutes the doll takes whoever holds it to the Doll House obby; you can only get rid of it via a trade the other player accepts, so disguise it as a gift",Hot potato where passing requires consent — tricks and bluffs make the drama,Cursed doll urban legends; hot-potato,Seasonal-Halloween
172,RES-013,Check a Million Boxes,2.8,UNCHECKED,MID,KILL,3,2,2,2,3,not searched – the session's web-search budget ran out,unverified (a 2024 web fad; 500K/650M figures not re-checked),a million-cell shared board is a replication/performance problem in Roblox; the source fad is over two years old,Provisional: a thin clicker loop on a stale 2024 web fad with a hard shared-state build.,,Check boxes on a giant shared board for coins,Checkers vs uncheckers team war; golden boxes; rebirth,"Web One Million Checkboxes (~500K players, 650M checks)",research-sourced
173,TRD-038,Let Chat Control Me,2.8,UNCHECKED,LOW,KILL,3,2,3,3,3,not searched – session web-search budget exhausted,unverified (Kai Cenat subathon figure not re-seen; not direct evidence for chat-controlled play),"'Chat earns by betting where the runner fails' = gambling look; needs 1 runner + ~20 voters, dead with small lobbies; streamer framing leans on Kai Cenat/Twitch branding",Provisional: population-dependent party format with a betting mechanic that reads as gambling and weak demand evidence.,,"One runner plays an obstacle course; 20 others are chat voting inputs, traps and gravity every 5 seconds","Crowd-sourced chaos; runner earns by surviving, chat earns by betting where the runner fails",'Twitch Plays' and chat-controlled streams,social/streamer
174,MSH-049,Haunted Bingo Night,2.8,CROWDED,LOW,KILL,2,3,2,3,5,"50 Player BINGO! (Turret Sims) – 19.64M visits, created Jul 18 2026, 'rising' – Rolimons/IDK Stats/Dexerto, Sep 2026; Bloxy Bingo – visits unknown – roblox.com/games; no horror-bingo game found",verified: 50 Player BINGO! 19.6M visits in ~2 months (Rolimons),Bingo has a gambling look (don't sell cards or boosts that feel like betting); only one Halloween window; the incumbent can ship a haunted event in days,"This is a seasonal reskin of a fast-growing 19.6M-visit game whose developer can copy it as a Halloween event, and party bingo earns little.",,Watch numbers -> daub fast -> lights flicker -> survivors keep playing -> BINGO or last alive wins,Twist: a monster calls the numbers; every call dims the lights and the monster grabs the slowest dauber; be fast AND lucky,Parents: 50-player mass party (50 Player BINGO) x survive-the-night horror. Halloween-ready twist on a proven mass-party format.,Format mashup: 50-player mass party (50 Player BINGO) x survive-the-night horror
175,TRD-026,Be the Giant Seal,2.8,UNCHECKED,LOW,KILL,3,2,2,4,3,not searched – session web search budget exhausted,unverified: Yahoo Lifestyle 2026 viral-animals listing not seen,Single viral animal = short trend half-life; 1-vs-many needs minimum lobby (bot rangers needed),UNCHECKED (provisional): one-animal viral hook with a niche asymmetric round format and weak monetization.,,"One player is a huge seal flopping through town onto cars, cafes and beaches; rangers try to herd it back to the sea with fences and fish",1 vs many: seal scores by 'occupying' landmarks; seal gets fatter and harder to move the longer it stays,"Neil the 2,200-lb seal who goes wherever he wants",asymmetric/animal
176,TRD-034,Run the Giant Treadmill,2.6,CROWDED,LOW,KILL,2,3,3,3,4,"The Biggest Treadmill GAME!?????? – 7.58M visits, created Jul 2026 (Small Studios sss) – rolimons snippet Aug 1 2026; The Fastest Treadmill GAME – no numbers – roblox.com; Dexerto article on a viral Roblox Black Mirror treadmill game (2026); Last To Leave the Circle – 604.6M visits (elimination format) – rolimons","unverified (MrBeast treadmill video not re-checked; treadmill games are growing on Roblox, 7.6M in ~2 months)","40-player lobby needed, no bot fallback; pure party round with cosmetics only",Treadmill games already hit 7.6M in two months and the last-one-standing party format is owned by 600M-visit Last To Leave games with low monetization.,,40 players on a giant treadmill; speed rises every 20s; items fly in; last one on wins the pot,Players can throw bananas and push; spectators vote on next hazard,MrBeast largest-treadmill challenge with IShowSpeed and Kai Cenat,party/streamer
177,TRD-017,Hold the Last Plush,2.6,UNCHECKED,LOW,KILL,2,2,2,3,5,not checked: session WebSearch budget (200) exhausted before this idea,unverified this session (CNN/Euronews figures in idea record not seen),IKEA Djungelskog is a trademarked product; tackling PvP,"[provisional, lane unchecked] Hold-the-item keep-away is a generic round mechanic with cosmetic-only monetization and a fading news hook.",,One plush spawns; whoever holds it earns points per second; everyone else tackles to steal it,"Hot-potato in reverse: you WANT it, and holders slow down as it gets 'heavier with fame'",IKEA orangutan plush sellout scramble,party/pvp
178,MSH-068,Climb the Roll Ladder,2.6,UNCHECKED,LOW,KILL,2,3,2,3,4,"search budget exhausted for ladder-mode check; verified parent: Ball VS Ball – 41.25M visits, 31.6K CCU – Rolimons Sep 2026 (already has balls appearing randomly and rerolled mid-battle)","verified: Ball VS Ball 41.25M visits / 31.6K current players (Rolimons, Sep 2026)","Forced rerolls remove the reason to buy or upgrade fighters, so there is little to monetize","Ball VS Ball already randomizes and rerolls fighters mid-battle, so the twist barely differs, and killing ownership also kills monetization.",,Fight -> win -> new random fighter -> climb -> round ends at rung 20,"Twist: every win rerolls your fighter to a random one, climbing a 20-rung ladder; first to the top wins, so you can't rely on one unit",Parents: roll-to-fight auto-battler x gun-game ladder (Arsenal). Arsenal's ladder solves auto-battler pay-to-win feel.,Format mashup: roll-to-fight auto-battler x gun-game ladder (Arsenal)
179,SSN-043,Don't Say Its Name,2.0,UNCHECKED,LOW,KILL,3,2,2,2,4,not searched – the session's web-search budget ran out,unverified (evidence 'none'),"the core loop relies on free-text chat (filtering, and many young/unverified accounts have chat limited); horror-summon theme",Provisional: a typed-chat trap breaks for chat-restricted players and monetizes like a party game.,,Typing the monster's secret name summons it on the typer; the name changes each round and is hinted; trick friends into typing it,Word-trap party horror; social trickery is the loop,Bloody Mary / say-its-name legends,Original Monster / Urban Legend
180,TRD-004,Camp the Toy Line,2.0,UNCHECKED,LOW,KILL,3,2,2,2,4,not searched – the session's web-search budget ran out,unverified (NeeDoh/Bloomberg figures not re-checked),NeeDoh/Schylling IP; the loop rewards standing still (AFK); shove PvP and line-cutting invite griefing; needs a crowd,Provisional: waiting in line is thin gameplay that depends on crowds and IP-specific hype.,,"Line up outside the toy store overnight; survive rain, snack runs, line-cutters; doors open at dawn and you grab one toy",The line itself is the game: leave your spot and someone takes it; shove PvP at the door rush,"NeeDoh restock lines, one-style-per-day store limits",social/queue
181,RES-011,Board a Color Bus,2.0,UNCHECKED,LOW,KILL,3,2,1,3,4,not searched (search budget exhausted); idea says none found,unverified: Crowd Express AppMagic Q3'25 top-10 not re-seen,needs many players for seat-stealing chaos; cosmetic-only party round,Provisional (lane unchecked): a seat-scramble party round with unverified mobile demand and almost no monetization surface.,,Players are passengers racing for matching seats,Chaotic PvP seat-stealing,Mobile Crowd Express / Color Bus Trip,research-sourced
182,MSH-087,Squeeze Into Sardines,1.8,UNCHECKED,LOW,KILL,3,2,2,3,3,not searched – the session's web-search budget ran out,unverified (Search For The Needle figures not re-checked),needs 6+ humans with no bot fallback; a big house takes level design; cosmetics-only party monetization,Provisional: a charming playground format but a pure party round with low monetization that needs full servers.,,One player hides in a big house -> everyone searches rooms -> each finder quietly squeezes into the same closet/under-bed spot -> the last seeker still searching loses -> new hider,"Twist: reverse hide-and-seek: one player hides, everyone searches, and each finder squeezes into the same hiding spot until the last one",Parents: hide-and-seek x cozy search. Real playground game; unused on Roblox as far as known.,Format mashup: hide-and-seek x cozy search
183,WEB-077,Pick the Right Choice,1.8,CROWDED,LOW,KILL,3,2,3,3,3,Would You Rather: Needoh or Squishy Dumpling Tower (choose-a-door format) – no numbers – roblox.com; Pick A Game – no numbers – roblox.com; several YouTube devlogs 'I turned a fake mobile ad game into a real Roblox game' (search Sep 2026); A-or-B pad elimination occupancy numbers not checked (search budget exhausted),"verified: fake-ad games are a documented phenomenon (fakeadgames.com museum, Udonis 2026 guide); no Roblox traffic figure seen",Every 'absurd consequence' is bespoke animation/content (content treadmill); pure party round with cosmetics; 'Save the Girl' ads include peril/damsel themes to avoid,"A-or-B choice rounds are a thin, content-hungry party format with party-tier monetization and already-attempted fake-ad remakes.",,Two options appear (umbrella or fan?); pick one; wrong choice = funny fail,Party elimination: players stand on A or B pads; the absurd consequence happens physically to the losing pad,'Save the Girl' / A-or-B choice fake ads,Fake mobile ad made real
184,MSH-058,Elect a Foreman,1.8,UNCHECKED,LOW,KILL,3,2,2,3,3,not searched: session WebSearch budget exhausted; Build the Pyramid! figures in the idea record not re-verified,unverified,Needs many players; an elected griefer Foreman can ruin a server; vote brigading,"PROVISIONAL (lane unchecked): this is a governance feature on top of one small server-goal game, it needs full servers, and it has little to sell.",,Vote -> haul blocks to the blueprint -> Foreman gets bonus if built on time -> impeach vote,Twist: the server elects a Foreman every 10 minutes who places the blueprint; everyone else hauls; bad foremen can be impeached,Parents: 100-player server goal x server election. Leadership role creates drama and clips inside a co-op grind.,Format mashup: 100-player server goal x server election
185,STM-023,Guess Whose Room It Is,1.8,UNCHECKED,LOW,KILL,3,2,2,3,3,"UNCHECKED (budget exhausted); near-duplicate of MSH-101, whose search found Design It! 244.0M visits and Design A Room in the adjacent decorate-round lane",unverified: Unpacking not re-checked (no search budget left),needs friend lobbies; avatar-inventory-linked items require inventory reads and privacy settings,Duplicate of MSH-101 (guess-the-room-owner) with a weaker hook; keep only the MSH-101 version.,,Everyone unpacks a moving box into a mini room in 90s; rooms are shuffled; guess which friend made which,Knowing your friends is the game; each box holds items linked to your avatar/inventory,Unpacking (cozy hit),Party / cozy
186,PTY-084,Squeeze In,1.6,CROWDED,LOW,KILL,2,3,2,3,4,"Hide n Seek Ultimate (Llama Train Studio, has a Sardines mode) – 27.2M visits – Rolimons, 2026; Ultimate Hide & Seek (DTF Games) – 18.5M visits since May 2025 – Rolimons; Hide and Seek Extreme – 3.38B visits (per idea evidence); Sardines also played as a custom mode in Jailbreak/RoCitizens videos",verified: Sardines already exists as a mode inside Hide n Seek Ultimate (Fandom),Needs 6+ humans to be fun; seeker bots are weak at the 'sneak in' part,"The mechanic is already a mode in a 27M-visit hide-and-seek game inside a huge, taken lane, and a cosmetics-only party round earns little.",,One player hides; everyone else seeks; when you find the hider you secretly squeeze into the same spot; last seeker loses,The hiding spot becomes a hilarious clown-car pile; players must be sneaky when joining; bots; hider maps,Sardines (reverse hide-and-seek),Party / playground game
187,MSH-123,Stack the Clean Dishes,1.6,CROWDED,LOW,KILL,2,3,2,3,4,"Wash All The Dishes! (TooMuchGames; creatorexchange tracked), Dishwashing Simulator!, Wash The House – numbers not surfaced – roblox.com, Sep 2026; no wash-then-stack PvP found",unverified: cleaning-game figures in evidence not re-checked; dishwashing niche occupied by at least 2 live games,physics stacking on server with many players can desync; team PvP needs full lobbies,Dishwashing is already occupied and the round-based stacking PvP bolt-on gives low monetization and weak differentiation.,,Scrub dirty plates (ASMR) -> dry them -> stack on your tower -> rival team passes you wet slippery plates -> tallest standing tower after 3 minutes wins,Twist: wash dishes then stack them as high as you can; teammates can hand you slippery wet plates to sabotage,Parents: cleaning ASMR x physics tower stacking. Cleaning + stacking; wet-plate sabotage is the friction.,Format mashup: cleaning ASMR x physics tower stacking
188,TRD-035,Survive the Subathon,1.4,UNCHECKED,LOW,KILL,2,3,2,3,3,"not searched (search budget exhausted); idea cites Be a Streamer! 11.5M and StreamSim 626K visits, not re-seen",unverified: Kai Cenat 1.11M-sub record not re-seen,"real streamer likeness (Kai Cenat) must not be used; needs several real players as 'chat', no bot fallback; player-sent chat messages need filtering","Provisional (lane unchecked): a role-rotation party game that only works with a full lobby, in a streamer lane the idea itself says is occupied.",,"One player is the streamer who must stay awake and keep hype up; others are chat, spending coins to add time, trigger challenges or 'jumpscares'",Real players are the chat; streamer earns from how long chat keeps them live; roles rotate,Kai Cenat Mafiathon 3 subathon (1.1M subs),social/streamer
189,TRD-059,Save the Penalty,1.4,UNCHECKED,LOW,KILL,2,2,2,3,4,"Soccer games (Blue Lock etc.) per idea record, not re-verified; not checked: session WebSearch budget (200) exhausted before this idea",unverified this session (World Cup figures in idea record not seen),Soccer lane occupied per idea record (Blue Lock-style games; not re-verified); World Cup hook has passed,"[provisional, lane unchecked] 1v1 penalty mind game is thin, low-monetization and enters a crowded soccer category after the World Cup peak.",,"1v1: kicker aims and fakes, keeper reads body-language tells and dives; best of 5","Mind game, not physics: kicker's run-up has readable feints",Penalty shootout drama,pvp/sports
190,TRD-011,Spot the Lafufu,1.2,UNCHECKED,LOW,KILL,4,2,2,2,2,not searched – the session's web-search budget ran out,unverified (Pop Mart figures not re-checked; the brief itself notes counterfeit volume was not searched),a Labubu/Pop Mart parody name (IP); counterfeiting as gameplay; the free-form fake-making workshop is a heavy build and a moderation risk; needs a half-server of fakers,"Provisional: an IP-adjacent, build-heavy two-sided market that needs large balanced lobbies and monetizes poorly.",,"Half the server makes fake figures in a workshop, the other half buys and inspects (seams, teeth, box print); roles swap","Two-sided deception market: fakers earn if they fool buyers, buyers earn catching fakes",Counterfeit 'Lafufu' fakes around the Labubu craze,social/deduction
191,MSH-115,Topple the Server Dominoes,1.2,TAKEN,LOW,PIVOT,2,2,3,3,3,"Domino Playground – 110.9M visits, 14 active players – rolimons Sep 2026; Mega Domino Playground – visits n/a – rolimons; Domino Sandbox (Blockbit) – n/a; Domino Chaos (earn cash per topple) – n/a; DOMINO DOMINO, Dominoes – small",unverified: Build the Pyramid! 4.3K CCU figure not seen,Needs a populated server for the hour-long build + griefer tension; griefing-as-feature can drive negative reviews; hour-long session gate,"Domino theme already has a 110M-visit sandbox (now decayed to ~14 CCU), so only the saboteur/guard server-goal angle is new and it depends on full servers.",Drop the domino skin as the hook; make short 10-min server-goal rounds with bot builders and a collectible domino-skin RNG for monetization.,Place dominoes -> guard sections -> the big push -> satisfying cutscene -> score,"Twist: the server spends an hour building one giant domino run; one secret griefer per server can nudge early, so players guard sections",Parents: 100-player server goal x chain-reaction ASMR (domino videos). Satisfying payoff; trust tension.,Format mashup: 100-player server goal x chain-reaction ASMR (domino videos)
192,SSN-080,Survive Family Dinner,0.8,UNCHECKED,LOW,KILL,3,2,1,3,3,"not searched: session WebSearch budget exhausted (200/200); Thanksgiving mini-events in the idea record (Zombie Stories, Evade, Hypershot, Steal a Brainrot) not re-verified",unverified,Only a ~2-week Thanksgiving window (Nov 26 2026); needs a lot of hand-written dialogue; family-conflict humor needs care for a young audience,PROVISIONAL (lane unchecked): a seasonal dialogue party game with cosmetics-only money and heavy writing has a poor return even if the lane is empty.,,"Relatives ask awkward questions; pick answers to keep the table mood up; random chaos (dog steals turkey, uncle's hot take)",Dialogue party game — co-op mood meter with sabotage votes,Thanksgiving dinner-argument memes,Seasonal-Thanksgiving
193,STM-039,Find a Seat on the Bus,0.8,UNCHECKED,LOW,KILL,3,2,1,3,3,not checked: session WebSearch budget (200) exhausted before this idea,unverified (search budget exhausted),"Players must communicate secret wishes (chat/voice dependency, text moderation); needs a full server with no bot fallback; derivative of a 2025 Steam title","[provisional, lane unchecked] Communication-dependent co-op logic puzzle with no collection layer earns little and breaks in low-pop servers.",,"Each player is a passenger with a secret seating wish (not next to kids, window seat); find an arrangement everyone likes",Players ARE the puzzle pieces; must communicate wishes,Is This Seat Taken? (2025),Party logic puzzle
194,TRD-062,Run the Mascot Race,0.8,CROWDED,LOW,KILL,3,2,2,3,3,"Ragdoll Royale! (Synaptix, Fall Guys-like 30-player ragdoll race) – codes Jun 2026, counts not shown; Ragdoll Race; RagDOLL Race – roblox.com, counts not shown; no mascot-suit race found","verified (weak): stadium mascot races are a long-running live tradition (Brewers racing sausages since 1993, CNN Oct 2025; Mets 5-Borough Mascot Race 2025) – no viral-video numbers seen",party race needing full lobbies; 'knocking heads off' is harmless in mascot context but reads odd; ragdoll tuning is time-consuming,"A cosmetic-only ragdoll party race in a lane already held by Fall Guys-likes, based on a tradition rather than a trend.",,Wear an oversized mascot suit with bad vision and floppy ragdoll physics; race around the field,Costume shape changes handling; tripping others knocks their head off,Stadium mascot races (sausage race) viral,party/sports
195,SSN-082,Steer the Parade Balloon,0.6,UNCHECKED,LOW,KILL,3,2,2,3,2,"UNCHECKED (session WebSearch budget exhausted before this idea; verdict provisional, re-check occupancy)",unverified (no search budget left),"8-player rope physics co-op, no bot fallback; rope/wind physics is hard to network; US-only Thanksgiving window; parade name close to Macy's IP","Provisional: a short US-only seasonal window, hard networked rope physics and low party monetization outweigh the novelty.",,8 players hold ropes to steer a giant balloon through city streets in gusty wind; hit lamp posts and it deflates; design your balloon,Rope co-op physics + balloon builder flex,Thanksgiving parade balloon crashes,Seasonal-Thanksgiving
196,TRD-049,Survive the Spicy Ladder,0.6,CROWDED,LOW,KILL,2,2,2,2,5,"HOT CHIP – updated May 2026, counts not shown; Spicy milk challenge – updated Jul 2026, counts not shown; Make Hotsauce (pepper breeding) – rolimons, counts not shown","refuted: Paqui One Chip Challenge was pulled from shelves and discontinued in Sep 2023 after a 14-year-old's death (NBC, CBS, Washington Post)","glorifies a dangerous eating challenge linked to a teen death, on a platform full of minors; pure last-one-standing party round","Small spicy-challenge games already exist, the real-world trend was pulled after a child died, and the round format monetizes poorly.",,"Eat up a ladder of hotter peppers; screen gets hazier, controls wobble; tap milk minigames to recover; last one standing",Pure endurance party round with funny visuals; spectators throw more sauce,Hot-sauce wing challenges and one-chip challenges,party/challenge
197,TRD-071,Don't Say 6-7 in Class,0.4,CROWDED,LOW,KILL,2,2,2,3,4,"67 Clicker! – 13.7M visits – Rolimons, created Sep 12 2025; Don't Get Crushed By 67 – visits unknown – roblox.com/games; Brainrot Red Light Green Light (67 as character) – visits unknown – roblox.com/games; the back-turned-teacher loop is a red-light-green-light variant, a very crowded format","unverified (Word of the Year claim not re-searched); 67 meme on Roblox confirmed via 67 Clicker 13.7M visits, but the meme peaked in late 2025 and is about a year old",stale meme; asymmetric teacher role needs a full server (needs an NPC teacher fallback); party-only monetization,"A round-based party game on a 2025 meme that is fading, in a lane already full of 67 games and red-light-green-light clones.",,One player is the teacher at the board; students secretly do banned meme gestures when the teacher's back is turned; caught = detention,Asymmetric teacher vs class; the teacher can fake-turn; meme gestures rotate weekly with trends,'6-7' Word of the Year and classroom bans,asymmetric/school
198,WEB-103,Pull the Trolley Lever,0.4,CROWDED,LOW,KILL,2,2,3,2,4,"Trolley Problem Royale – 21.8M visits (released Jun 2023, being replaced by Trolley Problem Unlimited Beta) – rolimons; The Trolley Game – no numbers – roblox.com; Create Trolley Problems – no numbers – roblox.com (search Sep 2026)",unverified (no current Absurd Trolley Problems figure found; Roblox trolley games have existed since 2023),Players tied to tracks = violence optics (keep cartoon); dilemma text written by players would need filtering; server % needs population,Trolley Problem Royale already did this at 21.8M visits and it is a low-monetization party format with a faded source trend.,,"Read a silly dilemma, pull the lever or not; see what % of the server chose the same",Players are tied to the tracks (safe cartoon bonk): one random 'conductor' decides; server vote vs conductor choice; rounds of 20s,Absurd Trolley Problems (neal.fun),Neal.fun viral toy
199,PVP-026,Chase the Cheese Downhill,0.4,CROWDED,LOW,KILL,2,2,2,3,4,"Roblox cheese-rolling clone ('race your friends for a cheese wheel', built in the image of Steam 'Cheese Rolling', modified ADRENALXNE ragdoll engine) – visits not found – Medal.tv/TikTok clips, 2026; Steam 'Cheese Rolling' (2025, up to 8 players) is the direct source",verified: a Steam 'Cheese Rolling' game (2025) and a Roblox ragdoll clone already exist with TikTok/Medal clips; no size numbers found,Copies the concept of a specific Steam game; real event only peaks in May; ragdoll/tumble physics need tuning for 20 players,"A Roblox ragdoll cheese-roll clone already exists, the source is a current Steam game, and a single-race party loop has little to sell.",,"A cheese wheel is released down a brutal slope; 20 players sprint, tumble and ragdoll after it; first to touch the cheese wins",Tumbling is the game: running too fast makes you cartwheel; shove rivals into the bushes,"Cooper's Hill Cheese-Rolling (Gloucester, every May) viral tumble clips",unusual sport
200,PVP-101,Speedrun Past the Guards,0.4,CROWDED,LOW,KILL,2,2,2,3,4,"Scientology Speedrun – n/a; Scientology Speedrun Simulator – n/a; SpeedRun Scientology! – n/a (all roblox.com, 2026, visits not shown); Entry Point (stealth heist, established) adjacent","verified: 'Scientology speedrunning' TikTok trend began Mar 2026, tens of millions of views by Apr 2026 (Wikipedia/Forbes Apr 29 2026/CP24 May 4 2026) – now ~5 months old and fading",Source trend targets a real religious organization and encourages trespass; the generic-building version loses the hook; multiple copycats already live,"Trend peaked in spring, several direct Roblox copies already exist, and the safe generic version strips the only reason to click.",,20 runners burst into a fancy fictional HQ; 3 guard players tackle and drag them out; distance meter shows how far each runner got,Directly converts a 2026 TikTok format; distance leaderboard + tackle clips,2026 'speedrun into a building before staff stop you' TikTok trend (generic fictional buildings only),asymmetric trend
201,SSN-031,Trust the Messages,0.4,CROWDED,LOW,KILL,2,3,2,3,3,"Unseen Liminality – 40.9M visits, mimic copies a friend's avatar, fakes join message and talks in chat – MMO Culture/fandom Aug 2026; THAT'S NOT MY FRIEND, Interliminality (monster disguised as teammates) – n/a; Mimicry – n/a","verified: RoLearn 2026 horror report (500+ horror games, >200K daily CCU)",Fake chat messages attributed to real users = impersonation/trust-and-safety risk; 'mimic learns your recent phrases' stores/replays user text (moderation/filtering issues); passphrases are free-text,The chat-mimic mechanic is already live in a 40.9M-visit game and replaying players' own text under their names is a moderation liability.,,A mimic sends fake chat messages impersonating teammates ('come to the shed'); team agrees passphrases at round start to verify,Social paranoia via the game's own chat UI; mimic learns your recent phrases,Voice-mimic monster trope,Co-op Horror
202,WEB-008,Paint the Maze,0.4,CROWDED,LOW,KILL,2,2,2,3,4,"Color Game (claim tiles in your color vs rivals, skins/pets) – visits not surfaced – roblox.com, undated; Paint and SEEK!, Paint To Hide!, Hide and Paint, PAINT OR DIE! (paint-themed round games) – visits not surfaced – roblox.com/Rolimons, undated",unverified: Amaze Go June 2026 chart placement not re-checked; no Roblox Amaze clone found,needs 4 players per maze (bots needed); cosmetics-only round game,"A 60-second territory-paint party round with cosmetic-only monetization in a lane that already has Color Game and many paint-round games, with no proven Roblox demand.",,Swipe a ball; it rolls until a wall and paints every tile it crosses; paint 100% to win,"4 players on one maze, each painting their color; rolling over enemy paint steals it; bumping knocks rivals back; 60-second rounds",Amaze / Amaze Go (June 2026 top downloads),Mobile puzzle hit
203,MSH-106,Roll the Board,0.2,UNCHECKED,LOW,KILL,2,3,2,3,2,not searched (search budget exhausted); idea notes party board games exist,unverified this pass (Sol's RNG figure not re-seen),8-player board game needs a full lobby and long sessions; each turn needs a minigame = large content load,Provisional (lane unchecked): a Mario Party-style board with per-turn minigames is a heavy build for a party format that earns a fraction of collection games.,,Roll dice -> land -> roll aura -> minigame every turn -> stars -> winner,Twist: an 8-player board game where every space is an aura roll; rare auras grant board powers and the rarest pull ever is shown in the lobby,Parents: party board game (Mario Party) x RNG aura rolls. Board format gives a round structure to RNG.,Format mashup: party board game (Mario Party) x RNG aura rolls
204,TRD-058,Start the Viking Row,0.2,UNCHECKED,LOW,KILL,4,1,1,2,3,not checked: session WebSearch budget (200) exhausted before this idea,unverified this session (TikTok Newsroom World Cup figures in idea record not seen),Needs ~60 synchronized players with no bot fallback; World Cup 2026 hook (Jun-Jul 2026) has passed,"[provisional, lane unchecked] Mass-sync clapping requires full servers, has nothing to buy and its news hook is already over.",,60 fans on the stands do synchronized row-claps; perfect sync grows the stadium hype which boosts your team,Mass-sync rhythm co-op; desync players get booed,Norway fans' 'Viking Row' chant at World Cup 2026,coop/sports
205,PVP-092,Dodge the Claw,0.0,CROWDED,LOW,KILL,1,2,2,3,5,"Human Claw Machine – catcher vs players-as-prizes, visits not found – roblox.com/games/6175702648; Human Claw Machine Classic – roblox.com/games/5641285560; claw-collection lane also busy: Claw Machine Simulator (RB Battles), Claw Machine Master (800+ plushies), Advanced Claw Machine, Tokyo Claw Machine, Claw Machine Arcade – Rolimons/roblox.com, 2025-2026","unverified: evidence 'none'; claw-machine games are plentiful on Roblox, but no numbers seen",The exact players-as-prizes mechanic already exists; needs many humans; claw/prize-machine visuals can read as gambling,"The exact asymmetric 'play as the prize' mechanic is already live in two Human Claw Machine games, and it is a low-money party round.",,One player drives a giant claw; everyone else is a plushie in the machine dodging; grabbed plushies drop in the chute,You're the prize - silly role swap; claw has limited grab time,Claw-machine videos,asymmetric 1-vs-many
206,SSN-030,Keep Quiet in Chat,0.0,CROWDED,LOW,KILL,1,3,2,3,4,"A Quiet Place: Deadzone (sound-hunting creatures, codes covered by PCGamesN/ProGameGuides/GameRant/Beebom) – visits not found – Sep 2026; be quiet. (monster hears everything incl. voice) – roblox.com/games/130673851809455; It Hears You – roblox.com/games/81751796724173; Silent Mansion; Don't Make a Noise (mic-reactive) – TikTok/YouTube, 2026",unverified: 'RoLearn Horror Genre Report 2026' not found; the noise-hunting horror trend is real (many games plus A Quiet Place: Deadzone coverage),"'A Quiet Place' trope is now an IP-licensed Roblox game; chat-based mechanics interact with chat filtering and under-13 chat restrictions (many kids can't chat, so the core mechanic excludes them)","Noise-hunting monster horror is crowded, with an IP game (A Quiet Place: Deadzone) and several 'it hears you' games, and the chat mechanic doesn't work for players who can't chat.",,Monster hunts noise; every chat message is a noise ping at your location (caps = louder); team coordinates with silent emotes and map pings,Chat itself is dangerous — funny moments when someone types 'RUN',Sound-hunting monsters (A Quiet Place trope),Co-op Horror
207,WEB-108,Paint the Pixel World,-0.2,CROWDED,LOW,KILL,3,2,2,2,3,"ro/place – 386,839 visits – rolimons (2026 snippet); Pixel Place (r/place) – 600x600 cross-server canvas with factions, visits not seen – roblox.com; r/place (Canvas Drawing) – 10 canvases, no numbers – roblox.com; multiple DevForum r/place clones 2023-2025","verified: Wplace launched Jul 21 2025 (30 pixels, +1 per 30s) per Wikipedia; no traffic figure seen",Freehand pixel drawing = image moderation risk (swastikas/obscenity on a global canvas); cross-server canvas needs MessagingService/MemoryStore at scale; value only with big population,"Several r/place clones exist and none broke out (ro/place <400K visits), plus shared-canvas drawing is a moderation liability.",,Place one pixel every few seconds on a giant shared canvas,Global canvas across servers; clans defend drawings; pixel cooldown is the grind; timelapse replays daily,Wplace / r/place collaborative pixel canvas (Wplace viral summer 2025),Viral web toy
208,TRD-061,Push the Tush,-0.2,CROWDED,LOW,KILL,3,2,2,2,3,"No tush-push/scrum game found; generic push genre occupied: PUSH TOWER, PUSH SIMULATOR, Push!, Pushing Together, BIG Games Experimental 'PUSH YOUR FRIENDS!' – no visit numbers surfaced – roblox.com/rolimons snippets, Sep 2026",unverified: NFL tush-push debate is real (Wikipedia 'Tush Push') but no Roblox/viral-play demand number found,"11v11 needs 22 players, no bot fallback; NFL-adjacent naming; ragdoll pile physics can be janky/laggy at 22 bodies","Niche sports-news hook, needs a full 22-player lobby to function, and pushing is already a generic Roblox genre with low monetization.",,11 vs 11 scrum: push the pile across the line; stamina timing; stack strength upgrades,Pure mass shoving physics with ragdoll pile-ups,NFL 'tush push' debate,pvp/sports
209,STM-048,Draft the Mansion Rooms,-0.4,UNCHECKED,LOW,KILL,3,2,2,2,2,"UNCHECKED (session WebSearch budget exhausted before this idea; verdict provisional, re-check occupancy)",unverified: Blue Prince not re-checked (no search budget left),a Blue Prince-style dense puzzle mansion needs heavy room/puzzle design (fails the 1-month build bar); 'Room 46' copies Blue Prince,Provisional: the room-drafting puzzle needs heavy content design and suits a niche puzzle audience rather than Roblox.,,"Open a door, choose 1 of 3 rooms to place there; rooms give keys, gems and puzzles; reach the secret room before your steps run out; the mansion resets daily",Room-drafting roguelite where the whole server shares one daily mansion layout and races to the secret room,Blue Prince (2025),Roguelite puzzle
210,WEB-082,Save the Doge from Bees,-0.6,CROWDED,LOW,KILL,2,2,2,2,4,"Save The Dog (roblox.com/games/96480048806641, draw-a-line vs bees, exact mechanic) – visits not shown – roblox.com snippet Sep 2026; Save the Dogs! (2300726603) – n/a – roblox.com","refuted/weak: only confirmed the mobile genre exists (dozens of Draw-to-Save clones on Play/App Store, web portals); no chart figure found; the fad is from 2022",freehand line drawing (can draw shapes/moderation risk); needs a friend to stand in zone (no bot fallback stated); dated 2022 hypercasual trend,"The exact draw-vs-bees mechanic is already on Roblox, the trend is 4 years old, and a round-based drawing toy earns cosmetics-only money.",,Draw one line to shield the dog from a hive of bees for 10s,Protect a real player instead: one friend stands in the danger zone; you draw the shield; the bees are physics swarms,Save the Doge / Draw to protect,Viral mobile hit
211,SSN-057,Pull Santa's Sleigh,-0.8,CROWDED,LOW,KILL,2,2,2,3,3,"Present Delivery (2-player co-op: one reindeer pulls sleigh, one Santa throws presents; has Sportskeeda beginner's guide), Christmas Workshop Tycoon (fly sleigh deliver presents), Build Santa's Sleigh (pets pull sleigh), Be Santa, The North Pole – no numbers surfaced – roblox.com, Sep 2026",unverified: GameDiscoverCo friendslop figures not re-checked,8-player shared steering needs full lobby; seasonal only,Reindeer-pull-sleigh co-op delivery already exists (Present Delivery) and the 8-player seasonal party loop earns little.,,8 reindeer players each pull a direction; coordinate to steer the sleigh over rooftops and drop gifts into chimneys,Chaotic shared steering (Pico Park style) in the sky,Friendslop co-op; reindeer team,Seasonal-Christmas/Winter
212,TRD-097,Ding Dong Dash the Doorbell Cam,-0.8,CROWDED,LOW,KILL,2,2,2,3,3,"Ding Dong Ditch A Brainrot – 35.1M visits, 316 CCU – Rolimons Sep 2026; Ding Dong Ditch (90811512167676) – no numbers; Ding Dong Dash (doorbell-cam house finding) – no numbers; Knock Knock – no numbers","unverified: evidence 'none'; the 35.1M-visit ditch game down to 316 CCU suggests a short spike, not ongoing demand",Asym mode needs homeowner players (NPC fallback required); prank-on-neighbours framing is mild,"Several ding-dong-ditch games already exist, the 35M leader has faded to ~300 CCU, and round-based asym play monetizes poorly.",,"Kids sneak up, ring doorbells and run; homeowner players watch cam feeds and try to catch them","Asym stealth; homeowners upgrade cameras, dashers upgrade sneakers and disguises",Doorbell-camera prank clips,asymmetric/stealth
213,MSH-079,Build the Sky Ladder,-0.8,CROWDED,LOW,KILL,2,2,2,3,3,"Build a 1 Obby (plot-based obby tycoon) – n/a – wiki Sep 2026; Obby Creator, Obby Together, Climb Together [2 Player Obby] – n/a – roblox.com; Tower of Hell 16B+ visits (fandom, obby leader); Build the Pyramid! – exists, CCU not seen",unverified: Build the Pyramid 4.3K CCU / 1.1M visits not seen; only confirmed the game exists,one shared player-built route is easy to grief (blocking or trolling placements); needs a busy server to be fun,"Obby is saturated, player-placed platforms invite griefing, and a server-goal climb has almost no sink beyond cosmetics.",,Place platform -> climb -> fall -> place more -> cloud reward for all,"Twist: the server builds the obby together: every player places one platform per minute, and the whole server must climb it to reach the cloud island",Parents: obby tower climb (Tower of Hell) x 100-player server goal. Player-built obby avoids obby-only saturation.,Format mashup: obby tower climb (Tower of Hell) x 100-player server goal
214,TRD-129,Restore a Rusty Tool,-1.8,TAKEN,HIGH,KILL,1,4,4,3,4,"Dig & Clean – 16,717,101 visits; ~27.8K CCU (Aug 7 2026 snapshot); released Jul 9 2026; rarity only revealed after cleaning, polishing stations raise quality – Rolimons/robolibrary/allthings.how, Aug 2026; Fix It Up! (rusty car restoration) – visits not surfaced – roblox.com/Sportskeeda, undated",verified: cleaning-reveal demand proven by Dig & Clean (~27.8K CCU Aug 2026); #oddlysatisfying 69.8B TikTok figure not re-seen,none major; direct reskin of a live 27K-CCU game,"Dig & Clean already runs the exact clean-it-to-reveal-hidden-rarity loop with a museum/collection at ~27.8K CCU, so rusty tools would be a reskin.",,"Soak, scrub, sand and polish rusty tools; hidden brand stamp revealed at the end sets rarity",Satisfying reveal loop; museum shelf for rare brands,Rust-restoration videos,satisfying/rng
215,WEB-101,Crack the Password Rules,-1.8,CROWDED,LOW,KILL,2,2,1,3,3,"The Password Game (Roblox, The Woods Company, 14 players) – 4,244,158 visits, 86.7% rating, 3.33 min avg playtime – Rolimons, undated; Password Game: Rewrite – visits not surfaced – Rolimons place page, undated",unverified: neal.fun 10M visits claim not re-seen; Roblox port exists at only 4.2M visits with 3.3-minute sessions,free-text entry must go through TextService filtering (hashtags break rules); player-authored custom rules = text moderation risk; sponsor-brand rules = IP,"The Roblox port already exists and stalled at 4.2M visits with 3-minute sessions, and a text-entry race has heavy moderation friction and near-zero monetization.",,Type a password that satisfies an ever-growing list of absurd rules; one broken rule = start over,Multiplayer race where each round the leading player ADDS the next rule for everyone (from a vetted rule deck + custom numbers); last rule-breaker out,The Password Game (neal.fun),Neal.fun viral toy
216,MSH-113,Tug the Same Fish,-1.8,TAKEN,HIGH,KILL,1,5,4,3,3,"Fish It! – 'over 841K concurrent players' (third-party article rosenberryrooms.com, Sep 2026; idea's 129.8K not re-seen) ; Fishing Wars (PvP fishing, traits/mutations) – visits not surfaced – Rolimons, Sep 2026; Fishing Battle (steal fish) – visits not surfaced; Fish and Fight (PvP net guns) – Sportskeeda, undated; Fisch (rainbow pot event) – no figures seen",verified: fishing genre is dominant (Fish It 841K CCU per Sep 2026 article),shared-hook tug needs two players at the same spot; head-on vs Fish It/Fisch,"The twist is a single feature on a genre owned by Fish It, and PvP fishing variants (Fishing Wars, Fishing Battle, Fish and Fight) already exist.",,Fish -> double-hook -> tug battle -> win rare -> better rod,"Twist: rare fish can be hooked by two players at once, and both have to tug; winner keeps it, loser gets a scale",Parents: fishing sim x tug-of-war PvP. Contested catches make fishing social.,Format mashup: fishing sim x tug-of-war PvP
217,STM-086,"Press the Button, Split the Server",-1.8,CROWDED,LOW,KILL,2,1,2,2,4,"Trolley Problem Royale – 21.8M visits, 37.5% rating, discontinued for Trolley Problem Unlimited – rolimons; Create Trolley Problems, The Trolley Game – roblox.com, counts not shown","refuted: Trolley Problem, Inc. all-time Steam peak 150 CCU (Apr 2022), 'Mixed' 68/100 (Steambase)",party/social vote game with cosmetics only; needs full servers; dilemma content can drift to mature/violent framing,"The Roblox trolley-problem lane already peaked at 21.8M visits with a 37% rating, the source game was a 150-CCU niche, and it monetizes like a party game.",,Every 30s a dilemma: pull the lever or not; the server's split shows live; consequences happen to real player avatars,Dilemmas with physical consequences on server players,"Trolley Problem, Inc. (2022)",Party / social
218,MSH-114,Sniff Out the Treasure,-3.2,TAKEN,HIGH,KILL,1,3,4,4,3,"MANUAL RECHECK: Dig lane: Dig It (pets dig offline), Dig for Pets, Dig for Treasure Simulator, Dig For Eggs; rulebook lists dig-reveal as taken (web search 9/27) || search budget exhausted; idea-supplied (not verified by me): Search For The Needle 66.2M visits/22.5K CCU plus ~14 clones","verified (partial): Mewgenics breeding game sold 1M copies in one week (Game Informer/PC Gamer, Feb 2026); Search For The Needle numbers unverified",none major,"Provisional: breedable dogs give cozy search a collection and progression layer, and a dog-digging-with-you hook is very clickable.",,Search pile with your dog -> dog points -> dig -> breed better sniffers,"Twist: your dog digs with you; dog breeds sniff different item types, and puppies inherit sniffing traits",Parents: cozy search roguelite x pet breeding. Pet companion adds collection to cozy search.,Format mashup: cozy search roguelite x pet breeding
219,SSN-087,Rake a Leaf Pile,-3.6,TAKEN,MID,KILL,1,4,3,3,5,"Clean all the Leaves! (Muffin Interactive, created Jul 21 2026) – 67M+ plays, ~86.8K CCU – player.one, ~Aug-Sep 2026; Leaf Raking Simulator, Rake Leaves, Rake the Leaves!, Leaf Collector, Clean the Leaves – live clones, counts not shown – roblox.com/games search Sep 2026","verified: leaf-raking is a live Roblox hit (Clean all the Leaves 67M plays / 86.8K CCU) – but that is the occupant, not open demand",none; seasonal (fall only),A leaf-raking game with 86.8K CCU launched two months ago and a wave of clones already own the core noun and verb; a jump-in-pile twist does not differentiate.,,"Rake leaves into a pile, jump in (ASMR crunch); hidden items roll rarity; server pile goal unlocks a giant pile event; a leaf creature sometimes hides in piles",Cozy fall ASMR with a spooky surprise; converts to snow piles in winter,Autumn leaf-pile jumping videos,Cozy-Spooky
220,MSH-069,Roll a Disaster,-4.0,TAKEN,MID,KILL,1,4,4,4,3,"MANUAL RECHECK: Natural Disaster Survival, Survive The Disasters (Reborn has RNG house rolls) own disaster survival (web search 9/27) || Natural Disaster Survival (long-running classic, numbers not checked); rarity-rolled-disaster specific occupant not searched – session web-search budget exhausted",verified (parent RNG): Sol's RNG remains the top luck-RNG game (roblox.com/Pocket Gamer 2026); disaster-survival demand not re-checked,Many disaster effects to build (content cost); 'force a mythic' server-wide purchase is a strong product but must not grief; low-player servers still work (PvE),"Provisional: environment-rarity RNG gives shared screaming moments, works with any lobby size and has a natural paid 'force mythic' hook.",,Survive disaster -> earn coins -> watch the roll -> survive the mythic ones -> disaster dex,Twist: the server rolls the next disaster with rarity (rain to 1-in-100K meteor-tornado combo); players can buy 'force a mythic' for the server,"Parents: RNG aura rolls x Natural Disaster Survival. Rarity RNG on the environment, not the player: shared screaming moments.",Format mashup: RNG aura rolls x Natural Disaster Survival
221,STM-055,Topple a Domino Chain,-4.8,TAKEN,MID,KILL,1,4,3,3,4,"Domino Playground – 110.9M visits – rolimons; Mega Domino Playground – 51.7M visits – rolimons; Domino Sandbox – 5.5M visits – rolimons; Domino Chaos – cash-per-domino + upgrades (incremental) – roblox.com, counts not shown; Domino Chain Reaction Effect – roblox.com (all snippets 2025-2026)",unverified: SteamSpy bands not re-seen; domino demand on Roblox itself is proven by the occupants,none,Two domino games above 50M visits plus an existing domino-cash incremental (Domino Chaos) already occupy the lane.,,"Place dominoes and triggers (bell, cannon, spring) on your board; push the first one; each chain step pays multipliers; shop between rounds",Chain-reaction board builder without pegs; share epic chains,Ballionaire trigger chains (non-peg) + domino TikTok,Incremental / roguelite
222,WEB-052,Drive the Wobbly Car,-4.8,TAKEN,MID,KILL,1,4,3,3,4,"Drive it! [2 Player Obby] (density, Sep 2024) – 186.9M plays, 2-player co-op car obby – rolimons; Drive Cars Down A Hill – 180.5M visits; Car Crash System – 80.7M; Car Obby [OLD] – 27.0M; [NEW!] Car Obby – 20.1M; Obby But You're In a Car – 16.6M – rolimons 2026",unverified: Drive Mad Poki popularity not re-checked; Roblox demand is proven by the occupants,none,"A 2-player co-op car obby with 186.9M plays already occupies the exact twist, and several 20M+ car obbies sit around it.",,"Drive a flimsy physics car over ramps, bridges, see-saws to the finish without flipping","Two-seat co-op: one player does gas, the other tilts; trophy for no-flip runs; RNG car-part crates change handling",Drive Mad (Poki popular 2026),Poki hit
223,MSH-082,Drive the Server Bus,-5.6,TAKEN,MID,KILL,2,4,3,3,2,"a dusty trip – 1.2B+ visits, ~25K CCU regularly – Dexerto/earnaldo 2026; A Never Ending RV Trip, An Infinite Road Trip, Desert Bus, the TRUE bus experience (shared-vehicle road trips) – no numbers; Build the Pyramid! (100-player co-op) – exists, CCU not seen",verified: A Dusty Trip 1.2B visits / ~25K CCU (Dexerto codes page 2026); Build the Pyramid 4.3K CCU claim not seen,100 players on one moving physics vehicle is a network/physics nightmare; one griefing driver ends the whole server's run; needs many players,"A Dusty Trip owns road-trip survival at 1.2B visits, several shared-bus games exist, and a 100-player moving bus is not buildable reliably in a month.",,Pick role -> scavenge towns -> fix/fuel -> defend at night -> reach the coast,"Twist: 100 players share one huge bus: drivers, mechanics, scavengers and guards; if the bus breaks the server's trip ends",Parents: road-trip survival (A Dusty Trip) x 100-player server goal. Road trip at 100 scale; roles force talking.,Format mashup: road-trip survival (A Dusty Trip) x 100-player server goal
224,WEB-098,Copy the Test Answers,-5.8,TAKEN,MID,KILL,1,4,2,3,4,"Cheating During Testing (ebenxzy) – 55,160,092 visits, 11,083 players – rolimons/search snippet Sep 2026; [UPD] DON'T GET CAUGHT CHEATING! – n/a – rolimons 120140631282295; Cheat On The Chunin Exams – n/a – roblox.com","verified: exam-cheating is proven on Roblox (Cheating During Testing 55M visits, 11K players, gadgets shop, players can report each other)",cheating theme (existing game carries a disclaimer); real trivia needs content upkeep,"Cheating During Testing already owns this exact loop at 55M visits / 11K players, including player-vs-player reporting.",,Sneak peeks at neighbors' answer sheets while the teacher isn't looking,Players in a classroom; one player is the teacher who spins around; caught cheaters sent to detention; answers are real trivia,Cheating Tom / exam-cheating hypercasual,Hypercasual
225,TRD-099,Split or Steal the Pot,-6.6,TAKEN,LOW,KILL,1,4,2,3,5,"Split or Steal Brainrot (created Mar 23 2026) – 26.2M plays – rolimons; Split Or Steal Squishy (created Jun 8 2026) – 6.4M plays – rolimons; Split or Steal – roblox.com, counts not shown; Split Or Steal mode in Cornerstone Arcade and Death Penalty – fandom","verified: split-or-steal is a live, growing Roblox format (26.2M plays in ~6 months)",social-deception pairs need matchmaking; exact mechanic already live and multiplying,"The exact mechanic is live and growing on Roblox, with several 2026 clones already stacking a collection layer on top.",,"Pairs build a pot in a quick co-op minigame, talk it over, then secretly choose split or steal",Pure social friction; reputation badge shows your steal history,Golden Balls 'split or steal' viral clips,party/social
226,MSH-037,Keep the Beacon Lit,-7.0,TAKEN,MID,KILL,1,5,3,2,2,"99 Nights in the Forest – 26B visits (Apr 2026), 14.2M peak CCU claimed – Wikipedia/fandom snippet 2026; Clone 99 Nights in the Forest, Build and Survive the Forest!, Survive the Night – n/a – roblox.com; Build the Pyramid! (Janitors Studios, 100-player co-op) – exists, CCU not seen – pcgamesn/sportskeeda Sep 2026",verified: 99 Nights is a mega-hit (26B visits) and a 100-player co-op Build the Pyramid! exists; the 259.5K CCU and 4.3K CCU figures were not seen,a 100-player server with enemy waves and physics hauling is heavy on performance; the beacon fantasy sits right on top of 99 Nights (reads as a clone),"It is 99 Nights' campfire with a bigger lobby, the top survival game on Roblox already owns the fantasy, and 100-player combat is not buildable in a month.",,Gather fuel -> haul to beacon -> defend wall -> night streak grows -> unlock server biomes,"Twist: 100 players share one giant beacon: it must burn all night; clans pick roles (fuel, guard, scout) and the server's night streak is global",Parents: survive-the-night co-op (99 Nights) x 100-player server goal. 99 Nights at 100-player scale with a shared win condition.,Format mashup: survive-the-night co-op (99 Nights) x 100-player server goal
227,HOB-106,Carry Your Friend,-7.8,TAKEN,LOW,KILL,1,4,2,3,4,Carry A Friend! (Teamwork Obby) – 410.4M visits – rolimons snippet 2026; Ride a Friend [2 Player Obby] – 10.5M visits – rolimons 2026; Carry a Friend Tower; Hop On piggyback obby; Chained; Carry the Glass Together!,verified: carry-a-friend obby format proven (410M visits),requires a partner (solo players stuck),Exact mechanic is already a 410M-visit game plus several clones.,,"Pairs: one carries, one is carried → obstacle course (water pit, logs) → carried player steers balance with inputs",Two-player dependent co-op; drop = restart; prize is the carried player's weight in coins,Wife-carrying championships (Finland),Hobby sport / party / misc
228,MSH-023,Cheer a Brawler,-8.0,TAKEN,MID,KILL,1,3,2,2,4,"Ball VS Ball – 41M+ visits, 31,638 players – rolimons/roblox.com Sep 2026 (owns roll-to-fight core); Coach a Fighter! (LockLoaded, Jul 2026) – 652.7K visits, spectate/cheer and bet on fighters – search snippet Sep 2026","verified: Ball VS Ball numbers (41M visits, 31.6K players)",cheer tokens paying out on wins drift toward wagering (Coach a Fighter already has 'bet money' copy),The cheer twist is a lobby feature on top of a core that Ball VS Ball already owns; fold it into MSH-001 as a spectator feature.,,"Fight 1v1 when called -> between fights, cheer others -> earn fan rewards -> climb the fan leaderboard",Twist: players waiting in the lobby spend free Cheer tokens on fighters; cheered fighters get small buffs and their fans get rewards when they win,Parents: roll-to-fight auto-battler x spectator sponsorship. Idle time between duels becomes active play. Uses soft currency only (no wagering).,Format mashup: roll-to-fight auto-battler x spectator sponsorship
229,MSH-076,Roll the Elevator Floor,-8.4,TAKEN,MID,KILL,1,3,3,3,2,"Regretevator (The Axolotl Sun) – 262,676,731 visits – rolimons/fandom 2026; The Normal Elevator (2015) – visits n/a – fandom; That Elevator Game (51 floors), The Random Elevator (30 floors), Random Elevator – n/a – roblox.com",verified: the elevator format is proven (Regretevator 262M visits); Sol's RNG 2.1B was not re-checked,a floor-dex with rarities needs dozens of handmade floors (content-heavy for a solo builder); '1-in-50K' roll presentation should avoid a slot-machine look,"Regretevator (262M visits) and several random-floor elevators already own the format, and adding rarity to floors is a feature that needs a lot of content, not a new lane.",,Ride -> floor rolls -> survive/enjoy the floor event -> collect floor dex -> luck upgrades,"Twist: every stop rolls a floor with rarity (candy floor common, 1-in-50K void floor); rare floors give exclusive badges and everyone in the lift shares the pull",Parents: elevator party (Normal Elevator / Regretevator) x RNG aura rolls. Shared pulls make RNG a group moment.,Format mashup: elevator party (Normal Elevator / Regretevator) x RNG aura rolls
230,WEB-051,Troll the Runners,-9.0,TAKEN,LOW,KILL,1,3,2,3,4,"Deathrun (Team Deathrun) – 371.3M visits – Rolimons (Sep 2026 search); exact mechanic: a Killer triggers traps in real time while Runners race to the end; TikTok discover 'Someone Controls The Trap Obby Roblox' shows more copies; plus many solo troll obbies (TROLL OBBY, Troll Obby by TrollerDev)",unverified (Level Devil 9.8M downloads not re-checked),asymmetric trapper needs a populated server,"The live-trapper vs runners format is Roblox Deathrun, a 371M-visit incumbent.",,"Runners race through a short level; the floor falls, spikes pop, doors move",Asymmetric: one player is the Devil with a trap panel triggering drops/spikes in real time; runners who reach the door win; Devil earns per victim; roles rotate,Level Devil (9.8M downloads July 2026),Poki hit / troll platformer
231,TRD-039,Keep Your Hand on the Car,-9.0,TAKEN,LOW,KILL,1,3,3,2,4,"Last To Leave the Circle – 604,626,997 visits – rolimons; Last To Leave Box Wins (100 players, 1 box, traps/greed tests) – 44,610,298 visits – rolimons; Last To Leave (Trendsetter Games, 42 minigames) – 12.8M visits – rolimons; Last to Leave Challenge – no numbers (Sep 2026)",verified in-genre: MrBeast-style last-to-leave games have 600M+ visits on Roblox; Beast Games viewership claim not re-seen,MrBeast likeness/branding off-limits; needs large lobbies; party-tier monetization,The exact MrBeast last-to-leave challenge format is already a 600M-visit incumbent plus 44M-visit clones.,,"Hold your hand on a giant prize (car, house); random events force minigames; failing or letting go eliminates you",Anti-AFK events every 30s; eliminated players become saboteurs throwing distractions,MrBeast 'last to take hand off' challenges,party/endurance
232,PTY-051,Step on the Mines,-9.0,TAKEN,LOW,KILL,1,3,2,3,4,"bLockerman's Minesweeper (step-on-tile floor minesweeper) – 119M-141M visits, ~2.7K CCU – robloxgo/robipedia/rolimons, Feb-Jul 2026; Competitive Minesweeper (round-based with powers and co-op board) – visits not shown – roblox.com; infinite minesweeper; Isaac's Minesweeper",unverified (evidence 'none'; occupant proves demand exists),None major; ragdoll launch fine,Walk-on-tile Minesweeper is already live with 100M+ visits and a competitive variant exists.,,A giant grid floor; step on a tile to reveal its number; mines launch you (ragdoll) out; teams race to clear their half first,"Your body is the cursor: players read numbers and shout safe paths, while trolls can bait friends onto mines; bots sweep; board sizes unlock like difficulty levels",Minesweeper (Windows classic) as a 100-player floor,Party / board & card massified
233,STM-018,Slack Off at the Office,-9.0,TAKEN,LOW,KILL,1,3,2,3,4,"The Office (Blujaw Studio) – Manager/Specialist/Slacker roles, exact Dale & Dawson loop, 'x2 Slacker' gamepass, active codes pages Sep 2026 – visits n/a – roblox.com/rolimons/robloxden","verified: Dale & Dawson Stationery Supplies exists (Wikipedia, PC Gamer coverage); its Roblox adaptation is already live",needs 6+ players for social deduction (no bot fallback),Blujaw's The Office already ships this exact slacker-deduction loop on Roblox with codes coverage in Sep 2026.,,Workers do quick office tasks to hit quota; 2 secret slackers fake-work; the elected manager watches and fires someone each day,Deduction without killing: the funny part is faking work badly; kid-friendly office,Dale & Dawson Stationery Supplies (2024),Social deduction
234,MSH-053,Race Two Towers,-9.8,TAKEN,LOW,KILL,2,2,2,3,3,"Doomspire Brickbattle (team tower destruction) – 922,875,944 visits – rolimons/fandom Sep 2026; Tower Battle, Two Towers, ⚒️ Build a TOWER, Team Tower Defense – n/a – roblox.com; Build the Pyramid! – exists, CCU not seen",unverified: the Build the Pyramid 4.3K CCU / 1.1M visits figure was not seen,50v50 servers need full lobbies and physics bricks at scale; no bot fallback,"Doomspire Brickbattle (923M visits) already owns team tower destruction, and the 50v50 round format monetizes like a party game.",,Haul bricks -> stack your tower -> man catapults -> first to the clouds wins -> new round,"Twist: the server is split into two 50-player teams building rival towers, with catapults to knock bricks off the enemy tower",Parents: 100-player server goal (Build the Pyramid) x team PvP. Adds rivalry to the server-goal format.,Format mashup: 100-player server goal (Build the Pyramid) x team PvP
235,WEB-021,Sweep the Minefield,-10.0,TAKEN,LOW,KILL,1,3,2,2,4,"bLockerman's Minesweeper – 141.4M visits, 86% rating – rolimons.com/game/7871169780 snippet 2026; also Minesweeper (by Humanoid), Competitive Minesweeper, THE MINEFIELDS, infinite minesweeper – roblox.com, Sep 2026",verified: Roblox minesweeper demand proven by bLockerman's 141M visits,shared trollable flags invite griefing,The shared giant-field multiplayer minesweeper already exists with 141M+ visits.,,Walk a giant grid; tiles show numbers; flag mines; step on a mine = ragdoll launch,Whole server clears one giant field together; one blast launches everyone nearby; flags are shared (and trollable),Minesweeper,Classic web puzzle
