rank,id,title,category,score,O,D,P,A,B,loop,twist,source,evidence,roblox_occupancy,money,dupes
1,TRD-071,Don't Say 6-7 in Class,asymmetric/school,29.4,4,5,5,5,5,One player is the teacher at the board; students secretly do banned meme gestures when the teacher's back is turned; caught = detention,Asymmetric teacher vs class; the teacher can fake-turn; meme gestures rotate weekly with trends,'6-7' Word of the Year and classroom bans,'6-7' was Dictionary.com's 2025 Word of the Year; schools banning it in class (Dictionary.com / ABC News Oct 2025; Today.com Oct 2025),Many '67' meme games likely exist (unchecked),Teacher role pass (25R); New meme emotes (35R); Hall pass escape (15R),
2,TRD-007,Fill the Sticker Album,collectibles/trading,28.8,5,4,5,4,5,"Open sticker packs of fictional footballers, stick them in the album, shout 'got/need' trades in the playground plaza",Shiny captains are 1-in-500; completing a team page unlocks that team's kit for your avatar,World Cup 2026 sticker album swapping at school,"World Cup 2026 content reached 1.2 trillion TikTok views, 12M+ #FIFAWorldCup posts, FIFA account 24B views (TikTok Newsroom, Jul 2026)",unchecked,Pack bundle (35R); Swap-board slots (49R); Shiny luck 10 min (25R),
3,TRD-057,Invade the Pitch,asymmetric/sports,28.8,5,4,4,5,5,Invaders sprint onto the pitch to high-five the star striker; stewards (players) tackle them; points for distance and style,Clip-built chaos: invaders use fake-outs and slides; stewards get upgrades,Pitch invaders and World Cup viral moments,"World Cup 2026 content reached 1.2 trillion TikTok views, 12M+ #FIFAWorldCup posts, FIFA account 24B views (TikTok Newsroom, Jul 2026)",unchecked,Steward role pass (25R); Invader costume (35R); Slide boots (49R),PVP-100
4,WEB-079,Beat the Bigger Number,Fake mobile ad made real,28.8,5,4,4,5,5,Your hero has power 12; pick rooms with enemies under your power to absorb them and grow; avoid bigger ones,"PvP climb: all players in one tower, rooms shared; eat a weaker player to take their power; bosses at top floors",Hero Tower Wars / 'absorb weaker enemies' power-level fake ads,Pull-the-pin / choice fake ads documented industry-wide; Apple & Google cracking down on misleading ads 2025–26 (Udonis 2026 guide); fakeadgames.com 'museum of every ad that lied to you' (2026); ResetEra thread 'Those fake mobile game ads. I desire to play one',unchecked,Potion +10 power 10R; Scout (see next room) 5R,
5,HOB-003,Rip a Box Break,Collecting subculture,28.6,5,4,5,5,4,Buy a spot (a team/type) in the next 5-min server break → the host (rotating player or NPC) rips packs live on a big screen → cards matching your spot fly to you → sell/showcase,"Collective RNG theater: 20 players watch one case opened together, cheering when their spot hits; players can host breaks for others and earn a cut","Live 'box breaks' in the card hobby: buyers purchase spots/teams, host opens a sealed case on stream, hits go to spot owners","10B Pokémon cards printed Mar 2025–Mar 2026; $50 MSRP products resold for $400–600 in 2025 shortages (PokéBeach, May 2026)","Trading Card Simulator, TCG Card Shop Simulator, Card Shop Friends, TCG Shop Simulator exist (Roblox search Sep 2026; visits unchecked) — none do spot-based group breaks","Host license pass, extra spot slot, chase-card insurance (refund if spot blanks)",
6,MSH-047,Fetch the Secret Word,Format mashup: TikTok 'Imposter Game' x scavenger search,28.6,5,4,5,5,4,Get category -> run and grab an item -> show items -> vote impostor -> next category,Twist: everyone gets a hidden category (e.g. 'things that are cold') and must fetch a matching object from a big house; the impostor doesn't know and must copy others,Parents: TikTok 'Imposter Game' x scavenger search. Search + bluff; each round readable in 5 seconds.,"TikTok 'Imposter Game' listed among top 2026 kids game trends (TikTok discover / newengen, Sep 2026); Search For The Needle (cozy search roguelite) 66.2M visits, 22.5K CCU (Rolimons/market scout, Sep 23 2026)",unchecked,Impostor pass; Sprint shoes; Rare item skins,
7,MSH-089,Roll for a Friend,Format mashup: RNG aura rolls x gift friction,28.6,5,3,5,5,5,Pair -> roll -> gift -> thank or grumble -> collect,Twist: you cannot roll for yourself: every roll goes to a friend or random player and you get theirs,Parents: RNG aura rolls x gift friction. Makes RNG social.,"Sol's RNG 2.1B+ visits (Roblox Fandom/BloxGuidesGG, Aug 2026)","Sol's RNG 2.1B+ visits (Fandom, Aug 2026); aura-RNG lane crowded",Luck potion; Gift wrap; Roll speed,
8,WEB-076,Pull the Pin,Fake mobile ad made real,28.6,5,4,5,5,4,"Pull pins in the right order so lava, water and monsters don't reach the hero and the gold does","Your FRIEND is the hero trapped inside the puzzle: one player pulls pins, the other(s) stand in the chamber and survive or get cooked; roles swap; player-made pin levels",Homescapes/Hero Rescue 'pull the pin' fake ads,Pull-the-pin / choice fake ads documented industry-wide; Apple & Google cracking down on misleading ads 2025–26 (Udonis 2026 guide); fakeadgames.com 'museum of every ad that lied to you' (2026); ResetEra thread 'Those fake mobile game ads. I desire to play one',unchecked,Shield bubble for trapped friend 10R; Level editor pass 25R; Extra undo 5R,
9,HOB-002,Shake a Blind Box,Collecting subculture,28.4,4,5,5,4,5,Pick a box off the shelf → shake/weigh minigame gives faint hints → open for figure RNG (secret 1/144) → complete series shelf → trade dupes,"Skill-assisted gacha: shaking/weighing gives real but noisy info, so good players 'read' boxes; the shelf is shared so other players can snipe the box you just identified as the secret",Labubu/Pop Mart blind-box craze + real 'shake and weigh the box' TikTok technique to guess the secret,"Labubu >100M units sold in 2025; The Monsters line ~$1.95B revenue 2025; rare resales >$10K (DemandSage / Athlon Sports, 2026); Blind Box Shop Simulator on Steam May 22 2026",unchecked (Labubu UGC items exist; no major Roblox blind-box game surfaced in search Sep 2026),"Scale upgrade (sharper hints), full-case buy (12 boxes, guaranteed no dupes), 2x secret luck",
10,WEB-051,Troll the Runners,Poki hit / troll platformer,28.2,4,5,5,5,4,"Runners race through a short level; the floor falls, spikes pop, doors move",Asymmetric: one player is the Devil with a trap panel triggering drops/spikes in real time; runners who reach the door win; Devil earns per victim; roles rotate,Level Devil (9.8M downloads July 2026),"Level Devil did 9.8M downloads in July 2026, #18 worldwide (mobilegamer.biz, Aug 2026); listed on Poki popular (poki.com, 2026)",unchecked (troll obbies exist but not live-Devil asymmetric),Devil pass (be Devil next round) 25R; Extra trap slot 15R; Checkpoint 10R,PVP-098
11,RES-006,Blast a Pixel Mural,research-sourced,27.8,5,5,4,4,4,Send RNG pig-cannons onto a conveyor that blasts matching pixels of a mural,4 players share one conveyor; compete for belt slots; co-op boss murals,"Mobile Pixel Flow! ($100M+, Scopely >$1B valuation)","Pixel Flow >$1M/day Dec 2025, $108M+ H1'26 (gamigion)",none found (web search 9/27),,
12,RES-013,Check a Million Boxes,research-sourced,27.8,5,4,4,4,5,Check boxes on a giant shared board for coins,Checkers vs uncheckers team war; golden boxes; rebirth,"Web One Million Checkboxes (~500K players, 650M checks)","~500K players / 650M checks in 2 weeks, Jun 2024 (eieio blog, WaPo)",none found,,
13,TRD-003,Shake the Mystery Box,collectibles/skill,27.8,5,4,4,4,5,"Pick a sealed box, shake/weigh/tap it (sound + weight clues), guess the figure, then buy or pass",Luck becomes a skill: learn clue patterns to snipe secrets before other players grab the shelf,Collectors shake and weigh blind boxes in stores to guess the rare figure,"Pop Mart 2025 revenue 37.12B yuan (~$5.38B, +185%); The Monsters/Labubu 14.16B yuan; 100M+ Labubu units sold in 2025 (Reuters via investing.com, Mar 2026; DemandSage 2026)",unchecked,X-ray peek (20R); Scale upgrade shows grams (99R); Restock now (35R),TRD-023
14,TRD-115,Become the Claw Machine Prize,asymmetric/party,27.8,5,4,4,5,5,Players are plush prizes inside a giant claw machine; one player drives the claw; prizes dodge and hide,Flips the occupied claw lane into asymmetric chase; caught prizes become next operators,Claw-machine TikToks (lane occupied by normal claw games),none,"Tokyo Claw Machine 74.9M visits, Claw Machine Arcade 70.4M visits (RobloxMania / Rolimon's, Jan 2026)",Operator turn (25R); Slippery plush skin (35R),
15,WEB-002,Shoot the Pixel Art,Mobile puzzle hit (hybrid-casual),27.8,5,5,4,4,4,Send color shooters onto a conveyor → they fire matching balls into a pixel picture → picture revealed → collect the art,Server-wide co-op mural: everyone's shooters chew one 200x200 picture; your bench can overflow into a friend's; revealed pictures drop as RNG-rarity stickers you trade,"Pixel Flow! ($105M+, PG Game of the Year 2026)","Pixel Flow hit $105M IAP by May 2026 (mobilegamer.biz data digest), won Pocket Gamer Game of the Year 2026; Scopely bought Loom Games at $1B+ valuation Feb 2026 (Gamigion)",unchecked,Extra bench slot 25R; Rainbow shooter (any color) 15R; Sticker pack reroll,
16,MSH-087,Squeeze Into Sardines,Format mashup: hide-and-seek x cozy search,27.6,5,3,4,5,5,Hide or search -> find -> squeeze in -> last seeker loses,"Twist: reverse hide-and-seek: one player hides, everyone searches, and each finder squeezes into the same hiding spot until the last one",Parents: hide-and-seek x cozy search. Real playground game; unused on Roblox as far as known.,"Search For The Needle (cozy search roguelite) 66.2M visits, 22.5K CCU (Rolimons/market scout, Sep 23 2026)",unchecked,Hider pass; Search radar; Spot skins,
17,RES-007,Smash a Jar Tower,research-sourced,27.6,5,4,4,5,4,"Fire cannonballs, chain-destroy jar towers, earn, roll cannonball types",Server-wide mega-tower with destruction leaderboard,Mobile Smash Fest! (#1 iOS downloads Jul 2026),Smash Fest 6.41M iOS downloads Jul 2026 (foxdata),none found,,
18,RES-018,Block the Street,research-sourced,27.6,5,3,4,5,5,"Grow a parade conga line, block NPC traffic for cash",Players join each other's lines; instrument rarity RNG,Meme 'We're All Just Blocking the Street' (Sept 2026),Know Your Meme Sept 2026; TikTok 98K+ likes,marching-band RP only,,
19,SSN-043,Don't Say Its Name,Original Monster / Urban Legend,27.6,5,3,5,5,5,Typing the monster's secret name summons it on the typer; the name changes each round and is hinted; trick friends into typing it,Word-trap party horror; social trickery is the loop,Bloody Mary / say-its-name legends,none,unchecked,Name hint; ward charm; skins,
20,SSN-056,Swap a Gift,Seasonal-Christmas/Winter,27.6,5,3,5,4,5,8–16 players bring wrapped items from inventory; take turns opening or swapping; each item can be taken max 3 times; you keep what you end with,Real party ritual with bluff wrapping; inventory items make it a trading loop year-round,White Elephant / Yankee Swap party TikToks,"Christmas 2025 updates by MM2 (Ski Village map + pass), 99 Nights, Adopt Me advent, Brookhaven Winter Festival (FandomWire / Deltia's Gaming, Dec 2025)",unchecked,Premium wrap; extra gift slot; lock-a-gift,MSH-080 PTY-050
21,TRD-004,Camp the Toy Line,social/queue,27.6,5,4,5,4,4,"Line up outside the toy store overnight; survive rain, snack runs, line-cutters; doors open at dawn and you grab one toy",The line itself is the game: leave your spot and someone takes it; shove PvP at the door rush,"NeeDoh restock lines, one-style-per-day store limits","NeeDoh maker Schylling sold its full-year inventory in the first 9 weeks of 2025; 2026 shortages, resale, stores limiting to one style per day (Bloomberg Jun 3 2026; Today.com 2026; KMUW Aug 21 2026)",unchecked,Umbrella + snack bag (25R); Hold-my-spot token (35R); VIP early-door pass (199R),
22,TRD-010,Open a Daily Advent Door,retention/collectibles,27.6,5,3,4,5,5,"Every real day unlock one door, reveal a mini toy; streaks multiply rarity; 24 doors per season",Built around the calendar habit: miss a day and your streak cracks; friends' calendars can be gifted doors,NeeDoh advent calendar kicked off the 2025 craze,"NeeDoh maker Schylling sold its full-year inventory in the first 9 weeks of 2025; 2026 shortages, resale, stores limiting to one style per day (Bloomberg Jun 3 2026; Today.com 2026; KMUW Aug 21 2026)",unchecked,Streak saver (25R); Open a gift door for a friend (15R); Premium calendar (149R),
23,TRD-011,Spot the Lafufu,social/deduction,27.6,5,4,5,4,4,"Half the server makes fake figures in a workshop, the other half buys and inspects (seams, teeth, box print); roles swap","Two-sided deception market: fakers earn if they fool buyers, buyers earn catching fakes",Counterfeit 'Lafufu' fakes around the Labubu craze,"Pop Mart 2025 revenue 37.12B yuan (~$5.38B, +185%); The Monsters/Labubu 14.16B yuan; 100M+ Labubu units sold in 2025 (Reuters via investing.com, Mar 2026; DemandSage 2026); counterfeit volume itself not searched",unchecked,Magnifier tool (35R); Faker paint kit (49R); Refund insurance (15R),
24,TRD-054,Hide the Cake,social/deduction,27.6,5,4,5,5,4,Bakers sculpt ordinary objects out of cake and hide them in a room of real objects; guessers get 3 knife cuts,Prop-hunt-style deduction with a knife: wrong cuts cost you; clips of shocking reveals,'Is It Cake?' hyper-real cake videos,none,unchecked,Extra knife (15R); Premium frosting textures (49R); Baker turn (25R),
25,WEB-103,Pull the Trolley Lever,Neal.fun viral toy,27.6,5,3,4,5,5,"Read a silly dilemma, pull the lever or not; see what % of the server chose the same",Players are tied to the tracks (safe cartoon bonk): one random 'conductor' decides; server vote vs conductor choice; rounds of 20s,Absurd Trolley Problems (neal.fun),"none (Absurd Trolley Problems viral 2022, no current figure verified)",unchecked,Conductor pass 20R; Helmet (funny bounce) 5R,
26,WEB-108,Paint the Pixel World,Viral web toy,27.6,5,4,4,5,4,Place one pixel every few seconds on a giant shared canvas,Global canvas across servers; clans defend drawings; pixel cooldown is the grind; timelapse replays daily,Wplace / r/place collaborative pixel canvas (Wplace viral summer 2025),"none (Wplace went viral summer 2025, no figure verified)",unchecked,Cooldown reducer pass 25R; Pixel bomb (3x3) 10R,
27,MSH-072,Hunt the Top Roller,Format mashup: RNG aura rolls x bounty tag,27.4,5,3,5,5,4,"Roll -> if you get top aura, run -> others chase -> survive 3 minutes for a reward","Twist: the player with the rarest aura in the server gets a bounty crown; if tagged, the tagger gets a luck boost and the aura is not lost",Parents: RNG aura rolls x bounty tag. Adds movement and chase to idle RNG.,"Sol's RNG 2.1B+ visits (Roblox Fandom/BloxGuidesGG, Aug 2026)","Sol's RNG 2.1B+ visits (Fandom, Aug 2026); aura-RNG lane crowded",Crown shield; Speed boost; Luck potion,
28,SSN-053,Set Home Alone Traps,Seasonal-Christmas/Winter,27.4,5,3,5,5,4,"1–2 kids get 2 minutes to rig a house with traps (paint cans, marbles, tar stairs); 4–6 burglar players then try to reach the vault; ragdoll slapstick",Asymmetric trap-building vs raiders; burglar fails are clip gold; evergreen as 'defend the treehouse',Home Alone (perennial Christmas film); asymmetric wave,Forsaken ~48K CCU / 5.2B visits; Die of Death ~2.9K CCU / 277M visits (earnaldo.com 2026),Asymmetric lane owned by Forsaken; trap-vs-burglar unchecked,Trap packs; burglar gear; replay cam,
29,TRD-005,Squeeze a NeeDoh,collectibles/asmr,27.4,4,5,4,4,5,"Squeeze squishies with ASMR sounds, each squeeze earns coins, buy daily-drop squishies (one style per day)",Daily store drops mirror the real shortage; squishies can 'overstretch' and pop for rare goo mutations,NeeDoh squishy craze 2025-2026,"NeeDoh maker Schylling sold its full-year inventory in the first 9 weeks of 2025; 2026 shortages, resale, stores limiting to one style per day (Bloomberg Jun 3 2026; Today.com 2026; KMUW Aug 21 2026)",unchecked,Double squeeze power (49R); Drop-day early access (79R); Rare dye (15R),
30,HOB-007,Charm Your Bag,Collecting subculture,27.2,4,4,5,4,5,Earn/roll charms from vending capsules → clip them to your in-game backpack (visible on avatar) → walk the mall → other players 'rate' your bag → coins,Your collection is literally worn and dangles/jingles; 'bag check' events where the server votes best stack; charm sets give aura bonuses,"Bag-charm trend (Labubu clipped to bags, Crocs Jibbitz, keychain stacks)","Labubu >100M units sold in 2025; The Monsters line ~$1.95B revenue 2025; rare resales >$10K (DemandSage / Athlon Sports, 2026)",unchecked,"Bigger bag (more slots), charm luck potion, limited seasonal charm drop",
31,TRD-034,Run the Giant Treadmill,party/streamer,27.2,4,4,4,5,5,40 players on a giant treadmill; speed rises every 20s; items fly in; last one on wins the pot,Players can throw bananas and push; spectators vote on next hazard,MrBeast largest-treadmill challenge with IShowSpeed and Kai Cenat,"MrBeast 'largest treadmill on Earth' challenge with IShowSpeed, Kai Cenat, Logan Paul went viral (Complex, 2024)",'Last to leave' style party games exist (unchecked),Grip shoes (35R); Spectator hazard vote x3 (15R); Revive (15R),
32,TRD-039,Keep Your Hand on the Car,party/endurance,27.2,4,4,4,5,5,"Hold your hand on a giant prize (car, house); random events force minigames; failing or letting go eliminates you",Anti-AFK events every 30s; eliminated players become saboteurs throwing distractions,MrBeast 'last to take hand off' challenges,Beast Games S1 was Prime Video's most-watched unscripted show (50M viewers in 25 days); S2 ran Jan 7-Feb 25 2026 (Wikipedia / Amazon 2026),unchecked,Second-chance glove (25R); Saboteur powers (35R); Prize skins (49R),
33,WEB-026,Paint the Territory,io classic,27.2,4,5,4,5,4,"Leave your base, draw a trail, loop back to claim land; cut others' trails to eliminate them",Roblox 3D city map where claimed land physically recolors buildings; teams of 4 with shared territory; claimed land spawns RNG loot crates,Paper.io 2 (Voodoo; 10M downloads July 2026),"Paper.io 2 did 10M downloads in July 2026, #17 worldwide (mobilegamer.biz, Aug 2026)",unchecked,Shield on trail 10s 15R; Respawn keeping 50% land 20R; Trail skins,
34,WEB-066,Kick the Free Kick,Mobile hit,27.2,4,4,4,5,5,Swipe to curl a free kick over the wall into the corner,The wall is made of real players who jump to block; keeper is a player; score = goals minus blocks,Soccer Superstar / flick-kick soccer (July 2026 surge),"Soccer Superstar surged into top downloads July 2026 during the World Cup (mobilegamer.biz, Aug 2026)","unchecked (football games exist, free-kick-wall party unclear)",Curve ball 10R; Boot skins,
35,WEB-077,Pick the Right Choice,Fake mobile ad made real,27.2,4,4,4,5,5,Two options appear (umbrella or fan?); pick one; wrong choice = funny fail,Party elimination: players stand on A or B pads; the absurd consequence happens physically to the losing pad,'Save the Girl' / A-or-B choice fake ads,Pull-the-pin / choice fake ads documented industry-wide; Apple & Google cracking down on misleading ads 2025–26 (Udonis 2026 guide); fakeadgames.com 'museum of every ad that lied to you' (2026); ResetEra thread 'Those fake mobile game ads. I desire to play one',unchecked,Second chance 15R; Peek at majority 10R,
36,WEB-080,Draw the Toilet Path,Fake mobile ad made real,27.2,4,4,4,5,5,Draw a path for each character to their toilet without crossing others' paths; then watch them run,"Every player draws their own avatar's path simultaneously; when time's up, all run and collide physically",Toilet Rush / 'draw lines to the bathroom' ads,Pull-the-pin / choice fake ads documented industry-wide; Apple & Google cracking down on misleading ads 2025–26 (Udonis 2026 guide); fakeadgames.com 'museum of every ad that lied to you' (2026); ResetEra thread 'Those fake mobile game ads. I desire to play one',unchecked,Ghost path (pass through once) 10R; Custom toilet cosmetics,
37,MSH-004,"Find the Key, One of Us Hid It",Format mashup: cozy search roguelite (Search For The Needle) x round-based deduction (MM2),27.0,4,4,5,5,4,Dig through a cozy junk pile -> find keys/fakes -> meeting bell rings -> vote the Burier -> next pile gets bigger and weirder,Twist: 12 players search one giant junk pile for 3 golden keys; one secret Burier can re-hide found keys and plant fake ones; vote him out before the timer ends,"Parents: cozy search roguelite (Search For The Needle) x round-based deduction (MM2). Takes the hottest cozy-search loop but adds a traitor so it is social, not solo.","Search For The Needle (cozy search roguelite) 66.2M visits, 22.5K CCU (Rolimons/market scout, Sep 23 2026); Murder Mystery 2 all-time peak ~1.35M CCU Aug 16 2026, Aug avg 633K (MaxPower Gaming, Aug 2026)","Search For The Needle 22.5K CCU + ~14 clones in 48h (market scout, Sep 2026); MM2 ~1.35M peak CCU (Aug 2026); many MM2-likes",Metal-sense tool pass; Burier role chance +; Extra vote/veto,
38,MSH-020,Who Made the Mess?,Format mashup: cleaning ASMR x round-based deduction (MM2),27.0,4,4,5,5,4,Clean rooms for coins -> notice fresh spills -> call a house meeting -> vote -> next house,Twist: 10 roommates clean a mansion to 100%; one Slob secretly spills and smears (the mess is satisfying to clean anyway); vote the Slob out,Parents: cleaning ASMR x round-based deduction (MM2). Among-Us tasks made the real game: cleaning is fun even while being sabotaged.,"Wash The House ~12M visits (Rolimons, 2026) & 31.5K CCU; Dig & Clean ~27.8K CCU Aug 7 2026 (robolibrary); Clean a House 66M visits (The Bloxline); Murder Mystery 2 all-time peak ~1.35M CCU Aug 16 2026, Aug avg 633K (MaxPower Gaming, Aug 2026)","Wash The House 31.5K CCU, Dig & Clean ~26-28K CCU, Clean a House 66M visits (2026); MM2 ~1.35M peak CCU (Aug 2026); many MM2-likes",Slob role pass; Stain-scanner; Premium mops,
39,MSH-046,Build the Secret Word,Format mashup: TikTok 'Imposter Game' x build battle,27.0,4,4,5,5,4,Get word -> build with blocks -> gallery walk -> vote -> impostor guesses word to steal the win,Twist: everyone gets the same secret word (e.g. 'pizza') and builds it in 60 seconds; the impostor never saw the word and must fake a build; vote,Parents: TikTok 'Imposter Game' x build battle. Converts a live TikTok party-game trend into a visual Roblox round.,"TikTok 'Imposter Game' listed among top 2026 kids game trends (TikTok discover / newengen, Sep 2026)",unchecked,Premium block sets; Impostor pass; Word pack DLC,
40,MSH-050,Pass the Cursed Aura,Format mashup: RNG aura rolls x hot-potato party,27.0,4,3,5,5,5,Chase or dodge the curse -> roll like crazy while holding -> tag someone before it blows,Twist: one cursed aura passes by touch; the holder rolls at x10 luck but it explodes at a random time and wipes their last roll,Parents: RNG aura rolls x hot-potato party. Greed vs risk: everyone WANTS the bomb for a moment.,"Sol's RNG 2.1B+ visits (Roblox Fandom/BloxGuidesGG, Aug 2026)","Sol's RNG 2.1B+ visits (Fandom, Aug 2026); aura-RNG lane crowded",Curse shield; Luck potions; Aura storage,
41,MSH-069,Roll a Disaster,Format mashup: RNG aura rolls x Natural Disaster Survival,27.0,4,4,5,5,4,Survive disaster -> earn coins -> watch the roll -> survive the mythic ones -> disaster dex,Twist: the server rolls the next disaster with rarity (rain to 1-in-100K meteor-tornado combo); players can buy 'force a mythic' for the server,"Parents: RNG aura rolls x Natural Disaster Survival. Rarity RNG on the environment, not the player: shared screaming moments.","Sol's RNG 2.1B+ visits (Roblox Fandom/BloxGuidesGG, Aug 2026)",Natural Disaster Survival is a long-running classic (unchecked numbers),Force a mythic disaster (server-wide); Umbrella shield; Luck totem,
42,MSH-090,Stand Near the Lucky One,Format mashup: RNG aura rolls x proximity luck,27.0,4,3,5,5,5,Roll -> rare pull -> crowd gathers -> tips -> lucky player shows off,Twist: standing near a player who just pulled a rare aura gives you a luck boost; the lucky player gets tips,Parents: RNG aura rolls x proximity luck. Turns luck into social gathering.,"Sol's RNG 2.1B+ visits (Roblox Fandom/BloxGuidesGG, Aug 2026)","Sol's RNG 2.1B+ visits (Fandom, Aug 2026); aura-RNG lane crowded",Luck aura; Tip jar; Crowd effects,
43,TRD-038,Let Chat Control Me,social/streamer,27.0,4,4,5,5,4,"One runner plays an obstacle course; 20 others are chat voting inputs, traps and gravity every 5 seconds","Crowd-sourced chaos; runner earns by surviving, chat earns by betting where the runner fails",'Twitch Plays' and chat-controlled streams,"Kai Cenat's Mafiathon 3 subathon ended Sep 30 2025 with 1,112,947 Twitch subs, first ever over 1M (Wikipedia / StreamsCharts)",unchecked,Veto vote (15R); Runner turn (25R); Super chat trap (35R),
44,WEB-058,Do Chores Among Hazards,Poki hit,27.0,4,4,5,5,4,"Do simple house chores (make coffee, check mail) while triggering traps on rivals (falling fridge, door slam)",8 players in one Roblox house; each room's trap panel usable by anyone near; perfect clip game,House of Hazards,House of Hazards is a long-running Poki multiplayer staple (poki.com); no figure verified,unchecked,Extra trap charge 10R; Pajama outfits,
45,RES-022,Open a Blind Box,research-sourced,26.8,3,5,5,4,5,"Open blind boxes of ORIGINAL characters, shelf, trade",Chase rares; set completion,Post-Labubu blind-box craze,Hacipupu +281% StockX (athlonsports),Labubu games many (owned IP),,
46,HOB-001,Hunt Coin Rolls,Collecting subculture,26.6,5,3,4,4,5,"Buy a bank box → crack rolls with a satisfying paper-tear → coins spill, tap to inspect with loupe → keep silver/errors/key dates → dump the rest back into the bank","Shared server bank: every coin you dump goes back into the SAME pool other players buy from, so rivals can find the 1-in-50,000 error you missed (and chat roasts you). Coin album sets with display cases in your plot","Coin roll hunting (CRH) YouTube/TikTok: buy boxes of rolls from the bank, search for silver, errors and key dates, dump the rest back","TheCoinChannel 1.4M YT / 4.2M TikTok; Couch Collectibles (coin roll hunting) 991K YT (Feedspot coin YouTubers list, 2026)",unchecked,"Loupe+ pass (auto-highlights errors), bank box skip-the-line, 2x luck 15-min potion",
47,HOB-105,Chase the Cheese,Hobby sport / party / misc,26.6,5,3,4,5,5,Cheese wheel launched down a steep hill every 90s → 20 players sprint/ragdoll after it → first to grab wins the wheel (rarity RNG: gold wheel),Pure ragdoll comedy race with a collectible prize; tumble physics = clips; 'hill shape' rotates each round,Cooper's Hill cheese-rolling race (annual viral tumble clips),none,unchecked,"Grippy boots, cheese vault display, spectator betting chips",
48,HOB-113,Pose the Giant Skeleton,Hobby sport / party / misc,26.6,5,3,4,4,5,Pose a 12-ft skeleton joint by joint → dress with props (RNG from prop crates) → yard displays at night → trick-or-treaters rate,Pose contests and rare props; neighbors can 'borrow' (steal) props unless you lock them,Home Depot 12-ft skeleton 'Skelly' yard-display craze each Halloween,none (seasonal: October),unchecked,"Prop packs, light effects",SSN-002
49,MSH-003,Roll for the Server,Format mashup: RNG aura rolls (Sol's RNG) x 100-player server goal (Build the Pyramid),26.6,3,4,5,5,5,Roll auras -> each roll adds 1 to the server meter -> meter pops -> 5-minute x3 luck storm for all 100 players -> chase your rare while it lasts,"Twist: every roll anyone makes charges a shared Server Luck meter; at each threshold the WHOLE server gets a timed luck storm, and the top 3 chargers get their names written in the sky","Parents: RNG aura rolls (Sol's RNG) x 100-player server goal (Build the Pyramid). Altruistic RNG: your rolls help strangers, which gives a reason to join full servers and to buy.","Sol's RNG 2.1B+ visits (Roblox Fandom/BloxGuidesGG, Aug 2026); Build the Pyramid! 100-player server-goal co-op 4.3K CCU / 1.1M visits (market scout, Sep 2026)","Sol's RNG 2.1B+ visits (Fandom, Aug 2026); aura-RNG lane crowded; Build the Pyramid! 4.3K CCU/1.1M visits (market scout Sep 2026); few server-goal games",2x roll speed pass (charges meter faster); 'Trigger Storm Now' server-wide product; Aura storage slots,
50,MSH-026,Break the Giant Wall,Format mashup: brick-breaker survivors (Ball x Pit) x 100-player server goal (Build the Pyramid),26.6,5,4,4,4,4,"Aim and launch balls -> bricks drop coins -> buy ball types (fire, split, pierce) -> fortress tiers every 5 min",Twist: 100 players each fire their own upgradable balls at ONE descending brick fortress; if it reaches the ground the server loses its streak,Parents: brick-breaker survivors (Ball x Pit) x 100-player server goal (Build the Pyramid). Ball x Pit is a proven solo-dev mashup on Steam; 100-player co-op is the Roblox-native twist.,"Ball x Pit (brick-breaker x survivors mashup by a solo dev) 2M sales (Push Square, Aug 2026); Build the Pyramid! 100-player server-goal co-op 4.3K CCU / 1.1M visits (market scout, Sep 2026)",Build the Pyramid! 4.3K CCU/1.1M visits (market scout Sep 2026); few server-goal games; no Roblox brick-breaker at scale found (unchecked),Extra ball slot; Mega-ball (server-wide shot); Ball skins,
51,MSH-049,Haunted Bingo Night,Format mashup: 50-player mass party (50 Player BINGO) x survive-the-night horror,26.6,5,3,4,4,5,Watch numbers -> daub fast -> lights flicker -> survivors keep playing -> BINGO or last alive wins,Twist: a monster calls the numbers; every call dims the lights and the monster grabs the slowest dauber; be fast AND lucky,Parents: 50-player mass party (50 Player BINGO) x survive-the-night horror. Halloween-ready twist on a proven mass-party format.,"50 Player BINGO 19.6M visits; Catch 1 Billion Ducks 22.8M visits (market scout, Sep 2026); Fish It 129.8K CCU Sep 2026; Fish It rose 186K->389K CCU Sept->Oct 2025 (market scout) (October horror lift)","50 Player BINGO 19.6M visits (market scout, Sep 2026)",Extra card; Flashlight (see the monster); Golden dauber,
52,PTY-001,Hold the Floor,Party / TV game show,26.6,5,4,4,4,4,"Server floor is a grid of tiles, each owned by a player/bot with a secret picture category; pick a neighbour, 30s rapid-fire picture-ID duel, winner absorbs the loser's tile and category","Territory-map elimination on a 100-tile floor you physically stand on; bots own empty tiles so 2 humans still get a full map; you collect and level category decks (Dogs, Flags, Roblox Items) for a home-field bonus",The Floor (FOX game show),"The Floor (FOX): S3 post-Super Bowl premiere 14M viewers (Deadline, Feb 2025); renewed S6+S7 Feb 2026; #1 FOX show June 2026 (ustvdb)",unchecked,Skip-a-picture pass (3 per duel); category deck packs; revive onto 1 tile,
53,PTY-084,Squeeze In,Party / playground game,26.6,5,3,4,4,5,One player hides; everyone else seeks; when you find the hider you secretly squeeze into the same spot; last seeker loses,The hiding spot becomes a hilarious clown-car pile; players must be sneaky when joining; bots; hider maps,Sardines (reverse hide-and-seek),Hide and Seek Extreme 3.38B visits as of Jun 29 2026 (robloxgo/Miraheze),Hide-and-seek lane huge; Sardines variant unchecked,Map packs; hider pass; squish effects,
54,PVP-026,Chase the Cheese Downhill,unusual sport,26.6,5,3,4,5,5,"A cheese wheel is released down a brutal slope; 20 players sprint, tumble and ragdoll after it; first to touch the cheese wins",Tumbling is the game: running too fast makes you cartwheel; shove rivals into the bushes,"Cooper's Hill Cheese-Rolling (Gloucester, every May) viral tumble clips",none,unchecked,Cheese-wheel skins; Grip boots; Replay-cam export emote,
55,PVP-092,Dodge the Claw,asymmetric 1-vs-many,26.6,5,3,4,5,5,One player drives a giant claw; everyone else is a plushie in the machine dodging; grabbed plushies drop in the chute,You're the prize - silly role swap; claw has limited grab time,Claw-machine videos,none,unchecked,Claw role priority; Plushie skins; Escape wiggle,
56,SSN-009,Type the Spell,Seasonal-Halloween,26.6,5,4,4,4,4,Wizard team escapes a witch tower: type incantations fast in a spell bar to cast; typos backfire (fireball becomes firebowl → bowling ball),Typing-as-magic with hilarious misspell outcomes; spells get longer each floor,YAPYAP voice-spell co-op horror; Roblox voice limited to verified 13+ so typing is inclusive,"YAPYAP (voice-spell co-op horror, 6p) sold 500K in a week, 700K+ units (GameDiscoverCo, Feb 2026)",unchecked,Spellbook expansions; auto-correct charm (1 fix per floor); robe skins,
57,SSN-030,Keep Quiet in Chat,Co-op Horror,26.6,5,3,4,4,5,Monster hunts noise; every chat message is a noise ping at your location (caps = louder); team coordinates with silent emotes and map pings,Chat itself is dangerous — funny moments when someone types 'RUN',Sound-hunting monsters (A Quiet Place trope),"RoLearn Horror Genre Report 2026: 500+ active horror games, combined daily CCU >200K, best creator-coverage-to-player ratio of any genre",unchecked,Silent emote pack; decoy noisemaker; revive,
58,SSN-070,Fatten a Bear,Seasonal-Other,26.6,5,3,4,4,5,Catch salmon to fatten your bear before hibernation; bracket vote every hour decides the fattest bear on the server,Cute incremental + bracket voting; real annual viral event,"Katmai Fat Bear Week (annual October online vote, explore.org)",Fat Bear Week runs yearly in early October (explore.org); no metric checked,unchecked,Salmon magnet; bear skins; bracket boost,
59,SSN-080,Survive Family Dinner,Seasonal-Thanksgiving,26.6,5,3,4,4,5,"Relatives ask awkward questions; pick answers to keep the table mood up; random chaos (dog steals turkey, uncle's hot take)",Dialogue party game — co-op mood meter with sabotage votes,Thanksgiving dinner-argument memes,"Thanksgiving 2025 mini-events: Zombie Stories 'Turkey Hunt' hide-and-seek, Evade turkey capture, Hypershot Turkey Hunt, Steal a Brainrot turkey (Pro Game Guides / Fandom, Nov 2025)",unchecked,Dialogue packs; mood shield; seat pick,
60,TRD-006,Flip a Viral Toy,economy/market,26.6,5,4,4,4,4,Buy toys cheap; random 'video goes viral' events send one toy's price soaring; sell to other players or NPC shop,"A hype-cycle stock market with toys: prices crash as fast as they spike, players race to cash out",IKEA orangutan plush sold out after Punch video; toy resale spikes,Punch the abandoned macaque: clips 30M+ views; IKEA Djungelskog orangutan plush sold out in US/Japan/Korea and resold ~10x on eBay (CNN; Euronews Feb 20 2026),unchecked,"Trend radar (hint next viral toy, 49R); Bigger stockroom (99R); Instant sell (15R)",
61,TRD-073,Play Marbles for Keeps,pvp/school,26.6,5,3,5,4,5,Flick your shooter to knock marbles out of the ring; winner keeps the opponent's staked marble,Real stakes: rare marbles change hands; marbles have RNG patterns,Playground marble 'keepsies',none,unchecked,Marble bag (25R); Steady-hand aim (35R); Stake insurance (15R),
62,TRD-081,Unclog the Drain,satisfying/gross,26.6,5,3,4,4,5,Snake a drain with a tool; pull out the clog; length and weird items inside roll rarity,"Gross-out RNG loot (lost rings, action figures, a live frog)",Plumbers pulling giant hair clogs (gross-satisfying),#oddlysatisfying has 69.8B TikTok views; pressure-washing creators with 800K+ followers get millions of views (IZEA; Yahoo Style 2025),unchecked,Pro drain snake (49R); Rare pipe (25R),
63,HOB-005,Hunt Hot Wheels,Collecting subculture,26.4,5,3,5,5,4,Store restocks every 3 min → run to pegs with other players → grab cars (RNG Treasure Hunt with green flame) → race your finds on your orange track → display wall,"Restock scramble is PvP (grab fast, hoard, trade); every car you find is DRIVABLE on a track race vs others, so collection = garage","Adult Hot Wheels collecting: hunting 'Super Treasure Hunts' on store pegs, restock days, 'peg warmers'",none,unchecked,"Early-access store pass, track piece packs, 'peg radar' (shows STH location)",
64,HOB-080,Stock a Bird Feeder,Outdoor / nature hobby,26.4,5,3,5,4,4,"Set feeders & seed types in your yard → AFK birds visit (RNG, rare cardinals/leucistic) → auto-snapshots album; offline visits",Asymmetric: other players can join as SQUIRRELS and raid your feeders; you build baffles and obstacle courses; squirrels earn nuts to spend on squirrel cosmetics,Bird Buddy smart-feeder cams; squirrel-proof feeder / squirrel obstacle-course videos,"Merlin Bird ID used by 12M+ people in 2024, users +500% since 2020; Gen Z 'birding boom' (Flying Lessons Jun 2025; Charlotte News Aug 2026)",unchecked,"Premium seed (rare birds), baffle kits, squirrel pass",
65,MSH-014,Rebirth the World,Format mashup: collect -> passive income -> rebirth x 100-player server goal (Build the Pyramid),26.4,5,3,4,5,4,Farm coins -> feed the World Tree -> vote to rebirth -> server-wide reset cutscene -> tier +1 for all,"Twist: the whole server rebirths together: when the World Tree is maxed, 60% of players must vote yes; everyone resets but the server gains a permanent tier; holdouts get a 'Stubborn' title",Parents: collect -> passive income -> rebirth x 100-player server goal (Build the Pyramid). Turns the most solo mechanic in simulators (rebirth) into a server event.,"Build the Pyramid! 100-player server-goal co-op 4.3K CCU / 1.1M visits (market scout, Sep 2026)",Build the Pyramid! 4.3K CCU/1.1M visits (market scout Sep 2026); few server-goal games,Vote weight x2 (founder pass); Rebirth skip; Personal multiplier,
66,MSH-032,Audit the Tycoon,Format mashup: collect -> passive income -> rebirth x round-based deduction,26.4,5,3,5,4,4,Build shared generators -> watch the ledger -> call an audit -> vote -> Embezzler wins if the stash hits the target,Twist: 6 players co-own one shared tycoon; one secret Embezzler skims coins into a hidden stash; audits (votes) happen every payday,Parents: collect -> passive income -> rebirth x round-based deduction. Turns the tycoon grind into a whodunit about money.,"Murder Mystery 2 all-time peak ~1.35M CCU Aug 16 2026, Aug avg 633K (MaxPower Gaming, Aug 2026)",unchecked,Embezzler role pass; Ledger magnifier; Private vault skin,
67,MSH-057,Lend a Fighter,Format mashup: roll-to-fight auto-battler x player rental market,26.4,5,3,4,5,4,Roll/train fighters -> list on rental board -> join raids with rented fighters -> earn rental income,Twist: you can rent your best fighter to other players for raids and earn a cut of their loot; rented fighters gain XP for you,Parents: roll-to-fight auto-battler x player rental market. Creates a market without item trading; strong co-play reason.,"Ball VS Ball (roll-to-fight + gem rerolls) launched Aug 12 2026, 41.2M visits, ~14.7K CCU (Rolimons/allthings.how, Sep 2026)","Ball VS Ball 41.2M visits/~14.7K CCU (Rolimons, Sep 2026); roll-to-fight cluster filling",Extra rental slots; Raid pass; Fighter insurance,
68,MSH-058,Elect a Foreman,Format mashup: 100-player server goal x server election,26.4,5,3,4,5,4,Vote -> haul blocks to the blueprint -> Foreman gets bonus if built on time -> impeach vote,Twist: the server elects a Foreman every 10 minutes who places the blueprint; everyone else hauls; bad foremen can be impeached,Parents: 100-player server goal x server election. Leadership role creates drama and clips inside a co-op grind.,"Build the Pyramid! 100-player server-goal co-op 4.3K CCU / 1.1M visits (market scout, Sep 2026)",Build the Pyramid! 4.3K CCU/1.1M visits (market scout Sep 2026); few server-goal games,Campaign banner; Foreman hat; Haul boost,
69,MSH-061,Split or Keep,Format mashup: co-op auto-battler boss raid x prisoner's dilemma game show,26.4,5,3,5,4,4,Roll units -> co-op raid -> choose split/keep -> reveal -> reputation badge follows you,"Twist: after beating a boss, each pair secretly chooses Split or Keep the loot; both split = shared, one keeps = all, both keep = nothing",Parents: co-op auto-battler boss raid x prisoner's dilemma game show. Golden Balls tension layered on co-op; reputation adds long-term social play.,"Ball VS Ball (roll-to-fight + gem rerolls) launched Aug 12 2026, 41.2M visits, ~14.7K CCU (Rolimons/allthings.how, Sep 2026)",unchecked,Raid pass; Reputation shield; Loot box skins,
70,MSH-073,Scavenger Bingo,Format mashup: 50-player mass party (50 Player BINGO) x cozy search,26.4,5,3,4,5,4,Get card -> run and search -> claim items -> bingo line -> new town each round,"Twist: your bingo squares are real objects hidden in a big town; you have to go find them, and each item can only be claimed a few times",Parents: 50-player mass party (50 Player BINGO) x cozy search. Physical search bingo is new and co-play friendly.,"50 Player BINGO 19.6M visits; Catch 1 Billion Ducks 22.8M visits (market scout, Sep 2026); Search For The Needle (cozy search roguelite) 66.2M visits, 22.5K CCU (Rolimons/market scout, Sep 23 2026)","50 Player BINGO 19.6M visits (market scout, Sep 2026)",Extra card; Item radar; Speed boots,
71,MSH-084,Poison the Garden,Format mashup: plant-and-wait garden (Grow a Garden) x round-based deduction,26.4,5,3,5,4,4,Plant and water -> weeds appear -> inspect footprints -> vote -> harvest,Twist: a community garden with one secret weed-planter whose weeds spread overnight; vote them off the plot,Parents: plant-and-wait garden (Grow a Garden) x round-based deduction. Takes a fading format and adds a social hook.,"Grow a Garden 35.3B visits, 22.3M peak CCU Aug 2025 (Wikipedia, May 2026); Murder Mystery 2 all-time peak ~1.35M CCU Aug 16 2026, Aug avg 633K (MaxPower Gaming, Aug 2026)",unchecked,Planter role pass; Weed killer; Seed packs,
72,MSH-086,Raise the Server Baby,Format mashup: Tamagotchi care (Adopt Me) x 100-player server goal,26.4,5,3,4,5,4,Feed/clean/play -> meters rise -> evolution vote -> favorite shown,"Twist: 100 players raise one giant baby creature; its evolution depends on what the server fed it, and it picks a favorite",Parents: Tamagotchi care (Adopt Me) x 100-player server goal. Collective pet is new and clip friendly.,"Build the Pyramid! 100-player server-goal co-op 4.3K CCU / 1.1M visits (market scout, Sep 2026); Animal Hospital 1.4B visits since May 10 2026 (Sportskeeda Sep 2026) but fading 206K->52K CCU",unchecked,Premium food; Toy pack; Favorite boost,MSH-021
73,PVP-018,Catch the Home Run Ball,PvP party,26.4,5,3,5,4,4,"Stadium stands: home runs fly into the crowd, players climb seats and dive to grab; ball rarity RNG (signed, record ball) sells for cash",Crowd scramble + collectible ball RNG with a trophy shelf,Fans diving over seats for home-run balls; record-ball auctions,"Ohtani 50/50 home-run ball sold for about $4.4M at auction (Oct 2024, widely reported)",unchecked,Glove upgrade (bigger catch radius); Front-row seat pass; Ball display case,
74,PVP-101,Speedrun Past the Guards,asymmetric trend,26.4,5,3,4,5,4,20 runners burst into a fancy fictional HQ; 3 guard players tackle and drag them out; distance meter shows how far each runner got,Directly converts a 2026 TikTok format; distance leaderboard + tackle clips,2026 'speedrun into a building before staff stop you' TikTok trend (generic fictional buildings only),"'Scientology speedrunning' TikTok trend from Mar 2026: run as far into a building as possible before staff stop you (Wikipedia, 2026)",unchecked,Guard role priority; Disguise (5s invisible to guards); Map unlock pass,
75,RES-014,Grow a Battle Flower,research-sourced,26.4,5,3,5,4,4,"Kill mobs, collect petals in rarity tiers, merge 5→1",Trade/flex a Mythic petal ring,Web Florr.io,Florr.io Discord 49K,none found,,
76,SSN-027,Never Walk Alone,Original Monster / Urban Legend,26.4,5,3,4,5,4,4–8 players complete chores around a suburb at night; the Tall Neighbor only attacks anyone more than 25 studs from a teammate; tasks force pairs to split up,"Proximity-as-health: the monster punishes solo play, so voice/chat coordination is the core skill",Buddy-system rules; original 'Tall Neighbor' monster peeking over fences,"RoLearn Horror Genre Report 2026: 500+ active horror games, combined daily CCU >200K, best creator-coverage-to-player ratio of any genre",unchecked,Buddy tether charm; revive; flashlight skins,
77,SSN-031,Trust the Messages,Co-op Horror,26.4,5,3,5,4,4,A mimic sends fake chat messages impersonating teammates ('come to the shed'); team agrees passphrases at round start to verify,Social paranoia via the game's own chat UI; mimic learns your recent phrases,Voice-mimic monster trope,"RoLearn Horror Genre Report 2026: 500+ active horror games, combined daily CCU >200K, best creator-coverage-to-player ratio of any genre",unchecked,Passphrase lock; mimic-detector charm; skins,
78,SSN-055,Stay Off the Naughty List,Seasonal-Christmas/Winter,26.4,5,3,5,4,4,"On Christmas Eve players can do naughty acts (steal cookies, peek presents) for points; each raises your naughty meter; at midnight Krampus hunts the naughtiest",Greed vs risk self-balancing; snitching on others lowers your own meter,Krampus folklore,"Christmas 2025 updates by MM2 (Ski Village map + pass), 99 Nights, Adopt Me advent, Brookhaven Winter Festival (FandomWire / Deltia's Gaming, Dec 2025)",unchecked,Halo charm; Krampus decoy; loot bag skins,
79,SSN-059,Light Up the Block,Seasonal-Christmas/Winter,26.4,5,3,5,4,4,Decorate your house with lights; the street shares one power grid; overloading blows every house's lights; neighbors vote the best house each hour,Shared-grid friction: brightest wins but greedy decorators black out the street,Christmas-lights house competitions,"Christmas 2025 updates by MM2 (Ski Village map + pass), 99 Nights, Adopt Me advent, Brookhaven Winter Festival (FandomWire / Deltia's Gaming, Dec 2025)",unchecked,Light packs; private generator; animated displays,
80,SSN-067,Make It a Snow Day,Seasonal-Christmas/Winter,26.4,5,3,4,5,4,"Do superstition rituals around town to fill a server meter; when full, school closes and the map becomes a 10-min sledding/snowball playground",Server-goal co-op with a real kid ritual; appointment moment,"Kid snow-day superstitions (pajamas inside out, spoon under pillow)",Build the Pyramid! 100-player server-goal co-op 4.3K CCU / 1.1M visits (market scout Sep 2026),unchecked,Ritual boosters; sled skins; extra snow time,
81,SSN-075,Launch a Firework,Seasonal-New Year,26.4,5,3,5,5,4,Craft firework shells (star mix RNG patterns) → queue into the top-of-hour server show → crowd rates; New Year's Eve mega-show,"Hourly appointment show, craft RNG, showoff in the sky",New Year fireworks; 'it's midnight somewhere',none,unchecked,Rare star compounds; launch slot; finale pass,
82,TRD-026,Be the Giant Seal,asymmetric/animal,26.4,5,3,4,5,4,"One player is a huge seal flopping through town onto cars, cafes and beaches; rangers try to herd it back to the sea with fences and fish",1 vs many: seal scores by 'occupying' landmarks; seal gets fatter and harder to move the longer it stays,"Neil the 2,200-lb seal who goes wherever he wants","Neil, a 2,200-lb seal roaming Australian towns, listed among 2026's top viral animals (Yahoo Lifestyle 2026)",unchecked,"Seal ticket (be the seal next, 25R); Fish lure (15R); Seal skins (49R)",
83,TRD-027,Waddle the Lucky Duck,animal/parade,26.4,5,3,4,5,4,Waddle through a celebrating city; fans (NPCs and players) join your parade conga; bigger parade = more coins,Your parade crashes into rival parades; the bigger one absorbs the smaller,Merlin the World Cup duck in a Mexico jersey,Merlin the duck in a Mexico jersey went viral at the World Cup 2026 opener (Yahoo Lifestyle '6 viral animals of 2026'),unchecked,Jersey pack (35R); Parade magnet 10 min (25R); Golden duck (99R),
84,TRD-037,Guard the Streamer,coop/escort,26.4,5,3,4,5,4,"Bodyguard squad escorts a streamer VIP (player) from hotel to venue through crowds, paparazzi and fans",Escort co-op where the VIP is a player who can misbehave and wander off,IShowSpeed tour security and crowd chaos,"IShowSpeed named Streamer of the Year, 2025 Streamer Awards; his Sept 2025 America IRL tour drew mass crowds (Wikipedia; StreamsCharts 2025)",unchecked,Riot shield (35R); VIP role pass (25R); Armored van (99R),
85,WEB-001,Escape the Arrows,Mobile puzzle hit (hybrid-casual),26.4,4,5,3,4,5,Tap arrow tiles so each slides off the board in its direction without hitting another; clear board → coins → bigger boards,"One GIANT shared board per server: 20 players tap arrows at once; your arrow can block or free others, so it's co-op chaos; weekly 'mega board' leaderboard + 1v1 mirror-board races",Arrows – Puzzle Escape (#1 mobile download May 2026),"Arrows – Puzzle Escape was the #1 most-downloaded mobile game worldwide in May 2026 (Sensor Tower May 2026 report) and did 11.4M downloads in July 2026 (mobilegamer.biz, Aug 2026)",unchecked (no arrow-puzzle Roblox game surfaced in search),Hint arrow (shows a safe tap) 15R; Undo last tap 10R; 2x coins pass,
86,HOB-006,Complete the Sticker Album,Collecting subculture,26.2,4,4,4,4,5,Open sticker packs → stick into album slots (satisfying peel-stick) → swap duplicates on the trading plaza → complete pages for rewards,Album completion needs trading with real players — duplicates are useless alone; 'shiny' foils and misprints add RNG; plaza has swap tables,"Panini World Cup sticker album swapping ('got, got, need'), World Cup 2026 hype",none (World Cup 2026 ended July 2026 — seasonal decay risk),unchecked,"Pack bundles, album page unlocks, 'need list' broadcast to server",
87,MSH-038,Catch the Saboteurs,Format mashup: 100-player server goal x round-based deduction,26.2,5,3,5,5,3,Haul blocks -> spot cracked sections -> accuse -> jury vote -> exile or reward,"Twist: while 100 players build a monument, 5 hidden saboteurs weaken blocks; a server court with player jury runs every 10 minutes",Parents: 100-player server goal x round-based deduction. Adds drama and clips to an otherwise calm server-goal grind.,"Build the Pyramid! 100-player server-goal co-op 4.3K CCU / 1.1M visits (market scout, Sep 2026); Murder Mystery 2 all-time peak ~1.35M CCU Aug 16 2026, Aug avg 633K (MaxPower Gaming, Aug 2026)",Build the Pyramid! 4.3K CCU/1.1M visits (market scout Sep 2026); few server-goal games,Saboteur role pass; Inspector goggles; Jury seat,
88,MSH-060,Sponsor a Camper,Format mashup: survive-the-night co-op (99 Nights) x spectator sponsorship,26.2,5,3,5,5,3,Campers survive -> spectators sponsor -> drops land -> sponsors earn if their camper wins,"Twist: dead or waiting players watch live and send supply drops (bought with soft currency) to their favorite camper, who shares rewards","Parents: survive-the-night co-op (99 Nights) x spectator sponsorship. Keeps dead players engaged, the biggest churn point in survival rounds.","99 Nights in the Forest 259.5K CCU Sep 27 2026, 48h peak 1.55M on Sep 26 update (market scout/Rolimons, 2026-09-27)",99 Nights in the Forest 259.5K CCU (Sep 27 2026) + many 99N-likes (unverified count),Sponsor supply crate (premium); Revive; Camper cosmetics,
89,PTY-074,Ride the Janken Train,Party / playground game,26.2,4,4,4,4,5,Run up to someone and play rock-paper-scissors; the loser joins the back of the winner's train; trains collide and fronts duel; last engine wins,Converts proven RPS demand into a growing conga-line spectacle; bots join; train car cosmetics,Janken train (Japanese rock-paper-scissors conga),"Rock, Paper, Scissors! (DirtDog) 50.3M visits since Jul 2025 (Rolimon's)","Rock, Paper, Scissors! (50M) occupies RPS-circle lane",Train skins; best-of-3 token; conga emotes,
90,STM-025,Tap Along With Your Cat,Idle / social,26.2,4,4,4,4,5,Tap to make your cat drum; taps fill a chest meter that drops random hats; hats trade,Server drum circle: when many players tap in sync the whole room's hat odds multiply,Bongo Cat (Steam idle hit),none (not verified this session; Bongo Cat was a top Steam CCU idle title in 2025),unchecked,Lucky paw pass; hat-crate; extra cat,
91,TRD-016,Squish the Giant Squishy,coop/asmr,26.2,4,4,4,4,5,Whole server squishes one giant squishy together; each squish fills a meter; when it bursts everyone gets loot,Co-op boss that is a stress ball; top squeezers get the rare core,NeeDoh + satisfying squish videos,"NeeDoh maker Schylling sold its full-year inventory in the first 9 weeks of 2025; 2026 shortages, resale, stores limiting to one style per day (Bloomberg Jun 3 2026; Today.com 2026; KMUW Aug 21 2026)",unchecked,Power hands (49R); Personal mini-boss (35R); Loot x2 (25R),
92,TRD-046,Make Dubai Chocolate,food/asmr,26.2,4,5,4,4,4,"Toast kataifi, mix pistachio cream, fill and set a bar; the 'crack test' crunch rates quality; sell to NPC queue",The crunch is judged by ASMR sound; server-wide pistachio shortage events spike prices,Dubai pistachio-kataifi chocolate craze,"Dubai chocolate social conversation +1,259% YoY; 1.2M bars sold in UAE in Q1 2025; pistachio price +34% (Tastewise; Gulf News; 2025-2026)",unchecked,Golden mold (49R); Instant set (15R); Pistachio stockpile (35R),
93,TRD-068,Fill the Stadium Sticker Wall,coop/sports,26.2,4,4,4,4,5,Server donates stickers to a giant shared wall; completing a country unlocks a celebration event for all,Community goal on top of personal collection,World Cup sticker collecting,"World Cup 2026 content reached 1.2 trillion TikTok views, 12M+ #FIFAWorldCup posts, FIFA account 24B views (TikTok Newsroom, Jul 2026)",unchecked,Pack (25R); Rare sticker (35R),
94,TRD-083,Cut the Kinetic Sand,satisfying/asmr,26.2,4,4,4,4,5,"Slice sand cubes; each slice reveals layered colors inside; rare patterns (galaxy, logo) sell high","Layers are hidden RNG, satisfying cut sounds",Kinetic sand cutting ASMR,#oddlysatisfying has 69.8B TikTok views; pressure-washing creators with 800K+ followers get millions of views (IZEA; Yahoo Style 2025),unchecked,Laser knife (49R); Mega cube (25R),
95,TRD-129,Restore a Rusty Tool,satisfying/rng,26.2,4,4,4,4,5,"Soak, scrub, sand and polish rusty tools; hidden brand stamp revealed at the end sets rarity",Satisfying reveal loop; museum shelf for rare brands,Rust-restoration videos,#oddlysatisfying has 69.8B TikTok views; pressure-washing creators with 800K+ followers get millions of views (IZEA; Yahoo Style 2025),Car restoration taken; tool restoration unchecked,Electrolysis tank (49R); Rare junk box (25R),
96,WEB-008,Paint the Maze,Mobile puzzle hit,26.2,4,4,4,4,5,Swipe a ball; it rolls until a wall and paints every tile it crosses; paint 100% to win,"4 players on one maze, each painting their color; rolling over enemy paint steals it; bumping knocks rivals back; 60-second rounds",Amaze / Amaze Go (June 2026 top downloads),"Amaze Go in the June 2026 top mobile downloads chart (mobilegamer.biz, Jul 2026)",unchecked,Speed trail 15R; Color bomb (paint 3x3) 10R; Ball skins,
97,WEB-014,Crush the Jar Festival,Mobile puzzle hit,26.2,4,5,4,4,4,Aim a cannon with limited shots; knock down stacked jar/stone towers via chain reactions,Co-op festival: 4 players each get 3 shots at one giant tower; shared score; RNG golden jars drop cosmetics; weekly tower designed by top players,Smash Fest! (#1 worldwide downloads Jul 2026),Smash Fest! (cannon-vs-jar physics destruction puzzle) ranked #1 worldwide by downloads in July 2026 after a June release (Sensor Tower July 2026 report),unchecked,+2 cannonballs 15R; Explosive shot 10R; Cannon skins,
98,WEB-101,Crack the Password Rules,Neal.fun viral toy,26.2,4,4,4,4,5,Type a password that satisfies an ever-growing list of absurd rules; one broken rule = start over,Multiplayer race where each round the leading player ADDS the next rule for everyone (from a vetted rule deck + custom numbers); last rule-breaker out,The Password Game (neal.fun),The Password Game passed 10M visits by Oct 2023 (Wikipedia),unchecked,Rule shield (ignore one rule) 15R; Rule-maker pass 20R,
99,MSH-008,Hide in the Mess,Format mashup: cleaning ASMR (Wash The House) x prop-hunt hide-and-seek,26.0,4,4,4,5,4,Hiders pick a mess disguise and freeze -> cleaners clean for points -> every clean is a satisfying ASMR pop OR a caught player -> swap roles,"Twist: the hiders ARE mess: they disguise as trash piles, stains and laundry heaps; cleaners scrub the house and scrubbing a player-pile reveals them with a splash","Parents: cleaning ASMR (Wash The House) x prop-hunt hide-and-seek. Every cleaning action is a guess, which makes cleaning social and clip-friendly.","Wash The House ~12M visits (Rolimons, 2026) & 31.5K CCU; Dig & Clean ~27.8K CCU Aug 7 2026 (robolibrary); Clean a House 66M visits (The Bloxline)","Wash The House 31.5K CCU, Dig & Clean ~26-28K CCU, Clean a House 66M visits (2026); prop hunts exist (unchecked)",Rare disguises (golden stain); Extra-loud decoy; Vacuum tool for cleaners,
100,MSH-028,Scrub the Kaiju,Format mashup: cleaning ASMR x 100-player server goal (Build the Pyramid),26.0,4,4,4,5,4,Pick a body zone -> scrub/pressure-wash (ASMR) -> earn coins -> upgrade hoses -> server reveal cutscene -> next kaiju,"Twist: a skyscraper-sized monster sleeps in the bay covered in mud, barnacles and graffiti; the whole server scrubs body zones, and when it's clean it wakes up and rewards the top scrubbers",Parents: cleaning ASMR x 100-player server goal (Build the Pyramid). Cleaning ASMR proven; giant shared target makes it a server event clip.,"Wash The House ~12M visits (Rolimons, 2026) & 31.5K CCU; Dig & Clean ~27.8K CCU Aug 7 2026 (robolibrary); Clean a House 66M visits (The Bloxline); Build the Pyramid! 100-player server-goal co-op 4.3K CCU / 1.1M visits (market scout, Sep 2026)","Wash The House 31.5K CCU, Dig & Clean ~26-28K CCU, Clean a House 66M visits (2026); Build the Pyramid! 4.3K CCU/1.1M visits (market scout Sep 2026); few server-goal games",Mega-hose; Jetpack to reach the head; Zone name-tag,
101,MSH-034,Scavenge & Brawl,Format mashup: cozy search roguelite x roll-to-fight auto-battler,26.0,4,4,4,5,4,Search race (60s) -> open capsules -> auto-battle -> winner keeps one of loser's finds,"Twist: two players dig the SAME junk pile for 60 seconds; every capsule found is a fighter, and then you auto-battle with whatever you dug up",Parents: cozy search roguelite x roll-to-fight auto-battler. Search speed becomes team-building; each round is a fresh roguelite draft.,"Search For The Needle (cozy search roguelite) 66.2M visits, 22.5K CCU (Rolimons/market scout, Sep 23 2026); Ball VS Ball (roll-to-fight + gem rerolls) launched Aug 12 2026, 41.2M visits, ~14.7K CCU (Rolimons/allthings.how, Sep 2026)","Ball VS Ball 41.2M visits/~14.7K CCU (Rolimons, Sep 2026); roll-to-fight cluster filling",Dig speed glove; Capsule luck; Extra round,
102,MSH-045,Care for a Fighter Pet,Format mashup: Tamagotchi pet care (Adopt Me raising) x roll-to-fight auto-battler,26.0,4,4,4,5,4,Care chores -> fight a player's pet -> win treats -> friends pet-sit while you're offline,"Twist: your pet's fight stats come only from real-time care (feeding = HP, play = speed, sleep = crit); neglected pets lose, and friends can pet-sit",Parents: Tamagotchi pet care (Adopt Me raising) x roll-to-fight auto-battler. Care loop gives D1 return; fights give stakes.,"Ball VS Ball (roll-to-fight + gem rerolls) launched Aug 12 2026, 41.2M visits, ~14.7K CCU (Rolimons/allthings.how, Sep 2026); Animal Hospital 1.4B visits since May 10 2026 (Sportskeeda Sep 2026) but fading 206K->52K CCU","Ball VS Ball 41.2M visits/~14.7K CCU (Rolimons, Sep 2026); roll-to-fight cluster filling",Auto-feeder; Pet-sitter slot; Premium treats,
103,MSH-064,Chop the World Tree,Format mashup: 100-player server goal x RNG drops,26.0,4,3,4,5,5,Chop -> roll drops -> upgrade axe -> tree falls -> new tree species,Twist: 100 players chop one mega tree; every chip rolls a drop (common wood to 1-in-1M golden acorn) and the fall is a server cutscene,Parents: 100-player server goal x RNG drops. Simple and very buildable.,"Build the Pyramid! 100-player server-goal co-op 4.3K CCU / 1.1M visits (market scout, Sep 2026); Sol's RNG 2.1B+ visits (Roblox Fandom/BloxGuidesGG, Aug 2026)",Build the Pyramid! 4.3K CCU/1.1M visits (market scout Sep 2026); few server-goal games,Luck axe; Auto-chop; Acorn vault,
104,PTY-007,Win the Beast Games,Party / TV game show,26.0,4,5,5,4,3,"100 contestants play chained elimination challenges; between rounds a briefcase offer appears: take a guaranteed coin bribe and leave, or stay for the grand prize","The bribe is the mechanic: offers rise as players drop, and bribe coins fund your collection; bots take bribes to keep lobbies moving; seasonal challenge tapes to collect",MrBeast Beast Games (Prime Video),"Beast Games S1: Prime Video's most-watched unscripted show, 50M viewers in 25 days; S2 released Jan 7 2026 with Survivor crossover (Amazon; TVSeriesFinale)",unchecked (many MrBeast-challenge games; none known with bribe mechanic),Immunity necklace (1/game); host-a-private-season pass; bribe-case cosmetics,
105,PVP-033,Dodge the Pitching Machine,asymmetric PvP,26.0,4,3,4,5,5,One player drives a rotating ball-cannon turret; 15 players dodge across a gym; hit players join the cannon crew,1-vs-many dodgeball; infected mechanic keeps everyone playing,Dodgeball + pitching-machine clips,"Dodgeball demand: DODGEBALL! 68.3M visits (Roblox Wiki, Mar 2026); Dodgeball Legends 43.75M visits (Rolimon's, Sep 2026); DodgeBall X 2.1M (Aug 2026)","Dodgeball games 43-68M visits (Rolimon's), none asymmetric (unchecked)",Pick-cannon priority; Rapid-fire barrel; Dodge-roll pass,
106,RES-001,Feed the Hole,research-sourced,26.0,4,3,4,5,5,"Grow berries, throw into hole, upgrades, hole grows",One hole shared by the whole server; lore unlocks at size milestones,"Steam Berry Bury Berry (98% of 7,263 reviews, Jan 2026)","Berry Bury Berry 2,308 peak, ~202K copies est. (raijin.gg)","demo remake exists, size unknown",,
107,RES-011,Board a Color Bus,research-sourced,26.0,4,3,4,5,5,Players are passengers racing for matching seats,Chaotic PvP seat-stealing,Mobile Crowd Express / Color Bus Trip,Crowd Express AppMagic Q3'25 top-10,none found,,
108,RES-020,Smash Cones as a Seal,research-sourced,26.0,4,3,4,5,5,"Grow bigger, flatten cones, signs, towns",Server damage-bill leaderboard; RNG mutant seals,"Neil the Seal (TikTok fan page 1.7M, CNN Jul 2026)",CNN Jul 11 2026; AU$31K damage,generic seal games only,,
109,RES-023,Camera Room Saboteur,research-sourced,26.0,4,5,5,4,3,"Watch cameras, report anomalies",One player secretly causes the anomalies; vote them out,Observation Duty + Among Us,Animal Hospital peak 1.27M CCU (GosuGamers Jul 2026); Observation Duty 95% Steam,'Be an Anomaly or Guard' (scale unknown),,
110,SSN-013,Stitch a Monster,Seasonal-Halloween,26.0,4,4,5,4,4,Collect body parts (RNG rarity) → stitch a creature on the slab → lightning-zap it alive → it ragdoll-battles another player's creature,Part RNG + physics creature duel; lopsided builds are funny clips; evergreen,Frankenstein + physics auto-battler wave,"Ball VS Ball physics duel + gacha 41.2M visits, ~14.7K CCU (market scout Sep 2026)",Ball VS Ball adjacent (physics duels); stitch-creature lane unchecked,Lightning crate; rare part pack; extra slab,
111,STM-012,Breed a Dungeon Cat,Roguelite / collection,26.0,4,5,5,4,3,"Pair cats in your house -> kitten inherits stats and weird mutations -> send a party of 4 cats on an auto-battle dungeon run -> survivors return scarred and stronger, fallen cats become ghosts",Genetic RNG + permadeath roguelite; trade and show off mutant cats; PvP cat arena weekly,Mewgenics (Feb 2026),"Mewgenics: #1 new Steam game of Feb 2026 with 1.7M units (GameDiscoverCo, Mar 2026); 1M in first week (TheGamer, 2026)",unchecked,Pedigree breeding pass; kitten incubator speed-up; revive fish,
112,TRD-035,Survive the Subathon,social/streamer,26.0,4,5,5,4,3,"One player is the streamer who must stay awake and keep hype up; others are chat, spending coins to add time, trigger challenges or 'jumpscares'",Real players are the chat; streamer earns from how long chat keeps them live; roles rotate,Kai Cenat Mafiathon 3 subathon (1.1M subs),"Kai Cenat's Mafiathon 3 subathon ended Sep 30 2025 with 1,112,947 Twitch subs, first ever over 1M (Wikipedia / StreamsCharts)",Be a Streamer! 11.5M visits (Rolimon's); StreamSim 626K visits since Jun 27 2026 (Rolimon's); Streamer Simulator 28K (Jun 2026),Super-donation effects (15-49R); Streamer turn pass (35R); Streamer room decor (79R),
113,WEB-043,Fire the Mob Cannon,Hybrid-casual,26.0,4,4,4,5,4,Fire a stream of little mobs through multiplier gates to overrun an enemy base,1v1 live: both bases fire at once; gates in the middle shift; mobs clash in the middle as a physics tug-of-war,Mob Control (Voodoo),Mob Control is a long-running Voodoo IAP hybrid hit (Naavik 'Evolution of Hybridcasual'); no figure verified,unchecked,Champion unit 25R; Gate reroll 10R,
114,MSH-019,Roll Your Night Role,Format mashup: RNG aura rolls x survive-the-night co-op (99 Nights),25.8,4,4,5,5,3,Roll role -> negotiate trades -> survive the night using role powers -> collect rare role skins,"Twist: at every dusk each player rolls a role (lantern bearer, trapper, medic, cook) with rarity tiers; team comp is random, and each player may trade roles once",Parents: RNG aura rolls x survive-the-night co-op (99 Nights). RNG showoff attaches to co-op survival instead of idle rolling.,"Sol's RNG 2.1B+ visits (Roblox Fandom/BloxGuidesGG, Aug 2026); 99 Nights in the Forest 259.5K CCU Sep 27 2026, 48h peak 1.55M on Sep 26 update (market scout/Rolimons, 2026-09-27)",99 Nights in the Forest 259.5K CCU (Sep 27 2026) + many 99N-likes (unverified count),Role luck potion; Reroll token; Role skin crate,
115,MSH-036,Win the Bracket of 64,Format mashup: roll-to-fight auto-battler x 50-player mass party (50 Player BINGO style),25.8,4,3,5,5,4,Roll a team -> bracket round -> win or join a cheer squad -> final on the big screen,Twist: every 8 minutes the whole server enters one live 64-slot bracket; eliminated players become cheerleaders who buff one survivor and share their prize,Parents: roll-to-fight auto-battler x 50-player mass party (50 Player BINGO style). Keeps losers engaged; server-wide finals create co-play.,"Ball VS Ball (roll-to-fight + gem rerolls) launched Aug 12 2026, 41.2M visits, ~14.7K CCU (Rolimons/allthings.how, Sep 2026); 50 Player BINGO 19.6M visits; Catch 1 Billion Ducks 22.8M visits (market scout, Sep 2026)","Ball VS Ball 41.2M visits/~14.7K CCU (Rolimons, Sep 2026); roll-to-fight cluster filling",Second-chance ticket; Reroll gems; Champion pose,
116,WEB-007,Blast the Blocks Royale,Mobile puzzle hit,25.8,3,5,4,4,5,"Place 3 random pieces on an 8x8 grid, clear lines, chain combos",50 players per server; every line you clear drops a junk block onto a random rival's grid; last grid alive wins; spectators see a wall of boards,Block Blast! (top-10 downloads 2026) × Tetris 99,"Block Blast in 2026 top-10 downloads so far (mobilegamer.biz, 2026); Deconstructor of Fun 'Post-Block Blast Playbook' (Jan 2026) says arrow/block puzzles keep printing","Block Puzzle and Blox Blast! exist on Roblox (roblox.com, solo, visits unknown)",Revive (clear 3 rows) 20R; Piece reroll 10R,
117,HOB-008,Trade Friendship Bracelets,Collecting subculture,25.6,5,3,4,4,5,"Pick beads from a bead RNG tub (letter beads, glow beads, rare charms) → string a bracelet → you can only earn by GIFTING/trading to other players",Economy runs on giving: bracelets you give earn you 'friendship' points; bracelets you receive stack on your arm (showoff); crowds at the 'concert' event every 10 min,Eras Tour friendship-bracelet trading culture,none,unchecked,"Rare bead tub, arm slot expansion, glow-in-dark pack",TRD-013
118,HOB-009,Trade Pins,Collecting subculture,25.6,5,3,4,4,5,Buy mystery pin packs → wear on lanyard → trade with NPC cast members (who carry random rare pins) and players → complete boards,NPC cast members roam the park with random rare pins you must spot and trade for before another player does; lanyard visible on avatar,"Disney pin trading: lanyards, 'hidden Mickey' pins, trading with cast members",none,unchecked,"Lanyard expansion, 'pin scanner' pass, event pin bundle",
119,HOB-039,Hydro Dip It,Craft / maker hobby,25.6,5,3,4,4,5,Spray paint colors onto water → swirl → dip an object → pull-out reveal (pattern RNG) → rinse ASMR,"Dip ANY item including players' avatars' gear; PvP dip-off where both dip same item, server votes; rare 'holo' film","Hydro-dipping videos (dipping sneakers, helmets, controllers into swirled paint film)",none,unchecked,"Holo film, bigger tank (bigger items), paint pack",
120,HOB-053,Dive for Golf Balls,Unusual job,25.6,5,3,4,4,5,"Dive into murky pond → sweep bottom by feel (limited visibility) → bag balls (RNG: logo, vintage, signed) → sell by bucket",Gator threat and oxygen timer; rival divers share ponds; rare 'hole-in-one' ball events,Golf-ball diver TikToks (divers pulling thousands of balls from gator ponds),none,unchecked,"Bigger bag, flashlight, gator repellent",
121,HOB-096,Duck a Jeep,Outdoor / nature hobby,25.6,5,3,4,4,5,Collect rubber ducks (RNG) → drive around → leave ducks on other players' vehicles → they keep them,Gift economy: you earn by being ducked AND by ducking; duck dashboards,'Duck Duck Jeep' trend (leaving rubber ducks on strangers' Jeeps),none,"Catch 1 Billion Ducks 22.8M visits (market scout Sep 2026) — duck theme, different mechanic","Duck packs, dashboard slots",
122,PTY-051,Step on the Mines,Party / board & card massified,25.6,5,3,4,4,5,A giant grid floor; step on a tile to reveal its number; mines launch you (ragdoll) out; teams race to clear their half first,"Your body is the cursor: players read numbers and shout safe paths, while trolls can bait friends onto mines; bots sweep; board sizes unlock like difficulty levels",Minesweeper (Windows classic) as a 100-player floor,none,unchecked,Flag-placing pass; mine-launch effects; revive,
123,PTY-088,Play MASH,Party / sleepover game,25.6,5,3,4,3,5,"Pick lists (house, pet, job, car); draw a spiral to get your number; the game crosses items out; your fortune is revealed and you get a mini-home to live in",RNG fortune with a collection of futures and a playable result room; share cards with friends; daily MASH,M.A.S.H. fortune game + cootie catcher,'2026 is the new 2016' nostalgia trend: #2016 in 1M+ TikTok and 37M+ Instagram posts (Forbes Jan 18 2026; ABC News),unchecked,Extra spiral; list slots; future frames,
124,RES-008,Unravel a Yarn Giant,research-sourced,25.6,5,4,3,4,4,"Pull threads (ASMR), sort colours, knit wearable cosmetics",Trade rare yarn; showroom plots,Mobile Knit Out / Yarn Loop / Yarn Fever,3 yarn games in top-10 hybrid-casual H1'26 (gamigion),none found,,
125,RES-010,Seat the Cats,research-sourced,25.6,5,4,4,3,4,Place owned cats on region-grid puzzles; cat café,RNG cat hatch; rarest-cat showcase; head-to-head solving,Mobile Meowdoku! (#1 worldwide downloads Jun 2026),Meowdoku 10.1M installs Jun 2026 (pocketgamer.biz),none found,,
126,SSN-006,Knock on One More Door,Seasonal-Halloween,25.6,5,3,4,4,5,6 players walk a haunted street; each door flips candy or a scare; after every door each player secretly chooses 'go home' (bank their share) or 'keep going'; a second copy of the same scare wipes everyone still out,"Push-your-luck with friends: the fewer who stay, the bigger each share — pure social greed; 3-min rounds",Diamant/Incan Gold push-your-luck board game + trick-or-treat,none,unchecked,Peek-one-door token; candy bag skins; lucky charm (ignore 1 scare),
127,SSN-022,Ding Dong and Run,Seasonal-Halloween,25.6,5,3,4,4,5,Ring doorbells and sprint before the door opens; some residents are monsters who chase; streaks multiply candy,Prank-stealth parkour with streak greed; houses randomize each round,Ding-dong-ditch prank culture,none,unchecked,Sneakers speed; streak shield; costume,
128,SSN-052,Feed the Crows,Cozy-Spooky,25.6,5,3,4,4,5,Feed crows daily; they return with trinkets (RNG); more crows = rarer gifts; display a curiosity cabinet,Cozy relationship RNG with a spooky crow aesthetic,"Viral crow-gift stories (e.g., BBC 2015 girl gifted trinkets by crows)",none,unchecked,Premium feed; extra perch; cabinet decor,
129,SSN-074,Take the Polar Plunge,Seasonal-New Year,25.6,5,3,4,4,5,"Jump into icy water; stay longest; a dare wheel adds challenges (dive deeper, no jacket); warm up in the hot tub",Endurance party + dare wheel; New Year appointment,New Year's Day polar bear plunge,none,unchecked,Thermal suit; dare reroll; towel skins,
130,TRD-001,Swap a Blind Box,collectibles/blind-box,25.6,3,5,5,4,4,"Open a box, reveal figure; duplicates go on your public swap board; walk the plaza and trade to finish a 12-figure series","Duplicates are worthless unless traded, so every box forces a social trade; finished sets unlock a wearable plush pendant everyone sees",Labubu / Pop Mart blind-box craze and duplicate-swap meetups,"Pop Mart 2025 revenue 37.12B yuan (~$5.38B, +185%); The Monsters/Labubu 14.16B yuan; 100M+ Labubu units sold in 2025 (Reuters via investing.com, Mar 2026; DemandSage 2026)","Labubu Unboxing Simulator 1M+ visits (roblox.com, updated Oct 2025)",Box 3-pack (39R); Peek at 1 box before buying (15R); Extra swap-board slots pass (99R),
131,TRD-017,Hold the Last Plush,party/pvp,25.6,3,4,4,5,5,One plush spawns; whoever holds it earns points per second; everyone else tackles to steal it,"Hot-potato in reverse: you WANT it, and holders slow down as it gets 'heavier with fame'",IKEA orangutan plush sellout scramble,Punch the abandoned macaque: clips 30M+ views; IKEA Djungelskog orangutan plush sold out in US/Japan/Korea and resold ~10x on eBay (CNN; Euronews Feb 20 2026),unchecked,Grip gloves (35R); Speed shoes (49R); Decoy plush (15R),
132,TRD-033,Bounce Bunnies at Night,collectibles/animal,25.6,5,3,4,4,5,Set traps of treats around your backyard trampoline; bunnies arrive at night and bounce; catch rare bouncers on cam,Night cycle scheduling: server night brings rare bunnies; bunnies can be stolen by foxes,Night-cam 'bunnies on a trampoline' viral clip,none,unchecked,Bigger trampoline (49R); Treat bundle (15R); Night-vision cam (35R),
133,TRD-048,Pack a Bento Box,puzzle/food,25.6,5,3,3,4,5,Fit odd-shaped foods into a bento like a jigsaw; color balance and zero gaps score stars; customers pay,"Each order has a style rule (cute animal, rainbow); share your best bento to the server gallery",Aesthetic organized meals and bento TikToks,Bento/organized aesthetic meals flagged as a 2026 TikTok food trend (Tastewise / accio 2026),unchecked,Rare ingredient crate (25R); Hint (15R); Gold box (49R),
134,TRD-050,Pull the Longest Cheese,food/push-luck,25.6,5,3,4,4,5,"Stretch pizza cheese by pulling slowly; the longer the pull the more coins, but snap risk rises",Push-your-luck versus other players on the same pizza; snap on someone else's pull and they lose it,Cheese-pull food videos,none,unchecked,Stretchy cheese (35R); Snap insurance (15R),
135,TRD-051,Freeze-Dry Candy,food/rng,25.6,5,3,4,4,5,"Load candy into a freeze dryer, wait, open to see it puff; puff size/shape RNG; crunch-taste test ASMR","Mutations (galaxy, giant, glitter) from rare candies; sell at your stand",Freeze-dried candy puff videos on TikTok,none,unchecked,Faster dryer (49R); Rare candy crate (25R); Display jars (35R),
136,TRD-058,Start the Viking Row,coop/sports,25.6,5,3,3,4,5,60 fans on the stands do synchronized row-claps; perfect sync grows the stadium hype which boosts your team,Mass-sync rhythm co-op; desync players get booed,Norway fans' 'Viking Row' chant at World Cup 2026,"World Cup 2026 content reached 1.2 trillion TikTok views, 12M+ #FIFAWorldCup posts, FIFA account 24B views (TikTok Newsroom, Jul 2026)",unchecked,Horn instrument (25R); Hype flag (35R),
137,TRD-059,Save the Penalty,pvp/sports,25.6,3,4,4,5,5,"1v1: kicker aims and fakes, keeper reads body-language tells and dives; best of 5","Mind game, not physics: kicker's run-up has readable feints",Penalty shootout drama,"World Cup 2026 content reached 1.2 trillion TikTok views, 12M+ #FIFAWorldCup posts, FIFA account 24B views (TikTok Newsroom, Jul 2026)","Soccer games occupied (Blue Lock etc., unchecked)",Keeper gloves (35R); Replay cam (15R),
138,TRD-060,Catch the Foul Ball,party/sports,25.6,5,3,4,4,5,Sit in stands; foul balls fly; race and dive to catch; give it to a crying NPC kid for karma or keep it,"Moral choice scoring: karma unlocks rare balls, keeping gets boos but coins",Viral 'fan steals ball from kid' baseball clips,none,unchecked,Glove upgrade (35R); Seat upgrade (49R),
139,TRD-061,Push the Tush,pvp/sports,25.6,5,3,3,5,5,11 vs 11 scrum: push the pile across the line; stamina timing; stack strength upgrades,Pure mass shoving physics with ragdoll pile-ups,NFL 'tush push' debate,none,unchecked,Cleats (35R); Strength shake (15R),
140,TRD-082,Scrape Barnacles off a Boat,satisfying/rng,25.6,5,3,3,4,5,Scrape barnacles off boat hulls; creatures and lost treasures cling underneath,Harbor queue of boats with visible grime rarity; rarest boats are server events,Hull cleaning satisfying videos,#oddlysatisfying has 69.8B TikTok views; pressure-washing creators with 800K+ followers get millions of views (IZEA; Yahoo Style 2025),unchecked,Scraper upgrade (35R); Big boat call (25R),
141,TRD-130,Fill a Pick'n'Mix Bag,food/skill,25.6,5,3,4,4,5,Fill a bag from bins to hit a target weight or target value exactly; closest wins the round,Bins have hidden rare candy; other players can grab the rare first,Swedish candy shop TikTok craze,none,unchecked,Scale peek (15R); Big scoop (25R),
142,WEB-021,Sweep the Minefield,Classic web puzzle,25.6,5,3,4,4,5,Walk a giant grid; tiles show numbers; flag mines; step on a mine = ragdoll launch,Whole server clears one giant field together; one blast launches everyone nearby; flags are shared (and trollable),Minesweeper,none,unchecked,Metal boots (survive one mine) 15R; Scanner pulse 10R,
143,HOB-106,Carry Your Friend,Hobby sport / party / misc,25.4,5,2,4,5,5,"Pairs: one carries, one is carried → obstacle course (water pit, logs) → carried player steers balance with inputs",Two-player dependent co-op; drop = restart; prize is the carried player's weight in coins,Wife-carrying championships (Finland),none,unchecked,"Carry grip boosts, costume packs",
144,MSH-015,One of Us Is the Wolf,Format mashup: survive-the-night co-op (99 Nights) x round-based deduction (MM2),25.4,3,5,5,5,3,"Day: gather wood/food together -> dusk: vote to banish someone -> night: wolf hunts, others survive -> 5 nights per round","Twist: one camper is secretly a werewolf at night, but the wolf ALSO loses if the campfire dies, so it must help by day and hunt carefully by night",Parents: survive-the-night co-op (99 Nights) x round-based deduction (MM2). Two of the biggest 2026 formats; forced-cooperation wolf makes it more than a reskin.,"99 Nights in the Forest 259.5K CCU Sep 27 2026, 48h peak 1.55M on Sep 26 update (market scout/Rolimons, 2026-09-27); Murder Mystery 2 all-time peak ~1.35M CCU Aug 16 2026, Aug avg 633K (MaxPower Gaming, Aug 2026)",99 Nights in the Forest 259.5K CCU (Sep 27 2026) + many 99N-likes (unverified count); werewolf-deduction games exist (unchecked),Wolf role pass; Silver lantern (detect); Revive,
145,MSH-030,Roll a Role,Format mashup: RNG aura rolls (Sol's RNG) x round-based deduction (MM2),25.4,3,5,5,5,3,Roll a role -> play a MM2-style round with that role's ability -> collect roles in a dex,"Twist: every round each player rolls from 40 roles (sheriff, twin, jester, medic, ghost) with rarity; ultra-rare roles are flashy and rarely seen, so pulling one is a clip",Parents: RNG aura rolls (Sol's RNG) x round-based deduction (MM2). Gacha rarity layered on a proven deduction round; role balance is the risk.,"Sol's RNG 2.1B+ visits (Roblox Fandom/BloxGuidesGG, Aug 2026); Murder Mystery 2 all-time peak ~1.35M CCU Aug 16 2026, Aug avg 633K (MaxPower Gaming, Aug 2026)",MM2 ~1.35M peak CCU (Aug 2026); many MM2-likes,Role luck pass; Guaranteed-rare token; Role skins,
146,MSH-094,Break the Grime,Format mashup: brick-breaker (Ball x Pit) x cleaning ASMR,25.4,5,3,4,4,4,Launch soapy balls -> scrub grime bricks -> combo foam bursts (ASMR) -> reveal mural -> harder walls,"Twist: the bricks are grime tiles on a dirty wall: every bounce scrubs, and a cleaned wall reveals a hidden mural you keep in a gallery",Parents: brick-breaker (Ball x Pit) x cleaning ASMR. Two satisfying loops in one screen; solo-leaning so lower co-play.,"Ball x Pit (brick-breaker x survivors mashup by a solo dev) 2M sales (Push Square, Aug 2026); Wash The House ~12M visits (Rolimons, 2026) & 31.5K CCU; Dig & Clean ~27.8K CCU Aug 7 2026 (robolibrary); Clean a House 66M visits (The Bloxline)",unchecked,Soap ball types; Extra ball; Mural pack,
147,PVP-085,Beat the Squirrel Maze,asymmetric build,25.4,5,3,4,4,4,Homeowner player builds a baffle maze around a bird feeder in 90s; squirrel players try to reach the seed; swap,Build-defense vs parkour-runners; YouTube format,Mark Rober's squirrel obstacle-course videos,Mark Rober squirrel ninja-warrior videos are among his most-viewed (no dated number found),unchecked,Premium baffle parts; Squirrel skins; Nut stash,
148,PVP-094,Bowl a Strike,asymmetric 1-vs-many,25.4,5,2,4,5,5,One player is the bowling ball; 10 players are pins who must stay standing; ball scores knocked pins; rotate,Being a pin is suspenseful; strike = 10 ragdolls clip,Bowling; human bowling clips,none,unchecked,Ball-player priority; Pin costumes; Curve spin,
149,RES-002,Feed a Creature,research-sourced,25.4,5,3,4,4,4,"Cook dishes, learn each critter's taste, befriend & collect",Wrong dish makes the creature grow and chase you,"Steam Creature Kitchen (7,518 reviews 100% positive, Feb 2026)",Creature Kitchen 100% positive (intoindiegames); only 553 peak,none found,,
150,RES-027,Grow a Pearl,research-sourced,25.4,3,4,5,5,4,"Seed oysters, grow offline, pry open pearls",Tide weather mutations; jewelry multipliers,#pearlpartylive (6B TikTok views),#pearlpartylive 6B views (Boing Boing 2022),"small squatters (Farm Pearl Oysters, My Pearl Farm)",,
151,SSN-024,Get Invited In,Seasonal-Halloween,25.4,5,3,5,4,4,"Humans hold houses; vampires can only enter if a human opens the door; vampires disguise, persuade, and trick in chat",Social-persuasion horror: the only weapon is getting someone to say 'come in',Vampire folklore (must be invited),none,unchecked,Disguise kits; garlic ward; vampire cape skins,
152,SSN-029,Die and Become the Monster,Co-op Horror,25.4,3,4,5,5,4,Survivors do objectives; every death respawns you as a small monster that joins the hunt; last human standing wins,"No spectating ever: the lobby flips from co-op to 1-vs-all, keeping 8 players engaged to the end",Infection/zombie tag; spectator-boredom fix,"RoLearn Horror Genre Report 2026: 500+ active horror games, combined daily CCU >200K, best creator-coverage-to-player ratio of any genre",Infection-tag games common (unchecked),Monster forms; extra life; human skins,
153,SSN-035,Survive a Sleepover,Cozy-Spooky,25.4,5,3,4,4,4,"Build a pillow fort, keep flashlights charged, keep feet off the bed edge; the Under-Bed Thing grabs dangling limbs; don't wake the parents",Cozy-spooky kid-relatable horror; fort building = defense,Kid sleepovers; monster-under-bed trope,"Cozy-horror demand: Dredge & Cozy Grove as genre anchors, Grave Seasons among most-anticipated 2026 (GameRant 2026; HerCozyGaming 2026)",unchecked,Fort kits; night-light; pajama skins,
154,SSN-054,Catch the Elf on the Shelf,Seasonal-Christmas/Winter,25.4,5,3,4,4,4,"One player is the elf who moves only when unseen, pulling pranks for points; kids must catch it before morning",Gaze-rule stealth prankster; after season becomes 'garden gnome',Elf on the Shelf tradition,"Christmas 2025 updates by MM2 (Ski Village map + pass), 99 Nights, Adopt Me advent, Brookhaven Winter Festival (FandomWire / Deltia's Gaming, Dec 2025)",unchecked,Elf costumes; prank packs; kid gadgets,
155,SSN-057,Pull Santa's Sleigh,Seasonal-Christmas/Winter,25.4,5,3,4,4,4,8 reindeer players each pull a direction; coordinate to steer the sleigh over rooftops and drop gifts into chimneys,Chaotic shared steering (Pico Park style) in the sky,Friendslop co-op; reindeer team,"Friendslop co-op wave: YAPYAP 700K+, Super Battle Golf 500K in 9 days (GameDiscoverCo, Feb 2026)",unchecked,Reindeer skins; sleigh upgrades; nose glow,
156,SSN-082,Steer the Parade Balloon,Seasonal-Thanksgiving,25.4,5,3,4,4,4,8 players hold ropes to steer a giant balloon through city streets in gusty wind; hit lamp posts and it deflates; design your balloon,Rope co-op physics + balloon builder flex,Thanksgiving parade balloon crashes,"Thanksgiving 2025 mini-events: Zombie Stories 'Turkey Hunt' hide-and-seek, Evade turkey capture, Hypershot Turkey Hunt, Steal a Brainrot turkey (Pro Game Guides / Fandom, Nov 2025)",unchecked,Balloon designs; stronger ropes; wind forecast,
157,SSN-113,Trade Halloween Candy,Seasonal-Halloween,25.4,5,3,4,4,4,Open candy bags (RNG) and trade on a live floor; full-size bars are rare; values change with demand; build a stash,Candy stock market — real kid behavior; evergreen snack trading,Post-Halloween candy trading between kids,DOORS 2025 Trick or Treat event (candy bags) ran Oct 23–Dec 1 2025 tied to Spotlight (DOORS Wiki),unchecked,Candy bags; stash vault; trade slots,
158,STM-021,Rule the Kingdom by Server Vote,Party / streamer-bait,25.4,5,2,4,4,5,Every 20s a royal decision card appears and the whole server swipes yes/no; kingdom meters shift; when one hits 0 the random player-king dies and a new king is crowned,Twitch-plays governance: the crowd controls one king; king can bribe voters,Reigns swipe format,none (not verified this session; Reigns series card-swipe),unchecked,Bribe coins; king crown cosmetics; veto token,
159,STM-023,Guess Whose Room It Is,Party / cozy,25.4,5,3,4,4,4,Everyone unpacks a moving box into a mini room in 90s; rooms are shuffled; guess which friend made which,Knowing your friends is the game; each box holds items linked to your avatar/inventory,Unpacking (cozy hit),none (not verified this session; Unpacking cozy hit),unchecked,Box themes; room frames; extra guess hint,
160,TRD-036,Tour the City Live,chase/streamer,25.4,5,4,4,4,3,"Stream through a city: hit stunt spots (backflip over car, eat local food) before the crowd swarms you",The crowd AI scales with your hype; other players can be crowd leaders chasing you,IShowSpeed IRL tours with mobbing crowds,"IShowSpeed named Streamer of the Year, 2025 Streamer Awards; his Sept 2025 America IRL tour drew mass crowds (Wikipedia; StreamsCharts 2025)",unchecked,Bodyguard NPC (35R); Disguise hat (25R); Tour bus fast travel (49R),
161,TRD-097,Ding Dong Dash the Doorbell Cam,asymmetric/stealth,25.4,5,3,4,5,4,"Kids sneak up, ring doorbells and run; homeowner players watch cam feeds and try to catch them","Asym stealth; homeowners upgrade cameras, dashers upgrade sneakers and disguises",Doorbell-camera prank clips,none,unchecked,Homeowner role (25R); Ninja sneakers (35R); Motion lights (35R),
162,TRD-098,Tow the Bad Parkers,asymmetric/job,25.4,5,3,4,5,4,Drivers park illegally for quick cash; tow-truck players hook and haul them before they return,Owners can sprint back and fight the hook (tug-of-war),Towing and parking-enforcement viral clips,none,unchecked,Tow truck upgrade (49R); Parking permit (15R),
163,MSH-010,Spot the Traitor Squad,Format mashup: roll-to-fight auto-battler (Ball VS Ball) x round-based deduction (MM2),25.2,5,3,5,4,3,Roll a unit -> place it on the shared board -> watch the auto-fight -> call a vote on whoever ruined the team -> harder boss,Twist: 8 players each add units to one shared team fighting waves of bosses; one traitor slips in weak units and swaps positions; vote between waves,Parents: roll-to-fight auto-battler (Ball VS Ball) x round-based deduction (MM2). Uses auto-battler as the task layer of an Among-Us-style round.,"Ball VS Ball (roll-to-fight + gem rerolls) launched Aug 12 2026, 41.2M visits, ~14.7K CCU (Rolimons/allthings.how, Sep 2026); Murder Mystery 2 all-time peak ~1.35M CCU Aug 16 2026, Aug avg 633K (MaxPower Gaming, Aug 2026)","Ball VS Ball 41.2M visits/~14.7K CCU (Rolimons, Sep 2026); roll-to-fight cluster filling; MM2 ~1.35M peak CCU (Aug 2026); many MM2-likes",Traitor chance pass; Unit reroll gems; Evidence camera (replay last wave),
164,MSH-071,Match a Pet Pair,Format mashup: breeding genetics x social lounge (speed-meet),25.2,5,2,4,5,4,Walk pet into lounge -> 30s meet-ups -> both accept -> baby revealed for both,Twist: pets breed only with pets owned by strangers you meet in the lounge; both owners get a copy of the baby,"Parents: breeding genetics x social lounge (speed-meet). Forces stranger co-play. Pets only, no player dating.","Mewgenics (breeding x tactics roguelite) 1M sold in 7 days (Game Informer, 2026-02-17)",unchecked,Lounge VIP; Extra breeding; Baby reveal effects,
165,MSH-082,Drive the Server Bus,Format mashup: road-trip survival (A Dusty Trip) x 100-player server goal,25.2,5,3,4,5,3,Pick role -> scavenge towns -> fix/fuel -> defend at night -> reach the coast,"Twist: 100 players share one huge bus: drivers, mechanics, scavengers and guards; if the bus breaks the server's trip ends",Parents: road-trip survival (A Dusty Trip) x 100-player server goal. Road trip at 100 scale; roles force talking.,"Build the Pyramid! 100-player server-goal co-op 4.3K CCU / 1.1M visits (market scout, Sep 2026)",A Dusty Trip is a known Roblox hit (unchecked numbers),Role pass; Bus skins; Revive,
166,RES-026,Breed a Snake,research-sourced,25.2,5,3,5,4,3,Pair snakes → incubate → hatch morphs,Simplified 2-trait visible genetics as gacha,Ball python morph community,"MorphMarket 27,900+ listings",none at scale,,
167,WEB-044,Send the Tower Troops,Hybrid-casual,25.2,4,4,3,4,5,Drag from your towers to send troops to capture neutral/enemy towers,4-player live map; alliances form in chat and break; tower skins as showoff,Tower War (SayGames),"Tower War – Tactical Conquest (SayGames) $3.5M revenue / 9.5M installs (games.gg hybrid-casual roundup, 2026)",unchecked,Troop surge 10R; Tower skins,
168,HOB-081,Forage Mushrooms,Outdoor / nature hobby,25.0,4,4,4,4,4,Forest regrows after rain events → find mushrooms (species RNG) → ID check: gamble on unknowns or use guidebook → sell to chef or basket-show,Lookalike risk: misidentify a toxic twin and you faint (ragdoll) and drop your basket for others to grab; rare glowing species at night,"Mushroom foraging TikTok (lookalikes, 'turns blue when sliced')","#mushroom ~9.5B TikTok views; forager Alexis Nikole Nelson 4.9M TikTok followers (tiktokhashtags.com / Wikipedia, 2025)",unchecked,"Guidebook pass (auto-ID), rain summon, bigger basket",SSN-051
169,MSH-009,Aura Bingo 50,Format mashup: RNG aura rolls (Sol's RNG) x 50-player mass party (50 Player BINGO),25.0,4,3,4,4,5,"Roll auras -> matching tier marks your card -> give away rolls to friends -> first BINGO wins a server crown, round every 5 min","Twist: your bingo card squares are aura tiers; you can GIFT any roll you make to another player to complete their line, so bribes and alliances happen",Parents: RNG aura rolls (Sol's RNG) x 50-player mass party (50 Player BINGO). Two proven formats; the gift-roll rule adds social friction.,"Sol's RNG 2.1B+ visits (Roblox Fandom/BloxGuidesGG, Aug 2026); 50 Player BINGO 19.6M visits; Catch 1 Billion Ducks 22.8M visits (market scout, Sep 2026)","Sol's RNG 2.1B+ visits (Fandom, Aug 2026); aura-RNG lane crowded; 50 Player BINGO 19.6M visits (market scout, Sep 2026)",Extra card; Luck potion; 'Golden Square' auto-mark,
170,MSH-031,Put Fighters to Work,Format mashup: collect -> passive income -> rebirth x roll-to-fight auto-battler,25.0,4,4,4,4,4,Roll fighters -> assign to shop jobs or arena -> shop earns passively -> arena wins give trophies -> rebirth shop,"Twist: the fighters you roll also staff your shop; every fighter you send to the arena is one fewer worker, so you trade income vs trophies",Parents: collect -> passive income -> rebirth x roll-to-fight auto-battler. Joins the two strongest 2026 simulator engines with a real allocation choice.,"Ball VS Ball (roll-to-fight + gem rerolls) launched Aug 12 2026, 41.2M visits, ~14.7K CCU (Rolimons/allthings.how, Sep 2026)","Ball VS Ball 41.2M visits/~14.7K CCU (Rolimons, Sep 2026); roll-to-fight cluster filling",Extra job slots; Auto-arena; Fighter luck,
171,MSH-043,Win the Mop Race,Format mashup: cleaning ASMR x incremental runner,25.0,4,3,4,4,5,Mop a lane -> clean floor gives speed -> overtake -> upgrade mop -> longer halls,Twist: each player's lane is a filthy hallway and speed only comes from how clean the floor behind you is; mop combos stack speed,Parents: cleaning ASMR x incremental runner. Makes cleaning competitive and fast; very buildable.,"Wash The House ~12M visits (Rolimons, 2026) & 31.5K CCU; Dig & Clean ~27.8K CCU Aug 7 2026 (robolibrary); Clean a House 66M visits (The Bloxline)","Wash The House 31.5K CCU, Dig & Clean ~26-28K CCU, Clean a House 66M visits (2026)",Turbo mop; Soap trail; Lane skins,
172,MSH-067,Search Quietly,Format mashup: cozy search roguelite x co-op horror,25.0,4,4,4,4,4,4 friends search an attic for a heirloom -> noise meter rises -> hide when it comes -> escape,"Twist: digging makes noise; loud tools find faster but draw the thing in the attic, so teams whisper-plan who digs loud",Parents: cozy search roguelite x co-op horror. Speed-vs-noise trade-off; Halloween fit.,"Search For The Needle (cozy search roguelite) 66.2M visits, 22.5K CCU (Rolimons/market scout, Sep 23 2026); 99 Nights in the Forest 259.5K CCU Sep 27 2026, 48h peak 1.55M on Sep 26 update (market scout/Rolimons, 2026-09-27)","Search For The Needle 22.5K CCU + ~14 clones in 48h (market scout, Sep 2026)",Silent brush; Noise meter HUD; Revive,
173,MSH-068,Climb the Roll Ladder,Format mashup: roll-to-fight auto-battler x gun-game ladder (Arsenal),25.0,4,4,4,4,4,Fight -> win -> new random fighter -> climb -> round ends at rung 20,"Twist: every win rerolls your fighter to a random one, climbing a 20-rung ladder; first to the top wins, so you can't rely on one unit",Parents: roll-to-fight auto-battler x gun-game ladder (Arsenal). Arsenal's ladder solves auto-battler pay-to-win feel.,"Ball VS Ball (roll-to-fight + gem rerolls) launched Aug 12 2026, 41.2M visits, ~14.7K CCU (Rolimons/allthings.how, Sep 2026)","Ball VS Ball 41.2M visits/~14.7K CCU (Rolimons, Sep 2026); roll-to-fight cluster filling",Reroll insurance; Victory emotes; Fighter skins,
174,PVP-032,Play Gaga Ball,team PvP sport,25.0,4,3,3,5,5,"Octagon pit; slap the ball with your hand, hit anyone below the knees = out; last in the pit wins; 60s rounds","Dodgeball variant with close-range hand slapping, no throws; nostalgia for US kids",Gaga ball - US summer-camp octagon dodgeball,"Dodgeball demand: DODGEBALL! 68.3M visits (Roblox Wiki, Mar 2026); Dodgeball Legends 43.75M visits (Rolimon's, Sep 2026); DodgeBall X 2.1M (Aug 2026)",No gaga-ball specific game found (unchecked),Ball skins; Knee pads (one hit saved); Camp pit themes,
175,RES-024,Merge Battle,research-sourced,25.0,4,4,4,4,4,"Drop fruits, merge up",Merges send junk to opponents' jars,Suika + Tetris 99,Suika 11M downloads; Tetris 99 2.8M accounts,none at scale (Aug data),,
176,SSN-003,Hide in the Corn Maze,Seasonal-Halloween,25.0,4,4,4,4,4,Survivors search a corn maze for 3 gate keys while one player-Scarecrow stalks them; the Scarecrow can only move when no survivor is looking at it,"Gaze-lock killer: survivors must assign a 'watcher' while others loot, so teamwork beats solo; Scarecrow sees through crows it places. Evergreen as hedge maze",Corn-maze season + weeping-angel scares; asymmetric horror wave,Forsaken ~48K CCU / 5.2B visits; Die of Death ~2.9K CCU / 277M visits (earnaldo.com 2026),"Forsaken ~48K CCU/5.2B, Die of Death ~2.9K CCU/277M own 1-vs-many killer lane (earnaldo 2026); gaze-lock seeker unchecked",Scarecrow skins; extra flashlight battery; second-life token,
177,SSN-026,Pass the Cursed Doll,Seasonal-Halloween,25.0,4,3,4,5,5,"Every 3 minutes the doll takes whoever holds it to the Doll House obby; you can only get rid of it via a trade the other player accepts, so disguise it as a gift",Hot potato where passing requires consent — tricks and bluffs make the drama,Cursed doll urban legends; hot-potato,none,unchecked,Gift-wrap disguise; escape key; doll skins,
178,SSN-032,Don't All Blink,Co-op Horror,25.0,4,3,4,4,5,Each player's blink meter fills; hold to keep eyes open drains stamina; the statue moves whenever ALL eyes are closed; stagger blinks while collecting items,Team blink rhythm is the mechanic — one tired friend dooms everyone,Weeping-angel / statue monster,"RoLearn Horror Genre Report 2026: 500+ active horror games, combined daily CCU >200K, best creator-coverage-to-player ratio of any genre",SCP-173-style games exist (unchecked),Eye drops (stamina); statue skins; revive,
179,SSN-087,Rake a Leaf Pile,Cozy-Spooky,25.0,4,3,4,4,5,"Rake leaves into a pile, jump in (ASMR crunch); hidden items roll rarity; server pile goal unlocks a giant pile event; a leaf creature sometimes hides in piles",Cozy fall ASMR with a spooky surprise; converts to snow piles in winter,Autumn leaf-pile jumping videos,"Search For The Needle cozy-search 22.5K CCU / 66M visits (Sep 23 2026, market scout) — scout flags Halloween reskins of cozy formats",Needle-search clones crowded; leaf-pile unchecked,Rake upgrades; leaf blower; rare find luck,
180,STM-002,"Fix the Rocket Blind, Deaf and Mute",Friendslop co-op / communication,25.0,4,5,4,4,3,"3 monkeys repair a sputtering banana rocket module by module; each module needs info only one monkey can perceive; 90s per module, 8 modules per launch","Server-enforced sensory roles: Blind (screen blacked out except outlines), Deaf (all audio + chat hidden, only sees pings), Mute (cannot type, only emotes/pointing). Communication itself is the puzzle; distinct from manual-reading defusal because every role is crippled differently",BOMBANANA! (most-played Next Fest demo June 2026),"BOMBANANA! was the most-played demo of June 2026 Next Fest: 6M demo players, ~1M wishlists; launched Sep 2 2026 at $7.99 (indiegame.com / TechTimes, Sep 2026)",unchecked (no sensory-role co-op seen; KTANE-likes small),Choose-your-role pass; skip-module banana token; monkey skins,
181,STM-024,Bust the Nodes,Incremental,25.0,4,3,4,4,5,"60-second runs: drag your cursor-circle over a grid of nodes to burst them, collect bits, spend on a huge upgrade tree between runs",Server-shared 'Core' boss every 10 min that every cursor attacks together; mobile drag controls,Nodebuster (2024 Steam incremental),"SteamSpy owner bands: Nodebuster 200K-500K, Ballionaire 100K-200K (SteamSpy, checked Sep 2026)",unchecked,2x bits pass; auto-cursor; tree reset refund,
182,TRD-002,Clip a Bag Charm,collectibles/fashion,25.0,4,4,4,4,4,"Win plush charms in quick minigames, clip them on your backpack, then run the hourly Bag Race","Every charm adds flex but weight: heavy bags look amazing and run slower, so show-off fights winning",2026 plush-pendant trend: blind-box plush worn on bags,"Crybaby rares resell $200+; Hacipupu sales +281%, Skullpanda +132% Q2->Q3 2025; 2026 trend = plush pendants worn on bags (Athlon Sports / fifilandtoys, 2026)",unchecked,Featherweight charm clip (49R); Extra backpack size (79R); Mystery charm (25R),
183,TRD-008,Cheer Up the Crybabies,collectibles/care,25.0,4,4,4,4,4,"Collect crying figures, do small care minigames to change their mood, happy ones evolve into rare smiles",Figures have moods not just rarity; a sad one left alone becomes a rare 'storm' variant,Crybaby designer toys (emotional aesthetic),"Crybaby rares resell $200+; Hacipupu sales +281%, Skullpanda +132% Q2->Q3 2025; 2026 trend = plush pendants worn on bags (Athlon Sports / fifilandtoys, 2026)",unchecked,Tissue pack instant cheer (15R); Extra shelf (49R); Rainbow mood dye (35R),
184,TRD-009,Stitch a Plushie,craft/collectibles,25.0,4,4,4,4,4,"Pick fabric, stuff, sew eyes and mouth (minigame), plush gets a quality roll, sell or display",Stitch quality makes shiny plushies; others buy your plush and it carries your name tag,Jellycat food-plush craze and plush revenue boom,"Jellycat/Squishmallow plush trending on TikTok; trending toys 2026 incl. KPop Demon Hunters, Beyblade, Squishmallows (Reader's Digest; TikTok #trendingtoys2026, 2026)",unchecked,Golden thread (25R); Auto-stuffer (79R); Rare fabric roll (35R),
185,TRD-049,Survive the Spicy Ladder,party/challenge,25.0,4,3,4,5,5,"Eat up a ladder of hotter peppers; screen gets hazier, controls wobble; tap milk minigames to recover; last one standing",Pure endurance party round with funny visuals; spectators throw more sauce,Hot-sauce wing challenges and one-chip challenges,none,unchecked,Milk carton (15R); Iron tongue pass (79R); Sauce throw (25R),
186,TRD-062,Run the Mascot Race,party/sports,25.0,4,3,4,5,5,Wear an oversized mascot suit with bad vision and floppy ragdoll physics; race around the field,Costume shape changes handling; tripping others knocks their head off,Stadium mascot races (sausage race) viral,none,unchecked,Mascot suits (35R); Head strap (15R),
187,TRD-084,Shear the Sheep,satisfying/farm,25.0,4,3,4,4,5,Shear fluffy sheep in one smooth pass; fleece size and color roll; sell wool,Speed-shearing contest each 10 minutes vs server,Sheep shearing satisfying videos,#oddlysatisfying has 69.8B TikTok views; pressure-washing creators with 800K+ followers get millions of views (IZEA; Yahoo Style 2025),unchecked,Electric shears (49R); Rare breed (25R),HOB-068
188,TRD-099,Split or Steal the Pot,party/social,25.0,4,3,5,4,5,"Pairs build a pot in a quick co-op minigame, talk it over, then secretly choose split or steal",Pure social friction; reputation badge shows your steal history,Golden Balls 'split or steal' viral clips,none,unchecked,Reputation wash (35R); Bigger pot booster (25R),PTY-018
189,TRD-132,Unwrap the Golden Ticket,rng/event,25.0,4,3,5,4,5,Buy and unwrap chocolate bars; rare golden tickets; 5 ticket holders per server get a factory event,"Scarcity: only 5 tickets per server hour, holders can sell tickets to others",Golden-ticket chocolate promotions and Wonka-style giveaways,none,unchecked,Bar box (25R); Ticket radar (35R),
190,WEB-052,Drive the Wobbly Car,Poki hit,25.0,4,4,4,4,4,"Drive a flimsy physics car over ramps, bridges, see-saws to the finish without flipping","Two-seat co-op: one player does gas, the other tilts; trophy for no-flip runs; RNG car-part crates change handling",Drive Mad (Poki popular 2026),"Poki popular page (2026) features Level Devil, Drive Mad, Red Ball 4, Subway Surfers (poki.com)",unchecked,Flip-back button 10R; Monster wheels 20R,
191,WEB-078,Shoot the Number Gates,Fake mobile ad made real,25.0,4,4,4,4,4,Army runs down a lane; shoot gates to turn -10 into +30; pass gates to grow the squad; face the boss,Co-op lane: 4 players each shoot at a shared gate row; a troll can shoot a gate negative; boss at the end needs the whole squad,Last War / Evony gate-shooter fake ads,Pull-the-pin / choice fake ads documented industry-wide; Apple & Google cracking down on misleading ads 2025–26 (Udonis 2026 guide); fakeadgames.com 'museum of every ad that lied to you' (2026); ResetEra thread 'Those fake mobile game ads. I desire to play one',unchecked,Starting +50 troops 15R; Laser rifle 20R,
192,WEB-081,Fix the Pipes Before Flood,Fake mobile ad made real,25.0,4,3,4,4,5,Rotate pipe pieces so water reaches the right place before the room floods,Co-op: players stand in the flooding room while teammates rotate pipes; swimming if too slow,Gardenscapes/Fishdom plumbing fake ads,Pull-the-pin / choice fake ads documented industry-wide; Apple & Google cracking down on misleading ads 2025–26 (Udonis 2026 guide); fakeadgames.com 'museum of every ad that lied to you' (2026); ResetEra thread 'Those fake mobile game ads. I desire to play one',unchecked,Pipe hint 10R; Float ring 5R,
193,WEB-082,Save the Doge from Bees,Viral mobile hit,25.0,4,3,4,4,5,Draw one line to shield the dog from a hive of bees for 10s,Protect a real player instead: one friend stands in the danger zone; you draw the shield; the bees are physics swarms,Save the Doge / Draw to protect,"none (Save the Doge was a 2022 hypercasual chart hit, no figure verified)",unchecked,Double ink 10R; Pet the doge emote,
194,WEB-098,Copy the Test Answers,Hypercasual,25.0,4,3,4,5,5,Sneak peeks at neighbors' answer sheets while the teacher isn't looking,Players in a classroom; one player is the teacher who spins around; caught cheaters sent to detention; answers are real trivia,Cheating Tom / exam-cheating hypercasual,none,unchecked,Teacher role pass 15R; Invisible sticky note 10R,
195,WEB-102,Pass the Captcha Gauntlet,Neal.fun viral toy,25.0,4,3,4,4,5,"Solve increasingly absurd captchas (click all the sad crosswalks, prove you have feelings)","Captchas are physical rooms: 'stand on every square with a bus'; 30 players, failers ejected; server votes funniest custom captcha","I'm Not a Robot (neal.fun, 2025–26)","neal.fun listing (Aug 2026) adds I'm Not a Robot, Internet Roadtrip, Size of Life, Cursor Camp; Neal Agarwal toys routinely go viral (Wikipedia)",unchecked,Skip one captcha 10R; Robot costume,
196,MSH-001,Breed a Battle Monster,Format mashup: roll-to-fight auto-battler (Ball VS Ball) x breeding roguelite (Mewgenics),24.8,4,4,5,4,3,Pick 3 of your monsters -> 1v1 auto-battle vs a random player -> winners go to the nursery -> pair with a friend's champion -> hatch a mutated kid for the next fight,"Twist: fighters retire forever after 3 losses, so you must breed winners first; the second parent must be ANOTHER player's fighter (stud board), kids inherit one move from each parent + mutation roll",Parents: roll-to-fight auto-battler (Ball VS Ball) x breeding roguelite (Mewgenics). Mewgenics proved breeding+fights sells; Ball VS Ball proved Roblox roll-to-fight demand.,"Mewgenics (breeding x tactics roguelite) 1M sold in 7 days (Game Informer, 2026-02-17); Ball VS Ball (roll-to-fight + gem rerolls) launched Aug 12 2026, 41.2M visits, ~14.7K CCU (Rolimons/allthings.how, Sep 2026)","Ball VS Ball 41.2M visits/~14.7K CCU (Rolimons, Sep 2026); roll-to-fight cluster filling; no breeding auto-battler found (unchecked)",Extra nursery slot pass; instant-hatch product; Reroll matchup gems,
197,MSH-023,Cheer a Brawler,Format mashup: roll-to-fight auto-battler x spectator sponsorship,24.8,4,3,4,5,4,"Fight 1v1 when called -> between fights, cheer others -> earn fan rewards -> climb the fan leaderboard",Twist: players waiting in the lobby spend free Cheer tokens on fighters; cheered fighters get small buffs and their fans get rewards when they win,Parents: roll-to-fight auto-battler x spectator sponsorship. Idle time between duels becomes active play. Uses soft currency only (no wagering).,"Ball VS Ball (roll-to-fight + gem rerolls) launched Aug 12 2026, 41.2M visits, ~14.7K CCU (Rolimons/allthings.how, Sep 2026)","Ball VS Ball 41.2M visits/~14.7K CCU (Rolimons, Sep 2026); roll-to-fight cluster filling",Mega-cheer; Fan badge pass; Reroll gems,
198,MSH-033,Clean a Friend's Base,Format mashup: collect -> passive income -> rebirth x cleaning ASMR,24.8,4,3,4,5,4,Earn from your generators -> base dirties -> hop to others' bases and clean for tips -> come back to a sparkling (or filthy) base,"Twist: your own base gets dirty while you're offline and loses income; other players can clean it for tips, so cleaning is a social job market",Parents: collect -> passive income -> rebirth x cleaning ASMR. Offline decay creates a D1 return reason and a reason to visit strangers.,"Wash The House ~12M visits (Rolimons, 2026) & 31.5K CCU; Dig & Clean ~27.8K CCU Aug 7 2026 (robolibrary); Clean a House 66M visits (The Bloxline)","Wash The House 31.5K CCU, Dig & Clean ~26-28K CCU, Clean a House 66M visits (2026)",Self-cleaning roof; Tip jar x2; Premium cleaning tools,
199,MSH-037,Keep the Beacon Lit,Format mashup: survive-the-night co-op (99 Nights) x 100-player server goal,24.8,4,4,4,5,3,Gather fuel -> haul to beacon -> defend wall -> night streak grows -> unlock server biomes,"Twist: 100 players share one giant beacon: it must burn all night; clans pick roles (fuel, guard, scout) and the server's night streak is global",Parents: survive-the-night co-op (99 Nights) x 100-player server goal. 99 Nights at 100-player scale with a shared win condition.,"99 Nights in the Forest 259.5K CCU Sep 27 2026, 48h peak 1.55M on Sep 26 update (market scout/Rolimons, 2026-09-27); Build the Pyramid! 100-player server-goal co-op 4.3K CCU / 1.1M visits (market scout, Sep 2026)",99 Nights in the Forest 259.5K CCU (Sep 27 2026) + many 99N-likes (unverified count),Role pass; Fuel sled; Revive,
200,MSH-044,Goo Monster vs Janitors,Format mashup: cleaning ASMR x asymmetric 1vX (Forsaken),24.8,4,3,4,5,4,Monster spreads goo and chases -> janitors clean lanes and set traps -> 5-minute rounds -> swap,Twist: one player is a goo monster who leaves slippery trails; 6 janitors clean goo to stay fast and trap the monster in a clean room,Parents: cleaning ASMR x asymmetric 1vX (Forsaken). Cleaning becomes movement and territory control in a chase.,"Wash The House ~12M visits (Rolimons, 2026) & 31.5K CCU; Dig & Clean ~27.8K CCU Aug 7 2026 (robolibrary); Clean a House 66M visits (The Bloxline); Forsaken 8v1 asymmetric: ~5.4B visits, ~82-91K CCU (Forsaken Hub/GGAID, 2026)","Forsaken ~82-91K CCU, 5.4B visits (2026); asymmetric lane occupied",Monster pass; Industrial mop; Goo colors,
201,MSH-053,Race Two Towers,Format mashup: 100-player server goal (Build the Pyramid) x team PvP,24.8,4,3,4,5,4,Haul bricks -> stack your tower -> man catapults -> first to the clouds wins -> new round,"Twist: the server is split into two 50-player teams building rival towers, with catapults to knock bricks off the enemy tower",Parents: 100-player server goal (Build the Pyramid) x team PvP. Adds rivalry to the server-goal format.,"Build the Pyramid! 100-player server-goal co-op 4.3K CCU / 1.1M visits (market scout, Sep 2026)",Build the Pyramid! 4.3K CCU/1.1M visits (market scout Sep 2026); few server-goal games,Team boost; Catapult ammo; Tower flag,
202,MSH-054,Muddy vs Mops,Format mashup: cleaning ASMR x team territory PvP,24.8,4,3,4,5,4,Mud team throws/drives mud -> mop team scrubs -> 3-minute rounds -> earn tools,"Twist: one team splats mud, the other team cleans it; the map's clean % decides the round, and swapping sides each round keeps both fun",Parents: cleaning ASMR x team territory PvP. Cleaning ASMR becomes Splatoon-style territory.,"Wash The House ~12M visits (Rolimons, 2026) & 31.5K CCU; Dig & Clean ~27.8K CCU Aug 7 2026 (robolibrary); Clean a House 66M visits (The Bloxline)","Wash The House 31.5K CCU, Dig & Clean ~26-28K CCU, Clean a House 66M visits (2026); paint-territory games exist (unchecked)",Mud cannon; Power washer; Team skins,
203,MSH-076,Roll the Elevator Floor,Format mashup: elevator party (Normal Elevator / Regretevator) x RNG aura rolls,24.8,4,3,4,5,4,Ride -> floor rolls -> survive/enjoy the floor event -> collect floor dex -> luck upgrades,"Twist: every stop rolls a floor with rarity (candy floor common, 1-in-50K void floor); rare floors give exclusive badges and everyone in the lift shares the pull",Parents: elevator party (Normal Elevator / Regretevator) x RNG aura rolls. Shared pulls make RNG a group moment.,"Sol's RNG 2.1B+ visits (Roblox Fandom/BloxGuidesGG, Aug 2026)",elevator games exist (unchecked),Floor luck lever; Skip button; VIP lift,
204,MSH-079,Build the Sky Ladder,Format mashup: obby tower climb (Tower of Hell) x 100-player server goal,24.8,4,3,4,5,4,Place platform -> climb -> fall -> place more -> cloud reward for all,"Twist: the server builds the obby together: every player places one platform per minute, and the whole server must climb it to reach the cloud island",Parents: obby tower climb (Tower of Hell) x 100-player server goal. Player-built obby avoids obby-only saturation.,"Build the Pyramid! 100-player server-goal co-op 4.3K CCU / 1.1M visits (market scout, Sep 2026)",obby lane saturated; co-op build obby unchecked,Extra platforms; Jump boost; Platform skins,
205,MSH-085,Survive the Neighborhood Blackout,Format mashup: roleplay town (Brookhaven) x survive-the-night co-op (99 Nights),24.8,4,4,4,5,3,Roleplay -> siren -> gather at homes -> defend -> dawn rewards,"Twist: a normal RP town, but every 20 minutes the power fails and neighbors must defend the block together until dawn",Parents: roleplay town (Brookhaven) x survive-the-night co-op (99 Nights). Gives RP players a shared event.,"99 Nights in the Forest 259.5K CCU Sep 27 2026, 48h peak 1.55M on Sep 26 update (market scout/Rolimons, 2026-09-27)",Brookhaven 7-day avg ~497K CCU (RoVitals Sep 2026),Generator; House upgrades; Flashlight,
206,MSH-096,Outrun the Giant,Format mashup: incremental runner (+speed) x asymmetric 1vX,24.8,4,3,4,5,4,Round: runners flee across a toy town -> giant stomps and grows -> survivors bank speed points -> next giant,Twist: one player is a giant who gets bigger with every runner caught; runners train speed between rounds and can team-trip the giant with ropes,Parents: incremental runner (+speed) x asymmetric 1vX. Size change is instantly readable in thumbnails and clips.,"Forsaken 8v1 asymmetric: ~5.4B visits, ~82-91K CCU (Forsaken Hub/GGAID, 2026)",unchecked,Giant ticket; Speed boots; Rope pack,
207,PVP-004,Knock Them off the Beam,PvP sport,24.8,4,2,4,5,5,"1v1 on a narrow beam over water with giant foam sticks: high/low swings, block, lunge; fall = lose","Stance-based directional combat readable in 2 seconds; rotating beam hazards (wobble, grease)",Gladiators/American Gladiators pugil-stick duel on a raised beam,"Gladiators UK TV reboot (BBC, 2024) revived the format; no dated numbers found",unchecked,Custom stick skins; Streak shield (loss doesn't reset streak once/day); Stadium announcer pack,
208,RES-003,Load a Mega Cannon,research-sourced,24.8,4,4,4,5,3,"3-person crew: aim, load, spot; blast waves of enemies",Wrong-caliber shell blows back on the crew,Steam Next Fest IRON NEST (~450K wishlists),"IRON NEST 250K+ wishlists pre-fest, ~200K during (GameDiscoverCo via wnhub.io)",not checked,,
209,SSN-091,Spot the Hollow Kids,Original Monster / Urban Legend,24.8,4,3,5,4,4,"Hollow lookalikes wearing your team's avatars walk among you, but move wrong; banish them without hitting real teammates",The monsters copy YOUR avatars — friendly-fire paranoia,Doppelgänger legends,"RoLearn Horror Genre Report 2026: 500+ active horror games, combined daily CCU >200K, best creator-coverage-to-player ratio of any genre",Spot-the-bot formats exist (100-ideas #72),Detector goggles; banish charges; skins,
210,STM-001,Burgle the Giant House,Friendslop co-op / asymmetric,24.8,4,4,4,5,3,"5 tiny gnomes sneak through a full-size kitchen/bedroom grabbing valuables and dragging them to the mousehole while 1 player-homeowner hunts them with a flyswatter, vacuum and mousetraps; 6-min rounds","Scale asymmetry: gnomes are 1/10 size so a normal house becomes a giant map; heavy loot (a ring, a phone) needs 2-3 gnomes carrying together; homeowner is a real player, not an AI","Burglin' Gnomes (2026 wishlist hit, Next Fest Feb 2026)","Burglin' Gnomes was the #2 most-played demo of Feb 2026 Steam Next Fest (indiegame.com / GameDiscoverCo, Mar 2026) and sits on 2026 most-wishlisted indie lists (GameRant, 2026)",unchecked (Piggy/Secret-Neighbor style hunts exist; tiny-scale burglary not seen),Homeowner role pass; 'mushroom revive' dev product; hat/beard crate,
211,STM-018,Slack Off at the Office,Social deduction,24.8,4,3,4,5,4,Workers do quick office tasks to hit quota; 2 secret slackers fake-work; the elected manager watches and fires someone each day,Deduction without killing: the funny part is faking work badly; kid-friendly office,Dale & Dawson Stationery Supplies (2024),none (not verified this session; Dale & Dawson was a 2024 Steam social-deduction hit),unchecked,Manager-first pass; desk cosmetics; extra coffee break,
212,TRD-028,Raid Trash as Raccoons,asymmetric/animal,24.8,4,3,4,5,4,"Raccoon squads sneak into backyards, open bins and steal snacks; one homeowner player sets traps and motion lights",Co-op heists as cute animals vs one defender; loot funds your raccoon den,Jimothy the raccoon and raccoon trash-panda videos,Jimothy the Seattle raccoon became a summer-2026 internet personality (2026 meme roundups via NapoleonCat),unchecked,Stealth mask (35R); Extra bin tools (49R); Homeowner pass (25R),
213,TRD-044,Carry the Giant Trophy,coop/physics,24.8,4,3,4,5,4,A team carries a huge wobbly trophy through a city parade; ragdoll physics; rivals try to knock it,Carry-together physics like couch carrying; trophy dent = lower score,Trophy parade and World Cup celebration clips,"World Cup 2026 content reached 1.2 trillion TikTok views, 12M+ #FIFAWorldCup posts, FIFA account 24B views (TikTok Newsroom, Jul 2026)",unchecked,Grip gloves (35R); Trophy skin (49R); Repair kit (15R),
214,TRD-105,Speedrun the Mall,asymmetric/chase,24.8,4,3,4,5,4,Runners touch checkpoints across a mall; mall-cop players chase and tackle; fastest clean run wins,Security gets cameras and shortcuts; runners get parkour tricks,Speedrunning-through-buildings TikTok trend 2026,"Speedrun-through-buildings trend began Mar 2026 (Wikipedia, 2026)",unchecked,Security role (25R); Speed shoes (35R); Checkpoint map (15R),
215,HOB-035,Feed a Sourdough Starter,Craft / maker hobby,24.6,5,3,3,4,5,"Feed your starter daily (tamagotchi) → bake loaf: shape, score pattern, bake → crumb/ear RNG reveal (slice) → bakery sells",Starters are tradeable 'pets' with lineage (old starters give better rolls); daily feeding = D1/D7 reason; scoring pattern showoff,"Sourdough starter culture (naming starters, feeding schedules, crumb shots)",none,unchecked,"Proofing box (skip wait), rare flour, starter slot",TRD-107
216,HOB-042,Match the Paint,Craft / maker hobby,24.6,5,3,3,4,5,Customer holds a swatch → add tints drop by drop → shake → compare → % match pays,PvP 'closest color' rounds with the whole server; rare impossible colors; your signature color gets named,Hardware-store paint mixing/color matching TikToks,none,unchecked,"Precision dropper, spectrophotometer hint",
217,MSH-013,Sprint to Roll,Format mashup: incremental runner (+speed) x RNG aura rolls (Sol's RNG),24.6,3,4,4,4,5,Run laps on a loop track -> rolls happen every lap -> faster = rarer -> train speed -> co-op drafting trains,"Twist: your roll luck equals your current speed; stopping drains luck, and friends running close behind you draft and share your luck bonus",Parents: incremental runner (+speed) x RNG aura rolls (Sol's RNG). Makes idle rolling active and social; drafting creates conga-line co-play.,"Sol's RNG 2.1B+ visits (Roblox Fandom/BloxGuidesGG, Aug 2026)","Sol's RNG 2.1B+ visits (Fandom, Aug 2026); aura-RNG lane crowded",Speed boots; Luck-lap pass; Auto-run,
218,MSH-097,Be the Server Boss,Format mashup: asymmetric 1vX x 100-player server goal,24.6,4,3,5,5,3,Normal play -> boss lottery -> boss fight -> rewards split -> queue again,"Twist: every 5 minutes one player becomes a giant raid boss vs the other 99; the boss earns by how long they survive, the 99 by damage",Parents: asymmetric 1vX x 100-player server goal. Becoming the boss for your whole server is a strong showoff moment; balance is hard.,"Forsaken 8v1 asymmetric: ~5.4B visits, ~82-91K CCU (Forsaken Hub/GGAID, 2026); Build the Pyramid! 100-player server-goal co-op 4.3K CCU / 1.1M visits (market scout, Sep 2026)",unchecked,Boss ticket (skip queue); Boss skins; Damage boost,
219,PTY-075,Slap Hands Ninja,Party / playground game,24.6,5,3,3,4,5,Circle of players freeze in ninja poses; on your turn you make one lunge to slap a neighbour's hand; they get one dodge; lose both hands and you're out,Turn-based single-move tension with cool poses; bots; pose and effect collection,Ninja (teen hand-slap game),none,unchecked,Pose packs; slap effects; revive,
220,PTY-100,Pass Notes in Class,Party / social deduction,24.6,5,3,3,4,5,Pass a folded note desk-to-desk to your target while the teacher (player or AI) watches; caught notes are read aloud (preset funny lines),Stealth social game in a classroom; teacher role is a hit; note stationery collection; bots pass,Passing notes in class,none,unchecked,Stationery; teacher pass; distraction eraser,
221,RES-025,Drop a Ball,research-sourced,24.6,3,4,4,4,5,"Drop balls through pegs into multiplier slots, upgrade, rebirth",Roguelike synergies; dev owns peg system,Peglin / Ballionaire,Peglin ~400K EA copies yr1,"CONTESTED: Ball Drop Game!, Ball Dropprs, Plinko RNG (scale unknown)",,
222,TRD-015,Collect Pendant Pets,collectibles/pets,24.6,3,4,4,4,5,Plush pendants follow you as tiny pets swinging from your bag; each gives a passive perk; hatch new ones from pouches,"Pets live on your backpack not beside you, so fits and pets merge into one show-off slot",Plush pendants that hang on bags,"Crybaby rares resell $200+; Hacipupu sales +281%, Skullpanda +132% Q2->Q3 2025; 2026 trend = plush pendants worn on bags (Athlon Sports / fifilandtoys, 2026)",unchecked,Pouch (25R); Triple pouch (65R); Bigger bag (79R),
223,TRD-052,Dip a Tanghulu,food/timing,24.6,5,3,3,4,5,"Skewer fruit, dip in sugar syrup at the exact temperature, cool, then bite for the glass-crack crunch",Timing skill determines crack quality; perfect cracks = rare glass fruit,Tanghulu candied fruit crack videos,none,unchecked,Thermometer assist (35R); Exotic fruit (15R),
224,TRD-053,Pull Hand Noodles,food/skill,24.6,5,3,3,4,5,"Knead, fold and pull dough; each fold doubles strands; overpull and it snaps",Strand count leaderboard; noodle shop sells by thinness,Hand-pulled noodle videos,none,unchecked,Pro flour (25R); Snap saver (15R),
225,TRD-085,Trim a Cow's Hooves,satisfying/animal,24.6,5,3,3,3,5,Clean and trim cow hooves; hidden stones/rot removed; happy cow dances,Weird comedy-ASMR; cow happiness gives milk bonus,Hoof-trimming videos,#oddlysatisfying has 69.8B TikTok views; pressure-washing creators with 800K+ followers get millions of views (IZEA; Yahoo Style 2025),unchecked,Pro trimmer (35R); Cow skin (25R),
226,TRD-103,Kick Into the Shoe,skill/physics,24.6,5,3,3,3,5,"Balance a shoe on your foot, kick it up and land your foot in it; harder shoes, higher points",Landing triggers an outfit swap reveal from your wardrobe,TikTok shoe-kick outfit transition,Shoe-kick outfit-transition and Chiki Sha dance listed among 2026 TikTok trends (Clipchamp blog 2026),unchecked,Shoe pack (25R); Slow-mo (15R),
227,WEB-041,Bounce the Tank Shots,flash classic,24.6,3,4,4,5,5,Tiny tanks in a maze; bullets ricochet off walls; one hit = dead,"8 players, new random maze every 30s; laser/homing power-ups; your own bullet bouncing back is the clip",Tank Trouble (AZ Tanks),none,unchecked,Extra bullet 10R; Tank decals,
228,WEB-056,Play the Random Sport,Poki hit,24.6,3,4,4,5,5,"One-button floppy ragdoll sports; each point the physics randomizes (big heads, ice, low gravity)",Random sport each round from a wheel; 2v2 online; clip-heavy fails,Basket Random / Soccer Random / Volley Random,none,unchecked,Pick-the-sport vote 5R; Jersey skins,
229,HOB-054,Catch a House Snake,Unusual job,24.4,5,3,4,4,4,"Call comes in → search the house (under couch, in shoes) → hook & bag the snake (timing) → species RNG → release or sanctuary",Homeowners can be players who hide snakes; venomous species add risk; co-op team call-outs,Australian snake-catcher TikToks (call-outs to remove snakes from homes),none,unchecked,"Snake hook upgrades, thermal camera, sanctuary expansion",
230,HOB-055,Walk Ten Dogs,Unusual job,24.4,5,3,4,4,4,Clip on leashes → walk route → leashes tangle physically → squirrels trigger chaos → deliver all dogs happy → tips,Physics leash chaos is the clip; co-op 'pack walks' where friends share dogs; rare dog breeds as clients,Professional dog-walker TikToks (walking 8–10 dogs at once),none,unchecked,"Leash upgrades, treat pouch, rare-client pass",
231,HOB-079,Twitch a Rare Bird,Outdoor / nature hobby,24.4,3,4,4,5,4,Walk habitats → listen: a Merlin-style sound ID minigame (match the call waveform) → spot & photograph → life list; every 4 min a server-wide RARE BIRD ALERT spawns a vagrant somewhere,Non-violent (unlike Beaks' dart capture): the alert makes the whole server stampede to one spot; first photo = 'finder' credit on a public board; life-list milestones,Birding boom + Merlin sound-ID + 'twitching' (rushing to rare-bird alerts),"Merlin Bird ID used by 12M+ people in 2024, users +500% since 2020; Gen Z 'birding boom' (Flying Lessons Jun 2025; Charlotte News Aug 2026)","Beaks (bird dart-capture) 25.5M visits since Apr 2025 (Rolimons, 2026); Bird Spotting Simulator unfinished","Better binoculars/lens, alert radar (3s early warning), habitat unlocks",
232,MSH-065,Reel the Leviathan,Format mashup: fishing sim (Fish It) x 100-player server goal,24.4,3,4,4,5,4,Fish normal catches solo -> Leviathan alarm -> everyone grabs the line -> tug rhythm -> loot share,Twist: the whole server pulls one sea monster on one giant line; timing tugs together multiplies force,Parents: fishing sim (Fish It) x 100-player server goal. Fishing needs a strong twist; server-wide boss catch is one.,"Fish It 129.8K CCU Sep 2026; Fish It rose 186K->389K CCU Sept->Oct 2025 (market scout); Build the Pyramid! 100-player server-goal co-op 4.3K CCU / 1.1M visits (market scout, Sep 2026)",Fish It 129.8K CCU; many fishing games,Strong rope; Leviathan loot x2; Rod skins,
233,PTY-039,Guess Who's Who,Party / board & card massified,24.4,5,3,4,4,4,Everyone gets a secret target from the live server; ask yes/no questions about avatar traits (hat? red hair?); flip down players on your board; first to name the target wins,"The board is the actual server's avatars, auto-tagged by accessory type; you can change outfit to confuse guessers; bots have generated avatars; collect board themes",Guess Who? (Hasbro),none,unchecked,Outfit swap mid-round; extra question; board themes,
234,PTY-070,Break the Chain,Party / playground game,24.4,5,3,4,4,4,"Two teams hold hands in a line; one team calls a player who sprints to break through the chain; break = take a player back, fail = join them",Hand-holding physics chain with strength and sprint stats; ragdoll clotheslines; bots fill lines; chain-link cosmetics,Red Rover,none,unchecked,Sprint boost; chain cosmetics; team emblems,
235,PTY-098,Blame Your Sibling,Party / social deduction,24.4,5,3,4,4,4,"Mom leaves; a vase breaks; the culprit is secret; everyone plants evidence (muddy prints, crumbs) on others; Mom (AI) judges evidence and grounds someone",Evidence-planting deduction; culprit wins if someone else is grounded; bots plant; house item collection,'Who broke the vase?' sibling blame,none,unchecked,Evidence packs; alibi token; house themes,
236,PVP-008,Pull the Last Stick,turn-based PvP,24.4,5,2,4,4,5,Players stand on a grid of sticks over a pit; each turn one player must pull a stick; whoever falls is out,Social friction: you choose whose stick to pull; alliances and betrayal in 3-minute rounds,KerPlunk board game at giant scale,none,unchecked,Extra 'skip my turn' token; Parachute (one save); Custom pit themes,
237,PVP-013,Tackle in the Oklahoma Drill,PvP sport,24.4,3,3,4,5,5,"1v1 in a narrow lane: ball carrier tries to get past, defender tries to pancake him; 10-second reps, instant swap roles","Pure hit-stick physics duel - the best part of football in 10 seconds, no full team needed",American football hitting drills; GOAT Football League hype,"Roblox Fall 2026 preview features GOAT Football League (about.roblox.com, Sep 2026) - football demand on platform",Football Fusion 2 and other full football games exist (unchecked numbers); no drill-only duel known,Signature celebration emotes; Team jersey packs; Stat-card showoff frame,
238,PVP-015,Swing the Tetherball,PvP sport,24.4,5,2,3,5,5,"1v1: punch the ball around the pole; ball wraps faster each lap, and a missed ball smacks you into ragdoll",Playground game nobody has done; wrap speed escalates so rounds end in <40s,Classic playground tetherball,none,unchecked,Spiked/fire ball skins; Streak saver; School playground private server,
239,PVP-096,Save 20 Penalties,asymmetric sport,24.4,3,3,4,5,5,One goalkeeper vs a line of 20 shooters; each shooter gets one kick; keeper wins if saves over half,One-vs-many shootout in 2 minutes; keeper dive physics,Penalty shootouts; World Cup 2026,"World Cup: FIFA World Cup 2026 (Jun-Jul 2026, North America); World Cup dance trends on TikTok (Clipchamp trends blog, 2026)",Soccer games huge (unchecked),Keeper role priority; Boot skins; Curve shot,
240,RES-012,Multiply a Crowd,research-sourced,24.4,3,4,4,5,4,Run through multiplier gates to grow an army,RNG gates; army-vs-army PvP finale,Mobile Last War fake-ad gates (12.5M downloads),Last War fake-ad campaign 12.5M downloads (Wikipedia),unverified,,
241,RES-015,Bonk a Sheep,research-sourced,24.4,3,4,4,5,4,90-second physics battle-royale as sheep,Numbered collectible sheep crates,Web Crazy Cattle 3D (TikTok meme 2025),Know Your Meme 2025,"Crazy Cattle 3D exists, visits unverified",,
242,RES-019,Flip a Bottle,research-sourced,24.4,3,3,4,5,5,Timing flip → height → rebirth,"RNG bottle rarities, trading, PvP flip-offs",Trend '2026 is the new 2016' (bottle flip revival),Yahoo/People 2026 throwback trend,stale 2017 games,,
243,SSN-008,Solve the Ghost's Murder,Seasonal-Halloween,24.4,5,3,4,4,4,"One player is the ghost who can only send picture cards; 3–6 psychics deduce the killer, room, and weapon before 7 rounds end","Asymmetric co-op deduction with no text from the ghost — funny misreads, clip-friendly; evergreen mystery cases",Mysterium board game (ghost gives dream-card clues),none,unchecked,Extra vision card; ghost skins; case packs,
244,SSN-061,Blow a Glass Ornament,Seasonal-Christmas/Winter,24.4,5,3,4,4,4,"Glassblowing minigame (heat, blow, spin) → ornament color/pattern RNG → hang on the server tree; rarest are server-announced",Craft skill + RNG reveal; evergreen as glass art studio,Glassblowing ASMR videos,none,unchecked,Rare color frit; kiln speed; display case,
245,SSN-063,Haul a Christmas Tree Home,Seasonal-Christmas/Winter,24.4,5,3,4,4,4,"Pick and cut a tree, tie it to the car with rope physics, drive home without losing it; bigger trees = more points; co-op passengers hold it",Physics hauling comedy; evergreen as 'haul furniture',Tree-on-car-roof fails,none,A Dusty Trip (driving survival) adjacent; tree-hauling unchecked,Rope upgrades; bigger car; rare tree species,
246,SSN-076,Stay Up Till Midnight,Seasonal-New Year,24.4,5,3,4,4,4,Sleepiness meter drains; snacks and games keep it up; parent NPCs patrol to send kids to bed; make it to the countdown together,Cozy co-op stealth ending in a fireworks moment,Kids staying up on New Year's Eve,none,unchecked,Energy soda; hiding spots; pajama skins,
247,SSN-093,Prove the Cryptid Is Real,Original Monster / Urban Legend,24.4,5,3,4,4,4,"Teams gather evidence (photos, plaster casts, audio) of a cryptid; some players are hoaxers in costumes faking evidence; the lobby votes real vs fake","Evidence social deduction, not a ghost-hunt sim",Cryptid TikTok; blurry-photo memes,none,Bigfoot hunt games exist (unchecked),Better camera; costume kits; evidence board skins,
248,SSN-103,Fly Like a Moth to the Lamp,Cozy-Spooky,24.4,5,2,4,4,5,Race as moths to porch lights across a yard; avoid bug zappers and bats; light-dizzy steering,Meme-able party racer,Moth-lamp memes,none,unchecked,Wing skins; glow dust; zap shield,
249,STM-005,Tee Off in Battle Golf,Party PvP,24.4,3,4,4,5,4,"8 players hit on the same hole at the same time; grab items (golf-cart ram, magnet ball, orbital laser) to wreck rivals; first 3 in the cup score; 9-hole match ~8 min","Simultaneous chaos golf with sabotage items, not turn-based mini golf; ragdoll hits clip well",Super Battle Golf (Feb 2026),"Super Battle Golf ($8, Feb 19 2026) 400K copies first week, 500K in 9 days, 96% positive, 19.7K CCU peak (GamesPress / GameDiscoverCo, Feb 2026)",unchecked (mini golf lane crowded per brief; battle-item golf not verified),Item crate pass; club/ball trails; private-course VIP server,
250,TRD-014,Crank the Capsule Wall,collectibles/social,24.4,3,3,5,5,5,Server shares one wall of 60 capsule machines; each machine has a fixed stock and a visible countdown to its last 'last one' prize,"Shared finite stock: the player who buys the LAST capsule in a machine gets a guaranteed rare, so crowds form",Gashapon/capsule shop walls in Japan viral on TikTok,none,"Capsule Toy games likely exist (unchecked); claw lane occupied: Tokyo Claw Machine 74.9M visits, Claw Machine Arcade 70.4M visits (RobloxMania / Rolimon's, Jan 2026)",Capsule 5-pack (39R); Machine refill vote (25R); Display case (99R),
251,TRD-031,Fatten Up Fat Bear Week,animal/competition,24.4,5,3,4,4,4,"Be a bear at a waterfall, catch jumping salmon, fight for the best rock spot; weigh-in each week",Weekly server-wide vote for fattest bear; winners get a crown until next week,Katmai Fat Bear Week (annual October public vote),none,unchecked,Prime rock reservation (35R); Salmon rush (25R); Bear fur dyes (49R),
252,TRD-032,Feed a Chunky Penguin Chick,coop/animal,24.4,5,3,4,4,4,Two players are penguin parents fishing to feed one chick; chick grows huge; daily weigh-ins vs other nests,"Co-op parenting: one fishes, one guards from skuas; chick size leaderboard",Pesto the giant penguin chick (2024 viral),none,unchecked,Fish net upgrade (49R); Growth snack (15R); Chick hats (25R),
253,TRD-072,Pass the Note,stealth/school,24.4,5,2,4,4,5,Carry a folded note desk to desk to a target classmate without the teacher (player/NPC) seeing,Notes can be intercepted and read aloud to the class (preset funny messages),Classroom note passing,none,unchecked,Paper airplane note (15R); Invisible ink (25R),
254,TRD-074,Trade Lunches at Recess,social/economy,24.4,5,2,4,4,5,Everyone gets a random lunch; trade items at the lunch table to complete a combo meal worth big points,Trading timer every lunch period; rare snacks are status,School lunch trading,none,unchecked,Lunchbox upgrade (35R); Rare snack roll (15R),
255,TRD-091,Fell a Tree on Target,physics/skill,24.4,5,3,4,4,4,Cut notch and back cut to drop a tree on a marker without hitting houses,Physics skill with dramatic fail clips; wind changes each round,Tree-felling fails and precision cuts,none,unchecked,Laser guide (35R); Chainsaw skins (25R),
256,TRD-101,Race Toy Cars Down the Stairs,creative/physics,24.4,5,3,4,4,4,"Build a toy-car track through a giant house (stairs, sofa, fish tank); launch cars; distance + stunts score",Server race every 5 min on a random player's track,Orange toy-car track down-the-house videos,none,unchecked,Track pieces (35R); Car pack (25R); Loop kit (49R),
257,TRD-106,Blow the Biggest Bubble,party/push-luck,24.4,5,2,4,4,5,"Chew, then blow; bubble grows each second; pop = zero; others can throw pebbles to pop yours",Push-your-luck where neighbors attack; flavors add stretch,Bubble gum blowing contests,none,unchecked,Stretchy gum (25R); Pop shield (15R),
258,WEB-009,Escape the Parking Lot,Mobile puzzle hit (fake-ad style),24.4,5,3,4,4,4,Tap cars so they drive out of a jammed lot without crashing,"Every player IS a car in the jam: 16 players must negotiate who moves first; honk emotes, bumper physics, last car out loses; solo puzzle mode between rounds",Parking Jam 3D / Car Out puzzles,none,unchecked,Priority horn (others must yield 5s) 10R; Car skins; Tow-truck skip 20R,
259,WEB-010,Catch the Right Bus,Mobile puzzle hit (hybrid-casual),24.4,5,3,4,4,4,Colored passengers queue; pick the right bus so that color boards; don't overflow the waiting lot,Players ARE the passengers: a dispatcher player picks buses while passengers shove in the queue; roles swap each round,Bus Jam / color-queue puzzles,none,unchecked,VIP pass (board first) 15R; Double-decker bus 10R,
260,WEB-013,Untangle the Rope Party,Mobile puzzle hit (fake-ad style),24.4,5,3,4,4,4,Move rope ends between pegs until no rope crosses,Players hold the rope ends: 8 players walk over/under each other to untangle a giant knot in 90s (Twister energy); solo puzzle mode too,Go Knots 3D / Tangle Master rope puzzles,none,unchecked,Ghost walk (pass through 3s) 15R; Emote packs,
261,WEB-027,Swallow the City,io classic,24.4,3,4,4,5,4,Move a hole under objects; swallowing things grows you; eat bigger hole players,Destructible Roblox city with RNG 'golden landmark' spawns; eaten players pop out of your end-of-round leaderboard; hole skins/trails as showoff,Hole.io (Voodoo),Hole.io is a Voodoo evergreen; Gamigion 2026 lists 'All in Hole' among new 2026 hybridcasual puzzles that scaled,unchecked,Start bigger 15R; Magnet pull 10R; Galaxy hole skin,
262,WEB-106,Steer the Road Trip Vote,Neal.fun viral toy,24.4,5,3,3,4,4,A car drives through a procedurally generated world; every 10s the whole server votes left/right/straight,Persistent across servers like a global event; stops at landmarks drop souvenirs to collect; honk emote pool,"Internet Roadtrip (neal.fun, 2025)","neal.fun listing (Aug 2026) adds I'm Not a Robot, Internet Roadtrip, Size of Life, Cursor Camp; Neal Agarwal toys routinely go viral (Wikipedia)",unchecked,Double vote weight 10R; Souvenir magnet,
263,HOB-016,Win Marbles for Keeps,Collecting subculture,24.2,5,2,5,4,4,Pick marbles → shoot in ring vs another player → knock marbles out → you KEEP the opponent's marbles you win,"Real stakes PvP with rare marble RNG (cat's eye, onionskin); ranked rings for low-value marbles protect newbies",Playground marbles 'for keeps'; marble collecting,none,unchecked,"Shooter upgrades, marble bag, 'insurance' ring",
264,HOB-095,Race a Pigeon,Outdoor / nature hobby,24.2,5,2,4,4,4,Breed & train pigeons → release far away → they race home across the map → winners sell for big coin,Server race every 10 min; genetics & training; auctions between players,Racing pigeon auctions and homing races,"Racing pigeon 'New Kim' sold for ~$1.9M at PIPA auction (widely reported, Nov 2020)",unchecked,"Breeding loft, feed upgrades",
265,MSH-041,Hunt the Last Campers,Format mashup: survive-the-night co-op (99 Nights) x asymmetric 1vX (Forsaken),24.2,3,4,5,5,3,"Campers: gather, build, survive -> Monster: stalk, scare, break traps -> swap roles each round",Twist: the forest monster is a player who grows stronger each night the campers fail to feed the fire; campers win by lasting 10 nights,Parents: survive-the-night co-op (99 Nights) x asymmetric 1vX (Forsaken). Proven formats combined; asymmetric roles add replay but it is contested.,"99 Nights in the Forest 259.5K CCU Sep 27 2026, 48h peak 1.55M on Sep 26 update (market scout/Rolimons, 2026-09-27); Forsaken 8v1 asymmetric: ~5.4B visits, ~82-91K CCU (Forsaken Hub/GGAID, 2026)","99 Nights in the Forest 259.5K CCU (Sep 27 2026) + many 99N-likes (unverified count); Forsaken ~82-91K CCU, 5.4B visits (2026); asymmetric lane occupied",Monster role pass; Monster skins; Camper revive,
266,MSH-048,Draft a Pack of Eight,Format mashup: trading card pack opening x roll-to-fight auto-battler,24.2,5,3,4,4,3,Open pack -> take 1 card -> pass -> 3 packs -> build team -> 3 auto-battles,"Twist: 8 players open packs and PASS them around (Magic-style draft), so you can hate-draft the card your neighbor needs; then auto-battle",Parents: trading card pack opening x roll-to-fight auto-battler. Draft passing is real social friction absent from Roblox gacha fighters.,"Ball VS Ball (roll-to-fight + gem rerolls) launched Aug 12 2026, 41.2M visits, ~14.7K CCU (Rolimons/allthings.how, Sep 2026)",unchecked,Premium cosmetic packs; Extra draft seat; Card foils,
267,MSH-059,Vote the Law,Format mashup: collect -> passive income -> rebirth x server election,24.2,5,2,4,5,4,Earn income -> campaign/vote -> law applies -> adapt your build,"Twist: a President elected every 10 minutes sets one server law (double income for small players, tax the rich, meteor day); players campaign",Parents: collect -> passive income -> rebirth x server election. Novel social economy; demand unproven.,none,unchecked,Campaign speech slot; Law immunity; Income boost,
268,MSH-062,Carve a Pumpkin Brawler,Format mashup: pumpkin carving ASMR x roll-to-fight auto-battler,24.2,5,3,4,4,3,Carve in 60s -> pumpkin comes alive -> auto-battle -> vote spookiest -> October event,"Twist: the face you carve IS the fighter: eye shapes set attack type, mouth sets defense, carving neatness sets crit; server votes the spookiest",Parents: pumpkin carving ASMR x roll-to-fight auto-battler. Seasonal (Oct) with a creative-input mechanic; carving tool is the build risk.,"Ball VS Ball (roll-to-fight + gem rerolls) launched Aug 12 2026, 41.2M visits, ~14.7K CCU (Rolimons/allthings.how, Sep 2026); Fish It 129.8K CCU Sep 2026; Fish It rose 186K->389K CCU Sept->Oct 2025 (market scout) (October lift)",unchecked,Carving knife set; Glow candles; Rare pumpkin seeds,
269,MSH-088,Adopt a Rookie,Format mashup: collect -> passive income -> rebirth x mentorship,24.2,5,2,4,5,4,Veteran picks rookie -> helps -> both progress -> mentor board,Twist: veterans get multipliers from rookies they coach; rookies level faster with a mentor nearby,Parents: collect -> passive income -> rebirth x mentorship. Retention-driven social mechanic.,none,unchecked,Mentor slots; Rookie boost; Mentor badge,
270,MSH-091,Breed a Sled Team,Format mashup: breeding genetics (Mewgenics) x survive-the-night co-op (99 Nights),24.2,5,3,4,4,3,Breed pups in the kennel -> pick a 6-dog team -> haul friends' sleds through a night storm -> bring home loot and breed the survivors,"Twist: your sled dogs are your survival gear: bred traits (warm coat, night eyes, strength) decide how far the team gets through each blizzard night, and dogs can be lost to wolves",Parents: breeding genetics (Mewgenics) x survive-the-night co-op (99 Nights). Genetics gives long-term goals; team sled runs give co-play. Best as a December launch.,"Mewgenics (breeding x tactics roguelite) 1M sold in 7 days (Game Informer, 2026-02-17); 99 Nights in the Forest 259.5K CCU Sep 27 2026, 48h peak 1.55M on Sep 26 update (market scout/Rolimons, 2026-09-27)",unchecked,Extra kennel slot; Warm booties (protect a dog); Premium harness skins,
271,MSH-100,Doodle a Fighter,Format mashup: drawing sandbox x roll-to-fight auto-battler,24.2,5,3,4,4,3,Draw in 45s -> doodle comes alive -> physics fight -> vote best doodle,"Twist: you draw your fighter's body with a few strokes; size, limbs and spikes turn into stats, and drawings fight with physics",Parents: drawing sandbox x roll-to-fight auto-battler. Creative input = infinite fighters; drawing moderation is a real risk.,"Ball VS Ball (roll-to-fight + gem rerolls) launched Aug 12 2026, 41.2M visits, ~14.7K CCU (Rolimons/allthings.how, Sep 2026)",unchecked,Ink colors; Bigger canvas; Stroke reroll,
272,PVP-001,Roll the Log,PvP sport,24.2,5,2,4,5,4,"1v1 on a floating log: run to spin it faster or stop it dead to throw your rival into the river; 30-60s rounds, instant requeue","Real sport never done on Roblox; the whole fight is footwork on one shared spinning object, no weapons","Lumberjack log rolling (birling), a real sport with viral splash clips",none,unchecked,Revive after a splash (keep win streak); Grip boots trail cosmetics; Private river arena for friends,HOB-104
273,PVP-003,Ride the Chicken Fight,co-op PvP,24.2,5,2,4,5,4,"Pair up: one player is the carrier (moves), one is the rider (grabs/shoves); knock other riders off into the pool; last pair wins",Two-person co-op control of one fighting unit - bring a friend or get matched; clip is the rider toppling,Pool 'chicken fight' piggyback game,none,unchecked,Pick-your-partner priority queue; Big-float carrier skin; Pool VIP server,
274,PVP-020,Grab the Last Parking Spot,PvP vehicle,24.2,5,2,4,5,4,Mall lot with one free spot per round; 12 cars race and bump; whoever parks fully inside the lines wins,"Tiny, relatable goal; bumpers, trolleys and pedestrians NPCs cause chaos",Parking-lot rage memes,none,unchecked,Car skins/horns; Nitro burst; Tow truck (tow a rival's car once),
275,PVP-045,Hang Tough on the Rings,asymmetric sport,24.2,5,2,4,4,4,Contestants swing across hanging rings to reach a platform; one Gladiator player swings and tries to rip them off,1-vs-many ring-swinging with grab physics; clear 20s rounds,Gladiators 'Hang Tough' event,"Gladiators UK reboot (BBC, 2024); no dated numbers found",unchecked,Gladiator role priority; Grip chalk (one escape); Gladiator costumes,
276,PVP-051,Whip the Tube Riders,asymmetric vehicle,24.2,5,2,4,5,4,"One player drives a speedboat, 3-6 players hang on towed tubes; driver whips turns to fling riders, riders lean and hold on; last rider on wins",Driver-vs-riders asymmetry with rope physics; riders skip across water like stones,Boat-tubing wipeout clips,none,unchecked,"Driver role priority; Better grip gloves; Tube skins (banana, donut)",
277,PVP-076,Wrestle a Beetle,creature PvP,24.2,5,2,5,4,4,"Catch beetles in a forest (RNG size/horn), then beetle sumo on a log: push and flip the rival beetle off",Collect + fight: beetle stats matter but timing wins; kids already love beetles,Japanese kabutomushi beetle-sumo; rhino-beetle fight videos,none,unchecked,Nectar feeder (luck); Beetle terrarium slots; Rare-horn lure,
278,PVP-088,Catch the Greased Pig,asymmetric creature,24.2,5,1,4,5,5,One pig player slips around a muddy pen; 12 farmers dive to tackle; pig escapes after 60s = wins,Slippery tackles fail comically; pig role rotates,County-fair greased-pig scramble,none,unchecked,Pig role priority; Mud slide; Pig costumes,
279,PVP-095,Kick the Human Ball,asymmetric sport,24.2,5,2,4,4,4,Two teams play soccer where the ball is a player who can steer slightly and pick sides,"Ball-player chooses who wins (bribes, grudges) - social",'You are the ball' soccer concept,"World Cup timing: FIFA World Cup 2026 (Jun-Jul 2026, North America); World Cup dance trends on TikTok (Clipchamp trends blog, 2026)",Soccer games huge (unchecked),Ball role priority; Ball skins; Goal celebrations,
280,PVP-116,Kick Them Out of the Plane,PvP party,24.2,5,2,4,5,4,20 players in a cargo plane with the ramp open; shove others out while staying in; the last one inside must then skydive onto a tiny bullseye to bank the win,Two-phase round: shove-fight then precision landing; losers who fell can still steer to bump the winner mid-air,Skydiving door-exit clips; battle-royale drop moments,none,unchecked,Parachute skins; Grip boots (5s no-shove); Replay cam,
281,SSN-081,Pass the Gravy,Seasonal-Thanksgiving,24.2,5,2,4,4,4,"Pass dishes down a long table without spilling while pets, toddlers and wobbly chairs cause chaos",Physics hand-off co-op (Overcooked-free: no cooking),Friendslop physics co-op,"Friendslop co-op wave: YAPYAP 700K+, Super Battle Golf 500K in 9 days (GameDiscoverCo, Feb 2026)",unchecked,Steady-hand gloves; dish skins; rematch,
282,SSN-101,Haunt a Smart Home,Co-op Horror,24.2,5,2,4,4,4,"One ghost player controls lights, TV, speakers to scare others out; humans hunt the ghost by unplugging devices",Asymmetric via devices (not a killer),Smart-home glitch videos,Forsaken ~48K CCU / 5.2B visits; Die of Death ~2.9K CCU / 277M visits (earnaldo.com 2026),"Forsaken ~48K CCU/5.2B, Die of Death ~2.9K CCU/277M own 1-vs-many killer lane (earnaldo 2026)",Ghost device packs; human gadgets; skins,
283,TRD-063,Lead the Fan March,social/sports,24.2,5,3,4,4,3,Recruit NPC fans with chants and flags; march through town; meet rival marches in a chant-off,Size of march is status; chant-offs steal fans,Scotland's Boston takeover and fan marches at World Cup 2026,"World Cup 2026 content reached 1.2 trillion TikTok views, 12M+ #FIFAWorldCup posts, FIFA account 24B views (TikTok Newsroom, Jul 2026)",unchecked,Drum (25R); Flag pack (35R); Fan magnet (49R),
284,WEB-004,Slide the Color Blocks,Mobile puzzle hit (hybrid-casual),24.2,4,4,3,3,5,Slide colored blocks through matching-color gates to clear a crowded board before the timer ends,"Tug-of-board duel: two players share one board, each owns two colors; clearing yours shoves blocks into the other's lanes","Color Block Jam (Rollic, $44M 2026)","Gamigion 2026 top-grossing hybridcasual puzzles: Screwdom $45.8M, Color Block Jam $44.1M, Yarn Loop $22.3M, Marble Sort (Voodoo) $16.4M",unchecked,Freeze timer 15R; Hammer (smash one block) 10R; Block skins,
285,HOB-012,Spot a Supercar,Collecting subculture,24.0,4,3,4,4,5,"Stand on city corners → cars drive by (rarity RNG: hypercars, one-offs) → snap photo quickly (framing score) → car-dex, set bonuses",Server-wide 'hypercar sighting' alerts make everyone sprint across town; photos posted to a public wall others like,Supercar spotting YouTube channels; kids' car obsession,none,unchecked,"Zoom lens, sighting radar, 2x rare spawn",
286,PTY-049,Unwrap the Parcel,Party / board & card massified,24.0,4,3,4,4,5,"Music plays and a giant parcel passes around the circle; when it stops, the holder rips one layer: a small prize, a forfeit, or a trap; the centre holds a rare prize","Layer contents are RNG collectibles (prizes go to your shelf); forfeits are dares (dance, wear silly hat); bots in circle; daily parcel",Pass the Parcel (birthday classic),none,unchecked,Extra layer rip; parcel wrap skins; circle boost,
287,PTY-078,Keep the Balloon Up,Party / playground game,24.0,4,3,3,4,5,Co-op: 1 to 50 players keep a growing number of balloons in the air around a house; any balloon touching the floor ends the run,Pure co-op score chase that scales from 1 player to 50; furniture obstacles and fans; balloon collection; server record board,'Keep the balloon off the floor' TikTok/household game,none (well-known household game; no numbers),unchecked,Balloon skins; slow-fall power; house themes,
288,PTY-097,Find the Wolf in the Flock,Party / social deduction,24.0,4,4,3,4,4,All players are identical sheep in a meadow; one secret wolf eats sheep when unseen; the sheepdog (player) can bark-check one sheep per minute; vote the wolf,Identical avatars make behaviour the only tell; cute theme for younger kids; bots are sheep; wool skins,Werewolf / sheep-and-wolf,RoWatcher (2026): social deduction 'structurally perfectly suited' to Roblox; Flicker deleted -> gap; Night of the Werewolf 14.3M visits (Fandom Jan 2025),"Night of the Werewolf, MAFIA (moderate)",Wolf pass; wool skins; bark boost,
289,PVP-084,Knock It off the Table,asymmetric creature,24.0,4,3,4,4,5,Cat players push objects off shelves in a house; one owner player catches them before they break; score in breakage,Cats vs owner - the internet's favorite cat behavior as a game,Cats knocking things off tables meme,none,Cat games exist (unchecked),Owner role priority; Cat breeds; Zoomies speed boost,
290,RES-009,Push a Block Home,research-sourced,24.0,4,4,3,4,4,Slide giant blocks to matching doors,1–4 player co-op; one wrong push jams everyone,Mobile Color Block Jam ($44.1M H1'26),Color Block Jam top-grossing hybrid-casual Q3'25 (AppMagic),none found,,
291,RES-016,Break a Password,research-sourced,24.0,4,4,3,4,4,Satisfy escalating password rules,Rivals add rules to YOUR password (8-player race),Web The Password Game (10M+ plays),10M+ plays,"Roblox port 4.24M visits, 1 player",,
292,SSN-014,Pull a Tarot Card,Cozy-Spooky,24.0,4,3,4,4,5,"Draw a daily spread → cards roll rarity (foil, cursed, gold) → each card buffs your day → complete 78-card sets; read fortunes for visitors at your booth",Collection RNG with a social fortune-reading booth; evergreen,WitchTok / tarot reading trend,none,unchecked,Extra draws; foil luck; booth decor,
293,SSN-112,Carry the Coffin,Seasonal-Halloween,24.0,4,3,4,4,5,4 pallbearers physically carry a coffin through an obstacle course; dance emotes add style points; coffin tips = restart,Meme co-op carry with physics,Coffin Dance meme,none,unchecked,Coffin skins; dance packs; grip upgrade,
294,SSN-120,Hide in the Hungry Furniture,Co-op Horror,24.0,4,3,4,4,5,"Hide & seek where each hiding spot has a mood; some spit you out, some swallow you; seekers use furniture tells",Hiding spots are characters,Hide-and-seek with living hiding spots,none,Hide and Seek Extreme lane (unchecked),Mood reveal; furniture skins; seeker gadgets,
295,TRD-018,Build a Plush Monkey Buddy,care/animal,24.0,4,4,3,4,4,Raise an abandoned baby monkey; find or sew it a comfort plush; monkey's confidence grows until the troop accepts it,The plush you give changes the monkey's personality; send your monkey to meet others' monkeys,Punch the macaque clinging to his IKEA orangutan,Punch the abandoned macaque: clips 30M+ views; IKEA Djungelskog orangutan plush sold out in US/Japan/Korea and resold ~10x on eBay (CNN; Euronews Feb 20 2026),unchecked,Comfort plush set (35R); Instant nap (15R); Zoo enclosure decor (79R),
296,TRD-041,Stay in the Box 24 Hours,endurance/social,24.0,4,3,4,4,5,Sit in a tiny box; outsiders (players) try to lure you out with offers or pranks; staying longest pays most,Social bribery: outsiders offer real in-game items to make you leave,Creator '24 hours in a box/room' stunts,none,unchecked,Comfy box upgrade (35R); Earplugs vs pranks (15R); Prank kit (25R),
297,TRD-042,Win the Stream Bet,party/prediction,24.0,4,3,4,4,5,"Watch a short in-game event (race, drop, fight) and predict outcome; odds shift live with server bets","Prediction market with in-game points only, fast 45s rounds",Streamer channel-point predictions,none,unchecked,Bonus points pack (25R); Double payout next (15R),
298,TRD-089,Topple the Domino Build,satisfying/creative,24.0,4,4,4,4,4,"Build domino lines, spirals and walls; topple for points; watch replay",Rivals can sneak a single push early; team builds,Domino chain-reaction videos (Hevesh5 style),none,unchecked,Domino pack (25R); Slow-mo replay (15R); Build zone size (49R),
299,TRD-092,Implode a Building,physics/puzzle,24.0,4,4,4,4,4,Place a limited number of charges so a building collapses into its footprint; score by debris spread,Puzzle + destruction; rival teams build towers to implode,Building implosion videos,none,Destruction sims exist (unchecked),Extra charge (15R); Slow-mo cam (25R),
300,TRD-096,Guess Real or AI,party/trivia,24.0,4,4,3,4,4,Each round shows 2 clips or images; pick the real one; streaks multiply; wrong answers eliminate,Players can submit in-game-made 'fakes' (builds/poses) to trick the server,2026 hyperreal AI-video memes,"2026 memes dominated by hyperreal AI videos indistinguishable from reality (NapoleonCat, Sep 2026)",unchecked,Streak saver (15R); Hint zoom (15R); Submit-a-fake slot (25R),
301,TRD-100,Rank It Live,party/social,24.0,4,3,4,4,5,Server gets a topic; each player places one item on a giant physical tier board; others can drag and argue; timer locks it,Physical tier board where players shove items around; the final board is posted as a server screenshot,Tier-list debate videos,none,unchecked,Veto token (15R); Topic pick (25R),
302,TRD-104,Pass the Ice Bucket,party/challenge,24.0,4,3,4,4,5,"Get doused, then nominate 3 players; nominees must complete a mini challenge or get dumped; chain grows server-wide",Chain tree shows who started it; biggest chains get a statue,Ice Bucket Challenge 2025 revival,none,unchecked,Golden bucket (35R); Dodge token (15R),
303,TRD-117,Guess Who Sent It,party/social,24.0,4,3,4,4,5,Everyone anonymously answers a prompt (filtered); guess who wrote what; points for fooling and guessing,"Built on friend-group humor, best with parties",Group-chat 'who said it' game,none,unchecked,Prompt pack (25R); Hint (15R),
304,TRD-124,Swap Halloween Candy,social/seasonal,24.0,4,3,4,4,5,"Trick-or-treat a short route, then trade candy at the swap table to complete 'full-size bar' sets",Candy values shift with server demand; rare full-size bars are chase items,Kids' post-Halloween candy trading videos,none,unchecked,Bigger bag (35R); Costume (25R),
305,TRD-125,Get on the Jumbotron,party/social,24.0,4,3,4,4,5,Sit in a stadium; the cam randomly finds players; do an emote combo fast; crowd votes,Random spotlight means anyone can be the star; best moments replay,Stadium jumbotron dance cams,none,unchecked,Cam magnet (25R); Emote pack (35R),
306,WEB-086,Protect the Rising Balloon,Hypercasual,24.0,4,3,4,4,5,Move a shield to protect a balloon rising through falling obstacles,"One balloon, many shields: whole server protects one balloon; whoever lets it pop is shown to everyone",Rise Up,none,unchecked,Bigger shield 10R; Balloon skins,
307,WEB-092,Explore the Capybara Journey,Mobile (Habby),24.0,4,4,4,3,4,Auto-walk; each step a random event card; pick one of 3 skills; boss fights,Walk with a friend's capybara; shared event choices; capybara hat/outfit RNG as showoff,Capybara Go! (Habby),"Habby (Archero, Capybara Go) keeps shipping roguelites — Dicero soft-launched Feb 2026, released Apr 2026 (gamingonphone / mobidictum, Mar 2026)",unchecked,Reroll skills 10R; Extra life 15R,
308,WEB-104,Spend the Billion Dollars,Neal.fun viral toy,24.0,4,3,4,4,5,"60 seconds to spend a billion in a giant mall of absurd items (yachts, 10,000 tacos)",Everyone shops the same mall; the server then votes the funniest cart; rare RNG 'mystery item' shelves; cart becomes a showroom,Spend Bill Gates' Money (neal.fun),none,unchecked,Extra 15s 10R; Golden cart 25R,
309,WEB-127,Seal the Bunker Doors,Fake mobile ad made real,24.0,4,3,3,4,5,Choose which doors to close as zombies/lava approach survivors,Players are survivors; one gatekeeper chooses; trust drama,Last Shelter / survival-door fake ads,Pull-the-pin / choice fake ads documented industry-wide; Apple & Google cracking down on misleading ads 2025–26 (Udonis 2026 guide); fakeadgames.com 'museum of every ad that lied to you' (2026); ResetEra thread 'Those fake mobile game ads. I desire to play one',unchecked,Gatekeeper pass 15R,
310,HOB-021,Hide a Smiski,Collecting subculture,23.8,4,3,4,4,4,Get Smiski blind boxes → hide them anywhere on your build → other players tour your space to find them for coins; you earn when they fail,UGC hide-and-seek: hiders profit from clever spots; seekers profit from finds; glow-in-dark versions for night mode,Smiski figure-hiding trend (hiding tiny figures around the office/home for others to find),"Labubu >100M units sold in 2025; The Monsters line ~$1.95B revenue 2025; rare resales >$10K (DemandSage / Athlon Sports, 2026) (blind-box market context)",unchecked; Search For The Needle-style hidden-object lane crowded,"Hiding plot expansion, seeker glow scanner, rare Smiski box",
311,HOB-025,Legit Check,Collecting subculture,23.8,4,3,4,4,4,Round: 6 players each get an item; one secretly receives a counterfeit maker role and swaps in fakes → players inspect stitching/labels → vote,Social deduction + spot-the-difference: counterfeiter crafts fakes with deliberate flaws; authenticators earn by catching them,"Sneaker/luxury authentication (StockX legit-check TikToks, fake-spotting)",Reshoevn8r / Vick Almighty custom-sneaker videos active on TikTok & YouTube 2025 (TikTok; no view counts found),unchecked,"Loupe tools, counterfeiter role pass",
312,HOB-033,Is It Cake?,Craft / maker hobby,23.8,4,4,4,5,3,"Round: 5 pedestals, one hides a real object; bakers craft cake replicas → cutters pick one to slice → reveal",Players take turns as bakers (craft realistic cakes with limited tools) and slicers; fooling slicers pays; slice ASMR reveal,Netflix 'Is It Cake?' / hyper-real cake TikToks,none,unchecked,"Premium frosting kits, extra slice token",
313,HOB-059,Pit Stop Crew,Unusual job,23.8,4,3,4,5,4,"4-player crew each gets a station (jack, wheel gun, tyre, lollipop) → timing inputs when car arrives → stop time → leaderboard",True co-op timing: one late input ruins the stop; global record board; car liveries unlock,"F1 pit stops (sub-2-second records), F1 popularity",none,unchecked,"Gun upgrades, livery packs",
314,HOB-070,Light Up the House,Unusual job,23.8,4,3,4,4,4,String lights on your house → power grid budget → neighbors vote nightly → brightest wins,Overload blackout mechanic: too much draws the whole street dark (social friction); sabotage fuses,Christmas-lights neighbor wars / Griswold houses,none (seasonal: December),unchecked,"Light packs, generator, inflatables",
315,HOB-085,Film Bigfoot,Outdoor / nature hobby,23.8,4,3,4,5,4,Hunters set trail cams & search woods; one player is Bigfoot → Bigfoot tries to be seen blurrily but never clearly,"Asymmetric twist: Bigfoot WANTS blurry sightings (points), hunters want a clear shot; clarity-scored photos posted to server tabloid",Bigfoot/cryptid-hunting videos and trail-cam TikToks,none,unchecked (asymmetric lane: Forsaken etc.),"Bigfoot pass, camera upgrades, ghillie suit",
316,MSH-006,Pave the Endless Road,Format mashup: incremental runner (+speed runners) x 100-player server goal (Build the Pyramid),23.8,4,3,4,4,4,Run to the tile depot -> carry tiles along the shared road -> lay them at the frontier -> speed upgrades let you reach further biomes -> server milestone unlocks a new world,"Twist: the whole server builds the track it runs on: players carry road tiles to the frontier, and only fast runners can reach the edge where tiles are worth most",Parents: incremental runner (+speed runners) x 100-player server goal (Build the Pyramid). Server-goal format is new (few occupants) and runner stat grind gives a solo loop inside it.,"Build the Pyramid! 100-player server-goal co-op 4.3K CCU / 1.1M visits (market scout, Sep 2026)",Build the Pyramid! 4.3K CCU/1.1M visits (market scout Sep 2026); few server-goal games; incremental runners common (unchecked),2x carry capacity; Speed coil pass; 'Mega Tile' that lays 100 m at once,
317,MSH-012,Hide the Golden Sock,Format mashup: cozy search (Search For The Needle) x build-and-rate (room decorators like Design It),23.8,4,3,4,4,4,Decorate/mess a room with 60 props -> hide the sock -> swap rooms with a random player -> search their room -> rate,Twist: players build a messy bedroom and hide one golden sock in it; other players get 90 seconds to find it; best hiders get the most star ratings,Parents: cozy search (Search For The Needle) x build-and-rate (room decorators like Design It). Player-authored hiding spots avoid being a needle clone; every round is new content.,"Search For The Needle (cozy search roguelite) 66.2M visits, 22.5K CCU (Rolimons/market scout, Sep 23 2026)","Search For The Needle 22.5K CCU + ~14 clones in 48h (market scout, Sep 2026)",Premium prop packs; Extra hint for seekers; Room theme pass,
318,MSH-025,Share a Backpack,Format mashup: inventory auto-battler (Backpack Battles) x 2v2 roll-to-fight,23.8,4,4,4,4,3,Shop rounds -> argue over grid space -> auto-battle vs another duo -> 10-win runs,Twist: two teammates share ONE backpack grid and must negotiate who places what; items bridging both halves get team bonuses,Parents: inventory auto-battler (Backpack Battles) x 2v2 roll-to-fight. Backpack Battles is solo on Steam; shared grid adds Roblox co-play.,"Backpack Battles ~500K Steam owners, 92% positive (SteamSpy/Steam, Sep 2026); Ball VS Ball (roll-to-fight + gem rerolls) launched Aug 12 2026, 41.2M visits, ~14.7K CCU (Rolimons/allthings.how, Sep 2026)","Ball VS Ball 41.2M visits/~14.7K CCU (Rolimons, Sep 2026); roll-to-fight cluster filling; no Roblox backpack battler found (unchecked)",Bigger grid; Shop reroll; Item skins,
319,MSH-027,Bounce Back the Night,Format mashup: brick-breaker survivors (Ball x Pit) x survive-the-night co-op (99 Nights),23.8,4,4,4,4,3,Day: gather ball ingredients and fuse ball types -> night: bounce balls into monster waves -> fuse rarer balls -> reach night 30,"Twist: 4 friends defend a camp with bouncing balls instead of guns; balls ricochet off each other's paddles, so positioning together multiplies damage",Parents: brick-breaker survivors (Ball x Pit) x survive-the-night co-op (99 Nights). Two proven hits; paddle-ricochet teamwork is the mechanical twist.,"Ball x Pit (brick-breaker x survivors mashup by a solo dev) 2M sales (Push Square, Aug 2026); 99 Nights in the Forest 259.5K CCU Sep 27 2026, 48h peak 1.55M on Sep 26 update (market scout/Rolimons, 2026-09-27); Megabonk 1M sales in 2 weeks, ~117K peak CCU (PC Gamer, Sep 2025); Steam roguelite revenue ~$500M H1 2026 (recognizingpatterns Substack, 2026)",99 Nights in the Forest 259.5K CCU (Sep 27 2026) + many 99N-likes (unverified count),Ball fusion slot; Revive; Starter ball pack,
320,MSH-029,"Scavenge by Day, Hide by Night",Format mashup: cozy search roguelite (Search For The Needle) x survive-the-night co-op (99 Nights),23.8,4,4,4,4,3,Day: dig piles for supplies and keys -> dusk: rebuild your hiding pile -> night: a searcher monster digs piles -> survive,"Twist: the same cozy junk piles you search by day become the hiding spots at night, so how you dig reshapes where you can hide",Parents: cozy search roguelite (Search For The Needle) x survive-the-night co-op (99 Nights). Links day search and night survival through one terrain system.,"Search For The Needle (cozy search roguelite) 66.2M visits, 22.5K CCU (Rolimons/market scout, Sep 23 2026); 99 Nights in the Forest 259.5K CCU Sep 27 2026, 48h peak 1.55M on Sep 26 update (market scout/Rolimons, 2026-09-27)","Search For The Needle 22.5K CCU + ~14 clones in 48h (market scout, Sep 2026); 99 Nights in the Forest 259.5K CCU (Sep 27 2026) + many 99N-likes (unverified count)",Better shovel; Pile armor; Revive,
321,MSH-035,Restore a Robot Brawler,Format mashup: cleaning ASMR reveal (Dig & Clean) x roll-to-fight auto-battler,23.8,4,3,4,4,4,Buy a rusty crate -> scrub rust (ASMR) -> reveal robot -> arena fight -> repair between fights,"Twist: junkyard robots come rusty; scrubbing and polishing reveals their stats and rarity, and a half-cleaned robot fights at half power",Parents: cleaning ASMR reveal (Dig & Clean) x roll-to-fight auto-battler. Cleaning is the unboxing animation for fighters.,"Wash The House ~12M visits (Rolimons, 2026) & 31.5K CCU; Dig & Clean ~27.8K CCU Aug 7 2026 (robolibrary); Clean a House 66M visits (The Bloxline); Ball VS Ball (roll-to-fight + gem rerolls) launched Aug 12 2026, 41.2M visits, ~14.7K CCU (Rolimons/allthings.how, Sep 2026)","Ball VS Ball 41.2M visits/~14.7K CCU (Rolimons, Sep 2026); roll-to-fight cluster filling",Rust remover; Rare crate; Arena pass,
322,MSH-039,Map the Lost Desert,Format mashup: 100-player server goal x cozy search roguelite,23.8,4,3,4,4,4,Pick a fog tile -> dig and search -> reveal it for all -> deliver relic pieces -> server unlocks the lost city,"Twist: the map is covered in fog for the whole server; every tile anyone searches is revealed for everyone, and relic pieces must be combined by the server",Parents: 100-player server goal x cozy search roguelite. Shared fog-of-war turns solo searching into a collective map.,"Search For The Needle (cozy search roguelite) 66.2M visits, 22.5K CCU (Rolimons/market scout, Sep 23 2026); Build the Pyramid! 100-player server-goal co-op 4.3K CCU / 1.1M visits (market scout, Sep 2026)","Search For The Needle 22.5K CCU + ~14 clones in 48h (market scout, Sep 2026)",Scout drone; Sand vacuum; Explorer title,
323,MSH-040,Outrun the Sunset,Format mashup: incremental runner x survive-the-night,23.8,4,3,4,4,4,Train speed between runs -> sprint town to town ahead of dusk -> carry friends -> unlock farther towns,"Twist: night is a wall of darkness sweeping across the map; slow players get caught, and teammates can carry slow friends at a speed cost",Parents: incremental runner x survive-the-night. Survival pressure gives the runner a story and a co-op carry.,"99 Nights in the Forest 259.5K CCU Sep 27 2026, 48h peak 1.55M on Sep 26 update (market scout/Rolimons, 2026-09-27)",incremental speed runners common (unchecked),Speed pass; Carry harness; Flare (pause the dark 5s),
324,MSH-042,Race With an Impostor,Format mashup: incremental runner race x round-based deduction,23.8,4,3,4,4,4,Race -> get tripped -> vote at the checkpoint -> finish -> reveal,"Twist: 20 racers run the same course; one secret impostor can drop invisible banana traps; if the crowd votes out the impostor, the winner gets double",Parents: incremental runner race x round-based deduction. Adds suspicion to races; weaker core fun.,"Murder Mystery 2 all-time peak ~1.35M CCU Aug 16 2026, Aug avg 633K (MaxPower Gaming, Aug 2026)",unchecked,Impostor role pass; Trap radar; Speed upgrades,
325,MSH-074,Clean the Ocean,Format mashup: fishing sim (Fish It) x cleaning ASMR reveal,23.8,4,3,4,4,4,Cast -> reel trash -> scrub (ASMR) -> reveal loot -> server ocean % rises,"Twist: you fish up trash, not fish; each trash item is scrubbed to reveal RNG loot, and the server has an ocean-cleanliness % that unlocks new sea life",Parents: fishing sim (Fish It) x cleaning ASMR reveal. Borrows the Team Seas cleanup idea; fishing with a real twist.,"Fish It 129.8K CCU Sep 2026; Fish It rose 186K->389K CCU Sept->Oct 2025 (market scout); Wash The House ~12M visits (Rolimons, 2026) & 31.5K CCU; Dig & Clean ~27.8K CCU Aug 7 2026 (robolibrary); Clean a House 66M visits (The Bloxline)",Fish It 129.8K CCU; many fishing sims,Magnet hook; Auto-scrub; Rare bait,
326,MSH-081,Build a Battle Boat,Format mashup: build-and-ride (Build a Boat for Treasure) x roll-to-fight auto-battler,23.8,4,4,4,4,3,Build 3 minutes -> launch -> auto naval battle -> loot blocks,"Twist: you build a boat from blocks, then boats sail and fight other players' boats on their own; weak joints break",Parents: build-and-ride (Build a Boat for Treasure) x roll-to-fight auto-battler. Creative build + autonomous fight = watchable clips.,"Ball VS Ball (roll-to-fight + gem rerolls) launched Aug 12 2026, 41.2M visits, ~14.7K CCU (Rolimons/allthings.how, Sep 2026)",Build a Boat for Treasure is a long-running hit (unchecked numbers),Premium blocks; Cannon pack; Crew slot,PVP-067
327,MSH-083,Toss the Junk,Format mashup: physics fling sandbox x cleaning ASMR,23.8,4,3,4,4,4,Grab -> fling -> score -> spot treasure -> upgrade arms,"Twist: you clean a hoarder house by throwing junk into a dumpster across the yard; some junk is treasure and throwing it away loses it, friends catch mid-air",Parents: physics fling sandbox x cleaning ASMR. Physics cleaning with a risk choice.,"Wash The House ~12M visits (Rolimons, 2026) & 31.5K CCU; Dig & Clean ~27.8K CCU Aug 7 2026 (robolibrary); Clean a House 66M visits (The Bloxline)","Wash The House 31.5K CCU, Dig & Clean ~26-28K CCU, Clean a House 66M visits (2026)",Super throw; Treasure detector; Dumpster skins,
328,MSH-093,Roll & Pack,Format mashup: RNG aura rolls (Sol's RNG) x inventory auto-battler (Backpack Battles),23.8,4,4,4,4,3,Roll items -> rotate and fit into the grid -> auto-battle a player's backpack -> win gold for more rolls,"Twist: rolled items get rarer AND stranger-shaped, so a mythic sword may not fit your grid; you choose between raw rarity and a board that fits together","Parents: RNG aura rolls (Sol's RNG) x inventory auto-battler (Backpack Battles). Rarity vs fit trade-off is a true decision, not just waiting.","Backpack Battles ~500K Steam owners, 92% positive (SteamSpy/Steam, Sep 2026); Sol's RNG 2.1B+ visits (Roblox Fandom/BloxGuidesGG, Aug 2026)",no Roblox backpack battler found (unchecked),Bigger grid; Roll luck; Shape-shrink potion,
329,MSH-098,Swarm With Ducks,Format mashup: mass-collect incremental (Catch 1 Billion Ducks) x auto-battler swarm,23.8,4,3,4,4,4,Collect ducks -> merge into duck types -> challenge a player -> watch the duck swarm battle -> grow the flock,"Twist: the millions of ducks you collect become an army: flocks clash physically with another player's flock and the bigger, better-mixed flock wins",Parents: mass-collect incremental (Catch 1 Billion Ducks) x auto-battler swarm. Big-number showoff gets a PvP payoff.,"50 Player BINGO 19.6M visits; Catch 1 Billion Ducks 22.8M visits (market scout, Sep 2026)",Catch 1 Billion Ducks 22.8M visits (market scout),Duck magnet; Flock boost; Duck skins,
330,MSH-099,Cook a Champion,Format mashup: cooking ASMR x roll-to-fight auto-battler,23.8,4,3,4,4,4,Chop/fry/plate (ASMR) -> fighter eats -> auto-battle -> win ingredients -> new recipes,"Twist: before each fight you cook one dish in 30 seconds; cooking quality sets your fighter's buff, so a skill minigame decides close fights",Parents: cooking ASMR x roll-to-fight auto-battler. Adds skill input to an otherwise passive auto-battler.,"Ball VS Ball (roll-to-fight + gem rerolls) launched Aug 12 2026, 41.2M visits, ~14.7K CCU (Rolimons/allthings.how, Sep 2026)",unchecked,Recipe book; Spice luck; Golden pan,
331,PTY-107,Roll the Giant Snowball,Party / 100-player co-op server goal,23.8,4,3,4,4,4,"Everyone pushes one giant snowball down a mountain; it grows with snow, collects objects; at the bottom the server builds a giant snowman",Katamari physics as a shared object; objects stuck inside are collectibles; winter live-op; solo = smaller ball,Katamari / building snowmen,"Build the Pyramid! (TestGrounds32) server co-op monument game: Sep 2026 codes coverage on Dexerto/PCGamesN/Sportskeeda, Update 1.5 on Sep 22 2026 (visit count unverified)",unchecked,Push strength boost; hat for snowman; object packs,
332,PVP-002,Fight a Pillow War on Bunk Beds,PvP ragdoll,23.8,4,2,4,5,5,8-player sleepover room with stacked bunk beds; swing pillows to knock rivals off beds to the floor (out); feathers burst on big hits,Vertical arena of bunks that collapse as rounds go on; floor slowly fills with toy 'lava' Lego bricks,Sleepover pillow-fight clips; Pillow Fight Championship league,none,unchecked,Second pillow (dual wield) pass; Feather-burst hit effects; Skip-to-next-round revive,
333,PVP-006,Blow Them off the Roof,PvP physics,23.8,4,2,4,5,5,"Everyone on a sloped rooftop with a leaf blower; blast rivals off the edge, collect leaves for blower upgrades between rounds",Knockback-only weapon (no damage) - the whole game is wind; upgrades change nozzle shape (wide/cone/jet),Leaf-blower prank / leaf-blower-in-face TikTok clips,none,unchecked,Jet-engine blower; Anchor boots (5s no-knockback) dev product; 2x leaves pass,
334,PVP-040,Chase in the Tag Quad,PvP sport,23.8,4,3,4,5,4,1v1: chaser has 20s to tag the evader in a small obstacle square; swap roles; most successful evades wins,Real pro format with tiny arenas and instant requeue; parkour vaults,"World Chase Tag (pro parkour tag, big YouTube following)",none,Tag games exist (unchecked); WCT format specifically not found,Parkour move emotes; Quad skins; Replay highlights,
335,RES-017,Train a Duck,research-sourced,23.8,4,3,4,4,4,Training minigames → league races,"Hatch mutated ducks (RNG), PvP races",Web Duck Life series,Duck Life 5+ games (Poki),nearby only,,
336,SSN-005,Bribe the Monsters,Seasonal-Halloween,23.8,4,3,4,4,4,"4 kids walk a haunted street collecting candy; monsters block paths and demand specific candies; pay, share with a friend, or run; bank candy at home","Candy is score AND defense: hoarding makes you rich but stranded, so friends negotiate who pays; evergreen as 'toll trolls' fantasy road",Trick-or-treat routes,DOORS 2025 Trick or Treat event (candy bags) ran Oct 23–Dec 1 2025 tied to Spotlight (DOORS Wiki),"Trick or Treat! (Bitware), Trick or Treat in Hallowsville, DOORS Trick or Treat event (Roblox Wiki/DOORS Wiki); visits unchecked",Candy magnet; rare 'full-size bar' bribe pack; revive,
337,SSN-015,Keep a Graveyard,Cozy-Spooky,23.8,4,3,4,4,4,"Tend a haunted cemetery: ghosts move in, request grave decor, pay rent in ectoplasm; ghost residents have rarity; visit friends' graveyards at night",Cozy landlord for ghosts; rare ghosts only move into well-decorated plots,"Cozy horror (Cozy Grove, Spiritfarer, Grave Seasons)","Cozy-horror demand: Dredge & Cozy Grove as genre anchors, Grave Seasons among most-anticipated 2026 (GameRant 2026; HerCozyGaming 2026)",unchecked,Ghost lure; premium tombstones; extra plot,
338,SSN-020,Throw Flour on the Ghost,Co-op Horror,23.8,4,3,4,4,4,"Invisible creature roams the house; throw limited flour/paint to reveal it, then trap it in a jar; flour runs out",Action reveal instead of evidence-gathering (not a ghost-hunt sim); paint splatter makes shareable shots,Invisible-monster reveal trope,"RoLearn Horror Genre Report 2026: 500+ active horror games, combined daily CCU >200K, best creator-coverage-to-player ratio of any genre",Blair/Phasmophobia-likes own evidence hunting; action-reveal unchecked,Flour refill; glitter paint; trap jar upgrade,
339,SSN-037,Keep Warm Together,Co-op Survival,23.8,4,3,4,4,4,Cold meter drops outside; huddling restores heat; someone must leave the huddle to fetch fuel; blizzard gusts,Body heat as shared resource — social friction over who goes out; not a crafting-base 99 Nights clone,Winter survival; huddling,"99 Nights in the Forest 259.5K CCU Sep 27 2026, 48h peak 1.55M on Sep 26 (livecounts via market scout 2026-09-27)",99 Nights dominates forest survival (259.5K CCU),Warm coat; hand warmers; revive,
340,SSN-039,Who Goes Outside?,Co-op Survival,23.8,4,3,5,4,4,Each night the cabin votes who goes outside for firewood/food; outsiders risk the creature; hoarders can lie about supplies,Vote-based friction survival; betrayals are clip moments,Snowed-in cabin; lifeboat dilemmas,none,unchecked,Veto token; thick coat; extra rations,
341,SSN-047,Befriend the Thing Under the Bed,Cozy-Spooky,23.8,4,3,4,4,4,Leave gifts under your bed each night; different monster-pets move in based on room decor; collect and show off,Room decor as lure (RNG + decorating); cozy creatures,Monster-pet cozy,"Cozy-horror demand: Dredge & Cozy Grove as genre anchors, Grave Seasons among most-anticipated 2026 (GameRant 2026; HerCozyGaming 2026)",unchecked,Lure gifts; decor packs; rare monster chance,
342,SSN-049,Check for Bites,Co-op Horror,23.8,4,3,5,4,4,"Some players are infected but don't know it yet; scan temperatures, quarantine by vote, escape on the truck",Hidden infection even the infected don't know; quarantine votes,Zombie outbreak social deduction,none,unchecked,Extra scanner; cure shot; skins,
343,SSN-060,Build a Gingerbread House That Stands,Seasonal-Christmas/Winter,23.8,4,3,4,4,4,"Build with gingerbread panels and icing glue physics; judge by looks, then an earthquake shake test; last standing wins",Build + physics stress test; evergreen as 'build and shake',Gingerbread-house fails,"Christmas 2025 updates by MM2 (Ski Village map + pass), 99 Nights, Adopt Me advent, Brookhaven Winter Festival (FandomWire / Deltia's Gaming, Dec 2025)",Build a Boat-style build-and-test adjacent (unchecked),Premium candy; super-icing; replay,
344,SSN-083,Rush the Black Friday Doors,Seasonal-Thanksgiving,23.8,4,3,5,4,4,"Doors open: 30 players sprint in, grab RNG deals, tackle, carry to checkout before stock runs out; flex your haul",PvP grab-and-run with carry weight,Black Friday stampede videos,none,Supermarket sims exist; PvP grab unchecked,Bigger cart; doorbuster pass; tackle gloves,
345,SSN-100,Draw the Night's Rules,Co-op Horror,23.8,4,3,4,4,4,Each night a card flips a new rule (the monster only hunts runners / only in light / only in pairs); learn fast and survive 5 nights,Rules-learning co-op; every night feels new,Roguelite rule mutators,"RoLearn Horror Genre Report 2026: 500+ active horror games, combined daily CCU >200K, best creator-coverage-to-player ratio of any genre",unchecked,Rule peek; revive; card skins,
346,STM-003,Type a Spell to Raid the Tower,Friendslop co-op,23.8,4,4,4,4,3,"4 minion wizards break into a rival's tower, type incantations into a spell bar (LEVIOSA, FISHIFY) to float loot, clone, teleport; trash rooms for score before the tower wizard wakes",Roblox voice is 13+/ID-gated so spells are TYPED under time pressure; typos cast random wrong spells (turn your friend into a fish) = clip moments,"YAPYAP (voice-spell co-op, Feb 2026)","YAPYAP (Feb 3 2026) 500K copies in first week (mein-mmo, Feb 2026); ~700K units (GameDiscoverCo, Feb 2026)",unchecked,Spellbook packs (new incantations); extra life potion; robe cosmetics,
347,STM-004,Duel With Typed Spells,PvP arena,23.8,4,3,4,4,4,1v1 or 4-player FFA: type spell words fast to cast fireballs/shields; longer words = stronger spells; first to 3 knockouts,Typing speed + vocabulary as the combat skill; opponents see your spell as you type and can counter-cast; ranked ladder by words-per-minute,Mage Arena (2025 voice-spell PvP) + YAPYAP (2026),"YAPYAP (Feb 3 2026) 500K copies in first week (mein-mmo, Feb 2026); ~700K units (GameDiscoverCo, Feb 2026); Mage Arena itself not verified this session",unchecked (typing races exist; typed-spell duels not seen),Spell tome unlocks; custom spell color/trail; 2x XP pass,
348,STM-019,Spot the Copied Friend,Social deduction / horror-lite,23.8,4,3,4,4,4,Each night a mimic copies one player's avatar and replays their recent chat lines; team questions each other and votes who to lock out before dawn,"Mimic uses your friends' real words, so trust breaks for real",Mimesis (2025 mimic co-op horror),none (not verified this session; Mimesis 2025 co-op mimic horror),unchecked,Truth lantern (reveals 1 player); skins; extra vote,
349,TRD-019,Run a Trading Card Pack Break,collectibles/social,23.8,4,3,5,4,4,One player is the 'breaker' opening a case; others buy slots for teams; every hit goes to that slot owner,"Group gacha: you buy a team slot, the breaker's pull decides your prize; breaker earns fee",Pack-break livestreams (TikTok Live) for cards,none,unchecked,Slot (20R); Premium case (99R); Breaker license (149R),
350,TRD-116,Get Home Before Curfew,asymmetric/stealth,23.8,4,3,4,5,4,Kids sneak into a house past a parent player who patrols with a flashlight; creaky floors,Parent gets upgrades; kids earn by reaching their bedroom,'Sneaking back in' TikToks,none,unchecked,Parent role (25R); Quiet socks (35R),
351,TRD-119,Walk the Haunted Corn Maze,asymmetric/seasonal,23.8,4,3,4,5,4,Visitors walk a corn maze; scarer players hide and jump out; scares earn points,Scare-actor role with costumes; October timing,"Haunted corn maze attractions, October",none,unchecked,Scarer costume (35R); Flashlight upgrade (25R),
352,WEB-062,Unleash the Sandworm,Poki hit,23.8,4,3,4,5,4,Control a giant worm bursting from the ground to eat people and cars,"Players on foot flee; one player is the worm each round; survivors earn, worm earns per chomp",Worm Hunt / Tremors-style worm games,none,unchecked,Worm skins; Be-the-worm pass 25R,
353,HOB-028,Sharpen a Knife,Craft / maker hobby,23.6,5,3,3,3,5,Customers drop dull blades → hold correct angle on whetstone (angle meter) → grit progression → sharpness test (slice paper/tomato tower) → pay by sharpness,Sharpness test is a public stage: the whole server watches your blade slice a tower of paper; leaderboard for cleanest cut,Knife-sharpening & 'paper test' ASMR videos,none,unchecked,"Diamond stone, auto-angle guide, rush-order queue",
354,MSH-016,Wash a Muddy Dragon,Format mashup: cleaning ASMR reveal (Dig & Clean) x breeding genetics (Mewgenics),23.6,4,3,5,4,3,"Breed two dragons -> baby hatches muddy -> scrub (ASMR) to reveal pattern -> keep, breed, or trade muddy","Twist: baby dragons hatch caked in mud: you only see their color genes after scrubbing, and muddy dragons can be traded UNREVEALED, so players gamble on each other's babies","Parents: cleaning ASMR reveal (Dig & Clean) x breeding genetics (Mewgenics). Cleaning becomes the reveal step for a breeding RNG, and muddy trades add friction.","Wash The House ~12M visits (Rolimons, 2026) & 31.5K CCU; Dig & Clean ~27.8K CCU Aug 7 2026 (robolibrary); Clean a House 66M visits (The Bloxline); Mewgenics (breeding x tactics roguelite) 1M sold in 7 days (Game Informer, 2026-02-17)","Wash The House 31.5K CCU, Dig & Clean ~26-28K CCU, Clean a House 66M visits (2026)",Instant bath; Breeding slot pass; Shine shampoo (mutation chance),
355,PTY-076,Kick the Can,Party / playground game,23.6,3,4,3,4,5,Seeker guards a can while hunting hiders; caught players sit in jail; any free hider who kicks the can frees everyone,Rescue mechanic makes hide-and-seek a heist; bots hide and sneak; map pack unlocks; can-kick replays,Kick the Can (outdoor classic),Hide and Seek Extreme 3.38B visits as of Jun 29 2026 (robloxgo/Miraheze),Hide-and-seek lane huge (Hide and Seek Extreme) but no rescue variant known,Can skins; sprint burst; map packs,
356,HOB-027,Pick a Lock,Craft / maker hobby,23.4,3,4,4,4,4,Get a lock → tension + rake/single-pin minigame with click audio → open → loot inside → harder locks (padlocks → safes → vaults),"Players DESIGN locks (pin count, security pins, spools) and hang them on a public Lock Wall; others try to pick them; your lock earns while unpicked, your name trends when a pro beats it on server screen",LockPickingLawyer-style lockpicking videos ('click... and that's all there is to it'),"LockPickingLawyer 4.63M YT subs, 1.2B+ views (Wikipedia, Nov 2025)","Lockpicking Simulator by Flux Games exists (Roblox, visits unchecked); lockpick minigames common inside DOORS/Mental","Pick set upgrades, lock-wall slots, 'hint pin' consumable",
357,HOB-029,Pour a Resin Table,Craft / maker hobby,23.4,5,3,4,3,4,"Pick wood slab → pour tinted resin (color swirl physics, bubble torch) → cure timer → sand/polish reveal with pattern RNG → sell/display","Swirl outcome is part skill, part RNG; 'galaxy'/'ocean wave' rare patterns; co-op pour: friends each add a pigment in turn",Epoxy river-table & resin art TikToks,none,unchecked,"Instant cure, rare pigments, big-slab unlock",
358,HOB-031,Blow Glass,Craft / maker hobby,23.4,5,3,4,3,4,"Gather molten glass → spin/blow minigame (keep it centered, don't overheat) → shape vase/ornament → anneal → color swirl RNG + crack risk",Two-player 'gaffer + assistant' co-op for bigger pieces; cracked pieces can shatter live (clip moment),"Glassblowing (Netflix Blown Away), glass studio ASMR",none,unchecked,"Crack-proof annealer, rare color rods, studio expansion",
359,HOB-036,Crochet a Plushie,Craft / maker hobby,23.4,5,3,3,3,4,Pick yarn (color/texture RNG) → crochet rhythm minigame (stitch timing) → stuff and assemble → plushie gets random personality → sell or keep on shelf,Plushies wander your plot and interact; other players can 'adopt' (buy) them; rare 'fuzzy' yarn,Amigurumi / crochet TikTok (crochet plush sellers),Jellycat revenue £333M (+66%) in 2024; 20M posts under #jellycathaul (CNBC Oct 2025; Fortune Feb 2025) (plush demand context),unchecked,"Rare yarn pack, auto-stitcher, shelf expansion",
360,HOB-048,Carve a Pumpkin,Craft / maker hobby,23.4,3,3,4,4,5,Pick pumpkin → carve design with knife tool (freehand) → candle light-up reveal → porch display,Neighborhood porch walk at night: trick-or-treaters (players) vote by lighting; smashing hazard from 'pranksters',Halloween jack-o-lantern carving contests,none (seasonal: October),unchecked,"Glow candles, pumpkin sizes, smash insurance",PTY-101
361,HOB-051,Fold a Thousand Cranes,Craft / maker hobby,23.4,5,2,3,4,5,"Fold cranes (swipe-fold sequence) → hang on the server's giant string → server goal 1,000 → wish event for all",100-player co-op server goal with a wish reward; rare foil paper RNG; top folders listed on string,"Senbazuru (1,000 origami cranes wish) + origami folding videos",none,Build the Pyramid! 100-player co-op goal 4.3K CCU / 1.1M visits (market scout Sep 2026),"Fold speed, foil paper, wish ticket",
362,HOB-073,Race in a Mascot Suit,Unusual job,23.4,5,2,3,4,5,Suit up in a giant mascot costume → wobbling ragdoll race around the stadium warning track → spectators bet coins on runners before each race,"Costume physics (big heads tip over) makes every race a clip; spectators earn by betting, runners by winning — two ways to play",Ballpark mascot races (sausage race),none,unchecked,"Costume skins, speed shoes",
363,HOB-118,Fix a Plush,Hobby sport / party / misc,23.4,5,3,3,3,4,"Loved-to-death plush arrives (torn, stained, missing eye) → wash, stitch, restuff, replace parts → owner NPC reaction → tips",Emotional reveal + showoff: fixed plushies can be adopted; rare vintage plush brands,Toy/plush hospital restoration videos; Jellycat & plush craze,Jellycat revenue £333M (+66%) in 2024; 20M posts under #jellycathaul (CNBC Oct 2025; Fortune Feb 2025),unchecked,"Deluxe stuffing, fabric packs",
364,HOB-125,Blow Giant Bubbles,Hobby sport / party / misc,23.4,5,2,3,4,5,Dip a big wand → move slowly to shape a giant bubble (physics) → release → size scores,Trap other players inside bubbles; rare iridescent bubble mix,Giant-bubble street performers,none,unchecked,"Wand sizes, bubble mix",
365,MSH-002,Scrub Before Dawn,Format mashup: cleaning ASMR (Wash The House) x survive-the-night co-op (99 Nights),23.4,3,4,4,4,4,"Day: 4 friends scrub a cabin with sponges/pressure washers (ASMR) -> dusk: count dirty % -> night: hide/survive a monster whose speed = leftover dirt -> dawn: bigger, dirtier cabin","Twist: the grime IS the monster's scent trail: every dirty tile left at nightfall speeds up the creature hunting your team, so cleaning is your defense",Parents: cleaning ASMR (Wash The House) x survive-the-night co-op (99 Nights). Haunted cleaning is a known momentum format; the dirt-as-scent rule is the mechanical twist.,"Wash The House ~12M visits (Rolimons, 2026) & 31.5K CCU; Dig & Clean ~27.8K CCU Aug 7 2026 (robolibrary); Clean a House 66M visits (The Bloxline); 99 Nights in the Forest 259.5K CCU Sep 27 2026, 48h peak 1.55M on Sep 26 update (market scout/Rolimons, 2026-09-27)","Wash The House 31.5K CCU, Dig & Clean ~26-28K CCU, Clean a House 66M visits (2026); haunted cleaning is a crowding solo-dev format (market scout)",Auto-scrubber gamepass; Revive a friend at night; Lantern of calm (slows monster),
366,MSH-018,Stock a Lost & Found,Format mashup: cozy search roguelite x collect -> passive income -> rebirth,23.4,3,4,4,4,4,Search a cozy pile -> find item -> fill a player request or shelve it -> shop earns while offline -> rebirth to bigger piles,"Twist: other players' shops post requests ('need a red umbrella'), you search piles to fulfill them for a tip, while your own shop sells passively",Parents: cozy search roguelite x collect -> passive income -> rebirth. Search loop gets a reason to exist beyond time trials: player bounties.,"Search For The Needle (cozy search roguelite) 66.2M visits, 22.5K CCU (Rolimons/market scout, Sep 23 2026)","Search For The Needle 22.5K CCU + ~14 clones in 48h (market scout, Sep 2026)",Magnet glove; Shop slot pass; Request board priority,
367,MSH-024,Roll a Mythic Mess,Format mashup: RNG aura rolls x cleaning ASMR,23.4,3,3,4,4,5,Roll a room -> clean it (ASMR) -> earn residue -> show off rare mess trophies,Twist: the MESS is rolled: each new room rolls a grime type with rarity (common dust to 1-in-1M cosmic goo); rarer messes pay more and leave collectible residue,Parents: RNG aura rolls x cleaning ASMR. RNG hook on cleaning; weaker social lever.,"Sol's RNG 2.1B+ visits (Roblox Fandom/BloxGuidesGG, Aug 2026); Wash The House ~12M visits (Rolimons, 2026) & 31.5K CCU; Dig & Clean ~27.8K CCU Aug 7 2026 (robolibrary); Clean a House 66M visits (The Bloxline)","Wash The House 31.5K CCU, Dig & Clean ~26-28K CCU, Clean a House 66M visits (2026)",Luck soap; Auto-clean bot; Mess vault,
368,MSH-066,Sprout a Fighter,Format mashup: plant-and-wait garden (Grow a Garden) x roll-to-fight auto-battler,23.4,3,4,4,4,4,Plant seed -> wait/water -> harvest fighter -> auto-battle -> mutation weather events,Twist: seeds grow into plant fighters in real time; you can fight early with an unripe (weak) fighter or wait for full power,Parents: plant-and-wait garden (Grow a Garden) x roll-to-fight auto-battler. Borrow plant-wait timing without being Grow a X 2.,"Grow a Garden 35.3B visits, 22.3M peak CCU Aug 2025 (Wikipedia, May 2026); Ball VS Ball (roll-to-fight + gem rerolls) launched Aug 12 2026, 41.2M visits, ~14.7K CCU (Rolimons/allthings.how, Sep 2026)",garden games saturated; Grow a Garden 2 collapsed (market scout),Growth sprinkler; Seed luck; Garden slots,
369,MSH-078,Fish a Fighter,Format mashup: fishing sim (Fish It) x roll-to-fight auto-battler,23.4,3,4,4,4,4,Cast -> reel minigame -> fish joins roster -> tank battle -> better rod/bait,Twist: every fish you catch is a fighter with stats set by size/mutation; fish battle in a tank arena vs other anglers,Parents: fishing sim (Fish It) x roll-to-fight auto-battler. Fishing with a combat twist; lane is busy.,"Fish It 129.8K CCU Sep 2026; Fish It rose 186K->389K CCU Sept->Oct 2025 (market scout); Ball VS Ball (roll-to-fight + gem rerolls) launched Aug 12 2026, 41.2M visits, ~14.7K CCU (Rolimons/allthings.how, Sep 2026)",Fish It 129.8K CCU; fishing lane crowded,Luck bait; Arena pass; Tank decorations,
370,PTY-002,Find the Traitors,Party / TV game show,23.4,3,5,4,4,3,Castle round: co-op missions add gold to a shared pot; at night hidden Traitors 'murder' one Faithful; at the Round Table everyone banishes one suspect and their role is revealed,Shared prize pot is the core tension (Traitors take the pot if they survive); shields won in missions; personality bots fill seats so 4 humans can play; collect cloaks and castle rooms between games,The Traitors (BBC/Peacock),"The Traitors US S4: 8.1B minutes viewed, 181M social video views (Peacock/TheWrap, 2026); UK S4 finale 9.4M live (Deadline, Jan 2026); NBC 'New Blood' big premiere (RealityTea, Sep 25 2026)","Traitor Town (TTT-style, small); MAFIA and Night of the Werewolf (14.3M visits, Fandom Jan 2025) adjacent; MM2 dominates social deduction (RoWatcher 2026)",Guaranteed-Traitor role token; one shield per game (capped); cloak cosmetics,
371,PTY-099,Win the Class Election,Party / social deduction,23.4,5,3,4,3,4,"Candidates campaign: hang posters, give speeches (emote combos), hand out candy; rivals can rip posters; the class votes",Campaign sabotage and persuasion; bots are voters swayed by campaign actions; poster designs collection,School class-president elections,none,unchecked,Poster designs; candy boxes; podium effects,
372,PVP-029,Raid in Kabaddi,team PvP sport,23.4,5,3,3,4,4,"Raider crosses into enemy half holding breath (hold a button), tags defenders and must get back before breath runs out; defenders tackle",Breath meter + tag-and-escape; huge untapped South Asian audience,"Kabaddi (Pro Kabaddi League, huge in India)",none,unchecked,Breath-meter skins; Team jerseys; Raider-first priority,
373,PVP-035,Play Human Foosball,team PvP sport,23.4,5,2,3,4,5,Players are locked onto horizontal rails and can only slide sideways and kick; 5v5 into goals,"The constraint is the fun - no running, pure timing and teamwork",Human foosball (inflatable fairs and corporate events),none,unchecked,Rail position priority; Team kit packs; Golden ball,
374,PVP-087,Herd the Sheep,asymmetric creature,23.4,5,2,3,4,5,One sheepdog player must pen 12 sheep players within 2 minutes; sheep try to scatter,Trolling as the sheep is the fun; dog has bark-push,Sheepdog trials and sheep chaos clips,none,unchecked,Dog role priority; Wool skins; Bark upgrades,
375,SSN-010,Find the Real Monster,Seasonal-Halloween,23.4,3,4,4,4,4,Everyone wears a monster costume at a party; 1–2 are real monsters who 'feed' during blackouts; survivors vote to unmask,Costume choice is your disguise; monsters must copy party chores to blend; evergreen as masquerade,Costume parties; Halloween 2026 on a Saturday,Halloween 2026 falls on a Saturday → more parties/costumes (PrintKK Halloween trends 2026),MM2 (Aug 2025 record 1.35M CCU per market scout) dominates murder lane,Costume packs; monster role chance; extra vote,
376,SSN-017,Adopt a Ghost,Seasonal-Halloween,23.4,3,4,5,4,4,Catch ghost pets at night; they generate coins; send ghosts to haunt other players' plots to swipe coins; defend with salt lines,Pet sim with haunting raids and phasing rarities; evergreen,Pet collection + haunting,none,Pet-hatch sims saturated; haunting twist unchecked,Ghost bait; salt line pass; rare ghost egg,
377,SSN-036,Knock Back the Pattern,Original Monster / Urban Legend,23.4,5,2,3,4,5,Mr. Knock taps a rhythm on a random door; the nearest player must knock back the exact pattern or he enters; patterns lengthen,Simon-says memory under pressure; rhythm without FNF-style music,Original legend 'Mr. Knock',none,unchecked,Pattern hint; door lock; skins,
378,SSN-088,Outrun the Lamp Lady,Original Monster / Urban Legend,23.4,5,2,3,4,5,Run lamp to lamp across town; she moves only in darkness; fix broken lamps to create safe routes,Light-hopping chase with repairable routes,Original legend: a thing living in the dark between streetlights,none,unchecked,Lamp repair kit; sprint shoes; skins,
379,SSN-102,Keep the Hayride Rolling,Seasonal-Halloween,23.4,3,4,4,4,4,"A tractor pulls the wagon through a haunted farm and must never stop; 6 players refuel, fix wheels and fend off scarecrows; 10-min run",Dead Rails-lite in short Halloween sessions,Haunted hayrides; Dead Rails,Dead Rails breakout survival-on-rails hit (GameAnalytics case study 'How Dead Rails became a Roblox hit'),Dead Rails owns on-rails survival,Tractor upgrades; weapons; revive,
380,SSN-119,Tag the Ghost,Seasonal-Halloween,23.4,3,3,4,5,5,Tagged players become invisible ghosts who tag by passing through others; last visible player wins,Tag that flips visibility,Ghost tag playground games,none,Tag games common,Ghost trails; speed charm; skins,
381,SSN-130,Slice the Pie Fairly,Seasonal-Thanksgiving,23.4,5,2,3,4,5,One player slices a pie; others choose slices in order; slicer gets the last piece; RNG toppings hide in slices,Cut-and-choose greed game,"'I cut, you choose' fair-division",none,unchecked,Knife skins; topping luck; pie flavors,
382,TRD-022,Win the Toy Store Sprint,party/pvp,23.4,3,3,4,5,5,"60 seconds in a toy store: grab boxes into your cart, carts collide, the most expensive cart wins",Cart-to-cart ramming and knocking boxes out of rivals' carts,Black Friday/toy restock rush videos,none,unchecked,Bigger cart (49R); Turbo wheels (35R); Shield cart (25R),
383,TRD-029,Wave Bye in the Tornado,survival/meme,23.4,3,3,4,4,5,Be a squirrel in a spinning tornado; grab flying debris to stay airborne and dodge cars; last squirrel waving wins,Wave emote mid-air pauses you for a clip bonus but risks getting hit,Superman tornado squirrel 'waving bye' meme (Aug 2026),"'Squirrel Waving Bye' / Superman tornado squirrel meme surged late Aug 2026 (NapoleonCat trending memes, Sep 2026)",Natural-disaster survival games are an old occupied lane (unchecked),Acorn shield (15R); Tornado skins (35R); Glide tail (49R),
384,TRD-047,Grow the Perfect Strawberry,food/grading,23.4,3,4,4,4,4,"Pollinate, thin and shade one plant at a time to raise a single perfect berry; grade it; auction it to players","Quality over quantity: one berry a day, graded A-SSS; the day's best berry sells at a live server auction",Japanese luxury strawberries trend,"Japanese strawberries: 23M+ posts, +28% YoY (Tastewise viral food trends 2026)",Grow-style farming is saturated (Grow a Garden family); luxury single-crop unchecked,Greenhouse light (49R); Pollinator bee (35R); Auction feature (25R),
385,TRD-064,Throw the First Pitch,party/sports,23.4,5,2,3,4,5,Take the ceremonial mound with wobbly controls and nerves meter; crowd rates you,Nerves rise with crowd size; fails get replayed on the jumbotron,Celebrity bad first-pitch fails,none,unchecked,Calm pill (15R); Jersey pack (35R),
386,TRD-065,Stack Speed Cups,skill/sports,23.4,5,2,3,4,5,Build and collapse cup pyramids in patterns against a timer; race others side by side,Tight skill loop; world-record board per pattern,Sport stacking videos,none,unchecked,Pro cups (25R); Pattern pack (35R),
387,TRD-075,Start a Cafeteria Food Fight,pvp/school,23.4,3,3,4,5,5,Grab food from trays and throw; splat meter; teams hide behind tables; janitor event ends round,"Food types have physics (jello bounces, spaghetti sticks)",Cafeteria food fight tropes,none,unchecked,Food cannon (49R); Tray shield (25R),
388,TRD-078,Jump Double Dutch,coop/school,23.4,5,2,3,4,5,Two turners and a jumper keep rhythm; tricks add points; swap roles,"Three-player sync co-op, clip-friendly fails",Double dutch jump rope,none,unchecked,Rope skins (25R),
389,TRD-086,Resurface the Ice Rink,satisfying/job,23.4,5,2,3,3,5,Drive the ice resurfacer in perfect lines between hockey periods; any gap = bumpy ice,"Skaters (players) crash on your mistakes, clip moment",Zamboni satisfying clips,#oddlysatisfying has 69.8B TikTok views; pressure-washing creators with 800K+ followers get millions of views (IZEA; Yahoo Style 2025),unchecked,Zamboni skins (35R); Turbo (25R),
390,TRD-093,Operate the Tower Crane,skill/job,23.4,5,3,3,4,4,Lift steel beams to builders (players) in wind; precision placements build a skyscraper,Co-op with builders; crane mistakes drop beams on people,Tower crane POV videos,none,unchecked,Stabilizer (35R); Cab skins (25R),
391,TRD-102,Copy the Dance Trend,party/dance,23.4,3,4,4,4,4,A dance is shown as moves; match the poses on beat with keys; crowd rates your copy,Trend rotates weekly; group version where 4 players must sync,Chiki Sha and viral TikTok dance challenges,Shoe-kick outfit-transition and Chiki Sha dance listed among 2026 TikTok trends (Clipchamp blog 2026),Dance/rhythm lanes partly occupied (unchecked),Dance pack (35R); Spotlight (15R),
392,TRD-114,Hide from the Robot Vacuum,asymmetric/hide,23.4,3,3,4,5,5,Tiny players hide in a giant living room; one player drives the robot vacuum that sucks them up,Map is a real house at giant scale; vacuum gets upgrades,Cat-on-Roomba and robot vacuum videos,none,Hide-and-seek lane crowded (unchecked),Vacuum role (25R); Tiny cloak (35R),
393,WEB-005,Knit a Giant Sweater,Mobile puzzle hit (hybrid-casual),23.4,5,3,3,3,4,Pull yarn loops off spools in the right order to fill color rows of a knitting pattern,Server co-op: everyone's finished rows stitch into one giant sweater worn by a lobby statue; your rows carry your name; seasonal sweater themes,Yarn Loop / wool-sort puzzles ($22M 2026),"Gamigion 2026 top-grossing hybridcasual puzzles: Screwdom $45.8M, Color Block Jam $44.1M, Yarn Loop $22.3M, Marble Sort (Voodoo) $16.4M",unchecked,Auto-sort spool 15R; Rare glitter yarn 25R,
394,WEB-042,Gather the Crowd,io / hybrid-casual,23.4,3,4,4,5,4,Run through the city recruiting idle people; bigger crowd absorbs smaller crowds,Crowds are real NPC mobs; clashes resolve by size; players' crowds wear their avatar's outfit,Crowd City (Voodoo),none,unchecked,Start with +20 followers 15R; Recruit speed 10R,
395,WEB-055,Snipe from the Rooftop,Poki hit,23.4,3,3,4,5,5,"Two ragdoll snipers on a rooftop; one button jumps, one shoots; knock the other off","Winner-stays arena with queue; roofs are RNG (ice, trampoline, windmill); hat collection drops",Rooftop Snipers (2-button duel),none,unchecked,Hat crate; Queue skip 5R,
396,HOB-102,Fight Kites,Outdoor / nature hobby,23.2,5,2,4,4,4,Fly your kite in a crowded sky → steer to cross strings with opponents → sawing tug decides who gets cut → chase and collect fallen kites,Free-for-all sky PvP; glass-coated string upgrades; rare kite designs from caught kites,Patang (kite fighting) festivals,none,unchecked,"String upgrades, kite skins",
397,MSH-017,Relay the Torch,Format mashup: incremental runner x 100-player server goal,23.2,5,2,3,4,4,Wait at your checkpoint -> sprint your leg -> hand off -> spend coins on speed -> server record board,"Twist: the server carries ONE torch around a huge world; each player can only carry it for one leg before handing it off, and the server chases a global distance record",Parents: incremental runner x 100-player server goal. Novel handoff co-op; demand proof weak so D is low.,"Build the Pyramid! 100-player server-goal co-op 4.3K CCU / 1.1M visits (market scout, Sep 2026)",unchecked,Personal leg-speed boost; Torch flame skins; Checkpoint teleport,
398,MSH-063,Knit the Giant Scarf,Format mashup: 100-player server goal x cozy crafting ASMR,23.2,5,2,3,4,4,Knit rows (ASMR clicks) -> choose colors -> contribute -> scarf reaches next continent,"Twist: the whole server knits one scarf around the planet; each player knits rows with pattern choices, and the scarf shows every player's section",Parents: 100-player server goal x cozy crafting ASMR. Very cozy; weak demand proof.,"Build the Pyramid! 100-player server-goal co-op 4.3K CCU / 1.1M visits (market scout, Sep 2026)",unchecked,Golden yarn; Speed needles; Pattern packs,
399,MSH-095,Roll the Hunter,Format mashup: RNG aura rolls x asymmetric 1vX (Forsaken),23.2,3,4,4,5,3,Queue -> hunter rolls a monster -> 1v7 round -> survivors earn coins -> collect hunter dex,"Twist: the hunter player does not pick a killer: they roll one with rarity each round (common scarecrow to 1-in-10K mythic), so survivors react to a surprise every match",Parents: RNG aura rolls x asymmetric 1vX (Forsaken). Surprise per round; asymmetric lane is contested and needs several monsters.,"Sol's RNG 2.1B+ visits (Roblox Fandom/BloxGuidesGG, Aug 2026); Forsaken 8v1 asymmetric: ~5.4B visits, ~82-91K CCU (Forsaken Hub/GGAID, 2026)","Forsaken ~82-91K CCU, 5.4B visits (2026); asymmetric lane occupied",Hunter luck potion; Survivor revive; Monster skins,
400,PTY-121,Photobomb the Photo,Party / friend-troll,23.2,5,2,4,4,4,Photographers try to take clean shots of landmarks; photobombers sneak into frame with poses; points per photo,Asymmetric roles and hilarious final photo album; pose collection; bots as tourists,Photobombing,none,unchecked,Pose packs; camera filters; role pick,
401,PVP-021,Crowd Surf to the Stage,social PvP,23.2,5,2,4,4,4,One surfer rides a crowd of players; crowd passes them forward (co-op) or secretly drops them (troll); surfers score by distance,Players are the physics surface; social betrayal as a mechanic,Concert crowd-surfing clips,none,unchecked,Surfer priority queue; Glowstick cosmetic pack; Headliner stage skin,
402,PVP-027,Carry Your Partner,co-op race,23.2,5,2,4,4,4,"Pairs: one carries the other (fireman/Estonian carry) through water pits, log hurdles; rider can kick rival carriers",Two-player co-op race with rider-sabotage; loss clips when pairs faceplant,Wife-carrying championship (Finland) viral clips,none,unchecked,Carry-style emotes; Partner-match priority; Trophy of partner's weight in cheese,
403,PVP-028,Slide a Friend,co-op PvP sport,23.2,5,2,4,4,4,"Curling where the stone is your teammate: push them down the ice, sweep in front to steer; knock enemy 'stones' (players) off the house",Human stones can wiggle slightly - both skill and slapstick; 4v4 short ends,Human-curling office/ice-rink clips,none,unchecked,Broom skins; Belly-slide suit (less friction); Team emblem,
404,PVP-036,Grab the Balls as Hungry Hippos,team PvP party,23.2,5,2,4,4,4,Teammate pushes you on a scooter into a center pile; you scoop balls with a basket and get yanked back; most balls wins,Two-role co-op: pusher vs grabber; slam-collisions in the middle,Human Hungry Hippos (player on scooter pushes a basket),none,unchecked,Hippo costumes; Bigger basket; Rocket scooter,
405,PVP-041,Win the Pumpkin Regatta,seasonal race,23.2,5,2,4,4,4,"Carve out a giant pumpkin, paddle it across a lake; ram and splash rivals; pumpkins take damage and sink","October-timed; pumpkin size/grow meta, damage model = sinking race","Giant-pumpkin boat regattas (Oct festivals, US/Canada)",none,unchecked,Motor-pumpkin; Patch kit revive; Jack-o-lantern face designs,
406,PVP-063,Topple the Dominoes,build battle,23.2,5,2,4,4,4,60s to build a domino line from your castle to the rival's; start the chain; first to knock their king piece wins; you may flick one enemy domino,Satisfying physics chain + sabotage; ASMR clack sounds,Domino-run YouTube (Hevesh5 style) and satisfying topple clips,none,unchecked,"Special dominoes (bridge, rocket); Replay slow-mo; Domino skins",PTY-119 HOB-103
407,PVP-077,Fight as a Crab,creature PvP,23.2,5,2,4,4,4,"King of the Rock: crabs walk sideways only, pinch and flip rivals off a tide-pool rock; molt to grow bigger claws",Sideways-only controls are funny and skillful; molting = rebirth,Crab-fight clips and 'everything becomes crab' meme,none,unchecked,Shell skins; Molt accelerator; Golden claw,
408,PVP-108,Photograph the Celebrity,asymmetric party,23.2,5,2,4,4,4,One celebrity player hides face with hats/shades in a city; paparazzi players hunt for a clear photo; photos judged for clarity,Photo-hunt with a human target; celebrity uses decoys and crowds,Paparazzi clips,none,unchecked,Celebrity role priority; Disguise kit; Camera lenses,
409,RES-021,Trash the Nap,research-sourced,23.2,3,3,4,5,4,"Co-op sneak: stage props around a sleeping NPC, flash photo",Photo scored for chaos; NPC wakes if loud; RNG props,TikTok 'Right Round Hangover' prank (Sept 2026),Sept 2026 TikTok trend list (newengen),Don't Wake Dad nearby,,
410,SSN-028,Follow the Footprints,Co-op Survival,23.2,5,2,4,4,4,Cross a snowy forest to reach cabins; a creature follows footprints; step inside others' prints to hide your trail; fresh snowfall erases tracks,Your trail is the danger — group walks single-file; converts to mud/sand maps after winter,Snow tracking; winter horror,none,unchecked,Snowshoes (lighter prints); flare; skins,
411,SSN-034,Share the Senses,Co-op Horror,23.2,5,3,4,4,3,"Each floor assigns roles: Eyes (sees, slow), Ears (hears monster direction, blind), Hands (fast, blind); swap roles per floor",Nobody has the full picture — communication is the game,Asymmetric co-op (Keep Talking),none,unchecked,Role reroll; floor skip; outfits,
412,SSN-038,Dig Out the Buried,Co-op Survival,23.2,5,2,4,4,4,"Climb a mountain; an avalanche every 3 min buries random players; others use beacon, probe and shovel to dig them out before air runs out",Rescue-as-gameplay; everyone gets saved or saves someone each round,Avalanche rescue (beacon/probe/shovel),none,unchecked,Better beacon; air tank; gear skins,
413,SSN-077,Dance a Lion,Seasonal-Other,23.2,5,2,4,4,4,Two players share one lion (head and tail) and must coordinate jumps across poles to reach red envelopes (RNG rewards),Two-player shared-body co-op,Lunar New Year lion dance,none,unchecked,Lion skins; envelope luck; drum pack,
414,SSN-092,Survive the Snow Angels,Original Monster / Urban Legend,23.2,5,2,4,4,4,Make snow angels at dusk for points; at night each angel rises and hunts; more angels = more points and more enemies,Greed creates your own threat,Original winter legend,none,unchecked,Warm gear; angel ward; skins,
415,SSN-124,Shake the Snow Globe,Seasonal-Christmas/Winter,23.2,5,2,4,4,4,Live inside a snow globe; a giant shakes it every 2 minutes; survive the physics chaos and stack loot,Physics chaos arena; evergreen,Snow globe decor,none,unchecked,Anchor boots; globe themes; loot boost,
416,HOB-078,Serve Hot Sauce Challenge,Unusual job,23.0,4,3,3,4,5,Contestants eat wings of increasing heat → hold on reaction meter → last one standing wins,Endurance PvP with funny reactions; spice RNG; crowd votes funniest reaction,Hot Ones interview spice ladder,none,unchecked,"Milk items, hotter sauces",
417,MSH-051,Pick an Heir,Format mashup: collect -> passive income -> rebirth x breeding genetics (Mewgenics),23.0,5,2,4,4,3,Grind a life's income -> pick a co-parent friend -> rebirth into a child with mixed perks -> build a family tree,"Twist: rebirth is generational: your character retires and you play as their kid, whose perks mix your genes with a co-parent friend's character",Parents: collect -> passive income -> rebirth x breeding genetics (Mewgenics). Makes rebirth a social decision; demand not proven on Roblox.,"Mewgenics (breeding x tactics roguelite) 1M sold in 7 days (Game Informer, 2026-02-17)",unchecked,Extra heir choices; Family crest; Perk reroll,
418,PTY-008,Open the Right Box,Party / TV game show,23.0,4,3,4,3,5,One contestant picks boxes; the boxes are HELD BY PLAYERS who secretly know their value and bluff with emotes; a player Banker makes point offers,"Players are the boxes, turning a solo luck show into a bluffing social game; no Robux wagered, values are points toward a trophy shelf; bots hold unused boxes",Deal or No Deal (non-gambling) + bluffing,none,unchecked,Be-the-Banker pass; box skins; double-points round,
419,PTY-036,Pick the Smaller Side,Party / TV game show,23.0,4,3,3,4,5,A yes/no question appears; 100 players run to side A or B; the MINORITY survives; repeat until 2 remain,"Reversed majority makes Would-You-Rather strategic: bluff in chat, fake-run, switch late; bots add noise; collect streak badges",Liar Game / 'minority game' puzzle,none,Would You Rather..? games exist (SL Studios) but majority/no-stakes,Late-switch token; trail cosmetics; revive,
420,PTY-044,Grab a Spoon,Party / board & card massified,23.0,4,3,3,4,5,30 players pass cards around a giant table; when anyone gets 4 of a kind they grab a spoon; one fewer spoon than players; last without a spoon is out,Card passing plus a sudden scramble; fake-reach bluffs; bots pass cards; collect spoon skins and table themes,Spoons card game (sleepover classic),none,unchecked (musical-chairs lane occupied by 50 Chairs / 100 Players Musical Chairs),Spoon skins; card peek; revive,
421,PTY-054,Guess the Code Words,Party / board & card massified,23.0,4,4,3,4,4,"Two teams, a 5x5 word grid; each team's spymaster gives a one-word clue plus number; teammates walk onto tiles to guess; avoid the assassin tile",Guessers physically step on word tiles (group debate on the floor); clue input via word-list autocomplete for moderation; bot spymaster for small lobbies; word packs,Codenames (Czech Games),none,unchecked,Word packs; spymaster pass; tile skins,
422,PTY-068,Win Four Square,Party / playground game,23.0,4,3,3,4,5,Four squares; bounce a ball into others' squares; mess up and go to the back of the line; climb to King square,"King can call special rules ('around the world', 'bus stop'); queue of up to 20; bots in squares; rule-card collection",Four Square (playground classic),none,unchecked,Ball skins; King crown; rule cards,
423,PTY-071,Jump the Big Rope,Party / playground game,23.0,4,3,3,4,5,Two turners swing a giant rope while players jump in on the beat; misses knock you out; speed ramps; double-rope mode,Turners can be players who troll by changing tempo; chants and tricks; bots turn; rope and trick unlocks,Double Dutch / long jump rope,none,unchecked,Trick packs; rope skins; extra life,
424,PTY-072,Call Marco Polo,Party / playground game,23.0,4,3,3,4,5,"Seeker's screen goes dark; when they shout 'Marco', every swimmer's position pings as 'Polo' sound; seeker tags by sound","Real 3D audio as the core; swimmers use dive, splash decoys; bots swim; pool themes",Marco Polo (pool game),none,"unchecked (hide-and-seek lane huge: Hide and Seek Extreme 3.38B visits, Jun 2026)",Decoy splash; pool themes; seeker pass,
425,PTY-096,Blend In as the Spy,Party / social deduction,23.0,4,4,3,4,4,"Everyone is dropped into the same 3D location (hospital, bakery) with role cards; the spy sees a DIFFERENT location and must copy others' actions; vote the spy or spy guesses location","Physical Spyfall: actions (sit in the chair, grab a scalpel) are clues; bots act by role; location pack collection",Spyfall / 'imposter word' TikTok game,none,unchecked,Spy pass; location packs; disguise skins,
426,PTY-123,Guide the Blindfolded,Party / friend-troll,23.0,4,3,3,4,5,One player is blindfolded (screen black) and spun; partner gives arrow/voice directions to reach a goal; partner can lie for bonus troll points,Trust vs trolling; bots guide; courses and blindfold skins,Blindfold challenges / pin the tail,none,unchecked,Blindfold skins; course packs; honesty badge,
427,WEB-006,Sort the Rolling Marbles,Mobile puzzle hit (hybrid-casual),23.0,4,4,3,3,4,Tip tubes so physics marbles roll into matching tubes; full tube pops for points,Real physics: marbles bounce and spill; 4-player race where your spills roll down a shared ramp into rivals' tubes and wreck their sort,"Marble Sort! (Voodoo, $16M 2026)","Gamigion 2026 top-grossing hybridcasual puzzles: Screwdom $45.8M, Color Block Jam $44.1M, Yarn Loop $22.3M, Marble Sort (Voodoo) $16.4M",unchecked,Lid (stop spills 30s) 15R; Extra tube 20R,
428,WEB-012,Grab the Triple,Mobile puzzle hit,23.0,4,4,3,4,4,Pick 3D items out of a heap into a 7-slot bar; three alike vanish; clear the pile,"Shared heap for 6 players: everyone grabs from the same pile at once, sniping items rivals need; slot overflow = out",Match Factory! / triple-match 3D pile puzzles,none,unchecked,Extra slot 20R; Magnet (pulls a triple) 15R,
429,WEB-110,Test Your Reflexes,Viral web tool,23.0,4,3,3,4,5,"Reaction time, number memory, aim trainer, chimp test",Live leagues: 20 players take the same test; rank badges on nameplate; daily 'brain age',"Human Benchmark (reaction time, aim, memory)",none,unchecked,Retry token 5R; Badge frames,
430,HOB-112,Build a Gingerbread House,Hobby sport / party / misc,22.8,4,3,3,4,4,Assemble walls with icing (hold still while it sets) → roof → candy decorating → structure shake test → display,Collapse physics clips; neighbor voting; December seasonal,Holiday gingerbread house contests / collapse fails,none (seasonal: December),unchecked,"Candy packs, royal icing",
431,MSH-011,Pack for the Night,Format mashup: inventory auto-battler (Backpack Battles) x survive-the-night co-op (99 Nights),22.8,4,4,3,4,3,Day: scavenge camp -> pack your grid (shapes rotate) -> night: items trigger automatically while you run/hide -> keep what survives,"Twist: you can only take what fits your grid backpack into each night; adjacent items combo (lantern next to oil = brighter), so packing is the strategy",Parents: inventory auto-battler (Backpack Battles) x survive-the-night co-op (99 Nights). Backpack puzzle is proven on Steam; survival nights give Roblox co-play.,"Backpack Battles ~500K Steam owners, 92% positive (SteamSpy/Steam, Sep 2026); 99 Nights in the Forest 259.5K CCU Sep 27 2026, 48h peak 1.55M on Sep 26 update (market scout/Rolimons, 2026-09-27)",99 Nights in the Forest 259.5K CCU (Sep 27 2026) + many 99N-likes (unverified count),Bigger backpack pass; Rare item crate; Revive totem,
432,MSH-022,Race to Rebirth,Format mashup: collect -> passive income -> rebirth x 20-player PvP race,22.8,4,3,4,4,4,"Tap/collect -> buy generators fast -> tax the leader -> rebirth -> match ends, keep cosmetic trophies","Twist: a whole simulator compressed into a 15-minute match; first to rebirth 3 times wins, and anyone can pay coins to tax the leader",Parents: collect -> passive income -> rebirth x 20-player PvP race. Removes the endless grind; social tax adds catch-up friction.,none,timed simulator races unchecked,Head-start pass; Tax shield; Trophy case,
433,MSH-055,Break Your Rival's Bricks,Format mashup: brick-breaker (Ball x Pit) x 1v1 PvP duel,22.8,4,3,3,4,4,Aim balls -> break bricks -> send garbage -> upgrade ball types -> climb ladder,Twist: two players face off with a shared ball field; bricks you break on your side get SENT to the opponent as garbage rows,Parents: brick-breaker (Ball x Pit) x 1v1 PvP duel. Puzzle-garbage PvP on a proven brick-breaker boom.,"Ball x Pit (brick-breaker x survivors mashup by a solo dev) 2M sales (Push Square, Aug 2026)",unchecked,Ball type crate; Extra lives; Ball trails,
434,MSH-056,Pack the Moving Truck,Format mashup: inventory grid puzzle (Backpack Battles) x co-op moving (Moving Out),22.8,4,3,3,4,4,Carry sofa with a friend -> rotate into truck -> fragile items break if stacked wrong -> tip rating -> bigger houses,"Twist: 4 friends carry furniture from a house into ONE truck grid; every item has a shape and fragility, and the timer is short",Parents: inventory grid puzzle (Backpack Battles) x co-op moving (Moving Out). Physical co-op packing; less RNG so lower P.,"Backpack Battles ~500K Steam owners, 92% positive (SteamSpy/Steam, Sep 2026)",unchecked,Dolly pass; Bigger truck; Bubble wrap,TRD-126
435,PTY-038,Drop In Connect Four,Party / board & card massified,22.8,4,2,4,4,5,Two teams of up to 20 players physically jump into giant columns - YOU are the disc; connect four teammates in a row,Players as pieces makes coordination and blocking social and chaotic; bots are discs when few players; disc skins,Connect Four,none,unchecked,Disc skins; column-hold power; private match,
436,PTY-046,Pull the Block,Party / board & card massified,22.8,4,3,4,4,4,A giant tower with 20 players standing ON TOP; others take turns pulling blocks; whoever makes it fall loses and the riders who survive score,Riders on top turn Jenga into a physics survival party; riders can shift weight to sabotage pullers; bots pull; block material skins,Jenga,none,"Stack the Tower (existing list) is stacking, not pulling; unchecked",Block materials; steady-hand buff; revive,
437,PTY-058,Slam the Pogs,Party / board & card massified,22.8,4,2,4,3,5,"Stack pogs, slam with a slammer; flipped face-up pogs score points; tournaments",Collecting 1000s of pog designs (players can submit designs); no keepsies - you play with copies; bots; slam physics,POGs 90s craze / nostalgia wave,"none (indirect: 2026 nostalgia wave, Forbes Jan 18 2026)",unchecked,Slammer skins; pog packs; stack boost,
438,PTY-090,Build a Pillow Fort,Party / sleepover game,22.8,4,3,4,4,4,"Team builds a fort from pillows and blankets in 3 minutes, then pillow-fight raids try to knock the other fort down",Build-then-defend with soft physics; fabric patterns collection; bots raid,Pillow forts / pillow fights,none,unchecked,Pillow patterns; fairy lights; extra pillows,
439,PTY-120,Prank Their House,Party / friend-troll,22.8,4,3,4,4,4,Visit other players' houses while they are away and set harmless pranks; when they return they trigger them and you get a replay of their reaction,Async troll loop with replays; prank item collection; defence traps for your house; bots own empty houses,"Prank videos (sticky notes, cling wrap)",none,unchecked,Prank packs; house alarm; replay export,
440,PTY-126,Fling Your Friend,Party / friend-troll,22.8,4,2,4,4,5,Load your friend into a catapult or slingshot; they steer mid-air to targets; swap roles,Co-op troll physics; launchers upgrade; landing targets collection; bots,Human catapult / trampoline launch videos,none,unchecked,Launcher upgrades; landing effects; target packs,
441,PVP-017,Catch the Bouquet,PvP party,22.8,4,2,4,4,5,"Every 30s a bride NPC throws a bouquet into a crowd of 20; dive, block, trip to catch it; first to 5 catches wins",Ultra-short scramble rounds with dives and pile-ups; throw angles randomised,Wedding bouquet-toss scramble clips,none,unchecked,Dive boost; Tuxedo/dress cosmetics; 'Bride' role pass (you throw it),
442,PVP-019,Win the Doorbuster,PvP party,22.8,4,3,4,4,4,"Doors open at a store, 30 players stampede for 5 hot items; tackle carriers to steal; reach checkout to score","Seasonal (late November) live event format; carriers are slowed, chaos piles up at doors",Black Friday stampede videos,none,unchecked,"Shopping-cart ram; Early-entry VIP (2s head start, cosmetic tier); Receipt showoff board",
443,PVP-025,Throw Tomatoes at La Tomatina,PvP party,22.8,4,2,4,4,5,Town square full of tomato trucks; throw tomatoes; screen and avatar redden with hits; least-red player after 2 min wins,Cleanliness scoreboard instead of HP; splatter clips; limited-time festival week,"La Tomatina festival, Buñol (every August)",none,unchecked,Goggles (clear screen); Tomato bazooka; White outfit (shows splats best),
444,PVP-086,Snatch the Chips,asymmetric creature,22.8,4,2,4,4,5,"Seagull players dive-bomb beachgoers to snatch food; beachgoers swat, cover food, eat fast",Aerial raider vs ground swatter; short beach rounds,Seagull stealing food clips,none,unchecked,Seagull dive upgrade; Umbrella shield; Chips skins,
445,SSN-004,Bob for Apples Royale,Seasonal-Halloween,22.8,4,2,3,4,5,"20 players around a giant tub: dunk to grab apples before breath runs out, shove rivals, golden apple ends the round",Physics party with breath meter and apple rarity; converts to 'dunk tank / pool party' after season,Classic Halloween party game,Halloween 2026 falls on a Saturday → more parties/costumes (PrintKK Halloween trends 2026),unchecked,Bigger lungs pass; apple skins; instant rematch,
446,SSN-012,TP the House,Seasonal-Halloween,22.8,4,3,4,4,4,Team A sneaks up and toilet-papers Team B's house in 3 min while B defends with hoses and porch lights; streamers physically stick to trees,Prank-war PvP with physics streamers; best-decorated house screenshot; evergreen as 'prank war',Mischief Night pranks,none,unchecked,Colored TP; super-roll launcher; hose upgrades,
447,SSN-021,Light the Way Home,Seasonal-Halloween,22.8,4,3,3,4,4,Kids place a limited number of lanterns to make a lit path home; shadow things snatch anyone outside light; candy fuels lanterns,Path-building co-op with a spend-candy-or-stay-safe tension; evergreen 'Lantern Night',Walking home after trick-or-treat,"Roblox Halloween Spotlight Oct 23–Nov 3 2025, 31 games (Roblox Wiki / TheSpike 2025); Fish It 186K→389K CCU Sep→Oct 2025 shows October lift (market scout 2026-09-27)",unchecked,Lantern pack; brighter bulbs; revive,
448,SSN-023,Trap the Werewolf,Seasonal-Halloween,22.8,4,3,4,4,4,Every 8 minutes a full moon turns one random player into a werewolf for 90s; others trap it with silver nets; werewolf scores by tagging,Rotating monster role on a moon clock gives everyone a turn to be the threat,Werewolf full-moon trope,none,unchecked,Werewolf skins; silver net upgrade; moon-pick chance,
449,SSN-033,Ping to See,Co-op Horror,22.8,4,3,4,4,4,"Pitch-black maze: send a sonar ping to see walls for 2s, but the monster hears it; share pings to map the path",Seeing costs safety; team splits pinging duty,Bat echolocation; dark sonar horror,none,unchecked,Ping color skins; silent ping; map scroll,
450,SSN-041,Keep the Lifeboat Afloat,Co-op Survival,22.8,4,3,4,4,4,Lifeboat at night has a weight limit; toss supplies (or vote to toss a player) to stay afloat while a sea monster circles,Weight tension + voting friction; tossed players become sharks,Lifeboat dilemma,none,Raft-style games exist (unchecked),Life vest; extra supplies; boat skins,
451,SSN-048,Babysit Baby Monsters,Cozy-Spooky,22.8,4,3,4,4,4,"Babysit baby vampire, werewolf, slime overnight; each has needs (blood juice, moon time); parents rate you; tips buy upgrades",Co-op cozy chaos; babies interact badly with each other,Babysitting chaos,none,unchecked,Extra babies; nursery upgrades; rare baby,
452,SSN-110,Chase the Gingerbread Man,Seasonal-Christmas/Winter,22.8,4,2,4,4,5,One gingerbread player escapes through town collecting crumbs; 6 bakers chase with rolling pins; roles rotate,1-vs-many chase with a festive tale; evergreen as cookie runner,'Run run as fast as you can' nursery tale,none,unchecked,Gingerbread skins; icing dash; baker gadgets,
453,SSN-114,Hold the Barricade,Co-op Survival,22.8,4,2,3,4,5,Players drag-hold planks against doors/windows as hands push through; stamina swaps between friends; survive till dawn,Physical holding as co-op defense,Hands-through-the-boards horror,"99 Nights in the Forest 259.5K CCU Sep 27 2026, 48h peak 1.55M on Sep 26 (livecounts via market scout 2026-09-27)",unchecked,Stronger planks; stamina drink; skins,
454,SSN-121,Ski Away from the Yeti,Seasonal-Christmas/Winter,22.8,4,3,4,4,4,Ski downhill through trees and jumps; a yeti chases the pack; last skier caught loses; tricks give speed,Chase-race with a classic meme,SkiFree yeti meme,none,unchecked,Ski skins; boost wax; yeti skin,
455,SSN-125,Blend In with the Monsters,Original Monster / Urban Legend,22.8,4,3,4,4,4,"Sneak a human through monster town gathering items; monster NPCs notice human tells (speed, jumping, wrong emote)",Reverse hidden-in-plain-sight vs AI,Disguise stealth,none,unchecked,Disguise kits; tell-hint; skins,
456,STM-006,Find Your Friends in the Valley,Friendslop co-op / hangout,22.8,4,4,3,4,3,"Party of 2-12 spawns scattered across a huge valley with no map; describe landmarks in chat, fire flares, whistle to regroup; puzzles need several players on distant switches at once",Getting lost and re-finding each other IS the game; daily new valley seed; hangout vibe with walkie-talkie range limits,"Big Walk (House House, Aug 2026)","Big Walk (House House, Aug 4 2026) 1M copies in ~6 days, 46K Steam CCU peak, ~3.5M players est. (GameDiscoverCo, Aug 2026)",unchecked,Flare gun ammo; map-scrap reveal; outfit/hat packs,
457,TRD-088,Squeegee a Skyscraper,satisfying/coop,22.8,4,3,3,4,4,"Ride a gondola, squeegee windows in one swipe; wind gusts swing you",Co-op gondola balance; see into funny office scenes,Window washer POV videos,#oddlysatisfying has 69.8B TikTok views; pressure-washing creators with 800K+ followers get millions of views (IZEA; Yahoo Style 2025),unchecked,Anti-wind rig (35R); Gold squeegee (25R),
458,TRD-090,Race Marbles Down the Track,satisfying/creative,22.8,4,4,4,4,3,Build a marble run; enter your marble; server-wide race every 5 minutes; bet points,Tracks are player built and voted into rotation,Marble racing channels (Jelle's Marble Runs),none,unchecked,Marble skin (25R); Track pieces (49R),
459,TRD-095,Clean the Green Pool,satisfying/puzzle,22.8,4,3,3,4,4,"Balance chemicals, scoop leaves, vacuum murk; hidden creatures and junk in the water",Chemistry puzzle with visible water color changes,Green-to-blue pool cleanup videos,#oddlysatisfying has 69.8B TikTok views; pressure-washing creators with 800K+ followers get millions of views (IZEA; Yahoo Style 2025),unchecked,Chemical kit (25R); Robot vac (49R),
460,TRD-108,Snap a Purikura Photo,social/photo,22.8,4,2,4,4,5,"Jump in a booth with friends, pick poses and frames, decorate with stickers, collect prints",Booth stickers are RNG drops; album shows every friend you snapped,Japanese purikura photo booth trend,none,unchecked,Frame pack (25R); Rare sticker roll (15R),
461,WEB-033,Grow the Petal Flower,io classic,22.8,4,3,4,4,4,Your flower spins petals that damage mobs; collect petal drops of rising rarity,Petal loadout RNG (common→mythic) is the collection meta; co-op against ant hives; showoff your petal ring,Florr.io,none,unchecked,Extra petal slot 25R; Craft luck boost 15R,
462,WEB-067,Walk Like QWOP,Flash classic,22.8,4,3,4,4,4,Control each thigh and calf with separate keys to run 100m,8-player QWOP sprint: collisions tangle runners; mobile gets a 4-button mode,QWOP (Bennett Foddy),none,unchecked,Spike shoes (slightly stable) 10R; Outfits,
463,WEB-072,Siege the Castle,Flash classic,22.8,4,3,4,4,4,"Build a castle, hide your king; attack others' castles with a trebuchet",Build phase then swap: friends fire at your castle live; best-surviving castles showcased,Crush the Castle / Angry Birds,none,unchecked,Extra stone blocks 15R; Fire ammo 10R,PVP-069
464,WEB-084,Draw Your Wheels,Hypercasual (Voodoo),22.8,4,3,4,4,4,Draw a shape; it becomes your wheel; climb stairs and ramps; redraw mid-race,8-player race where you can redraw your wheel any time; other players see your drawings (comedic),Draw Climber,none,unchecked,Ink refill 10R; Rainbow ink,
465,WEB-105,Dive the Deep Sea,Neal.fun viral toy,22.8,4,3,4,4,4,Sink down an ocean column; each depth reveals real creatures; upgrade your sub to go deeper,Creature sighting log with RNG rare sightings (giant squid 1/1000); co-op subs with 3 seats; depth leaderboard,The Deep Sea (neal.fun),none,unchecked,Pressure hull upgrade 20R; Sonar lure 10R,
466,WEB-109,Launch an Asteroid,Neal.fun viral toy,22.8,4,3,4,4,4,"Pick asteroid size/material, aim at a town, watch the crater and shockwave",Players are in the town dodging; survivors earn; asteroid builder uses RNG rare materials,Asteroid Launcher (neal.fun),none,unchecked,Mega asteroid 15R; Bunker 10R,
467,WEB-115,Sort Things by Size,Neal.fun viral toy,22.8,4,2,3,4,5,Drag objects into order from smallest to biggest,"Party: each player holds one object card, all line up physically; wrong order = everyone falls","Size of Life (neal.fun, 2026)","neal.fun listing (Aug 2026) adds I'm Not a Robot, Internet Roadtrip, Size of Life, Cursor Camp; Neal Agarwal toys routinely go viral (Wikipedia)",unchecked,Hint 5R,
468,MSH-005,Wipe the Vault,Format mashup: cleaning ASMR (Wash The House) x asymmetric 4v1 (Forsaken),22.6,4,3,4,4,3,Grab the prize -> race to clean every trace in 3 minutes -> Detective sweeps UV light and tags missed smudges -> escape or get caught,"Twist: a crew of 4 pulls a silly cartoon museum heist, then must scrub fingerprints, mud prints and spilled paint (ASMR) before one player-Detective with a UV lamp catches the evidence",Parents: cleaning ASMR (Wash The House) x asymmetric 4v1 (Forsaken). Cleaning is usually solo and passive; here it is a timed hide-the-evidence PvP race.,"Wash The House ~12M visits (Rolimons, 2026) & 31.5K CCU; Dig & Clean ~27.8K CCU Aug 7 2026 (robolibrary); Clean a House 66M visits (The Bloxline); Forsaken 8v1 asymmetric: ~5.4B visits, ~82-91K CCU (Forsaken Hub/GGAID, 2026)","Wash The House 31.5K CCU, Dig & Clean ~26-28K CCU, Clean a House 66M visits (2026); Forsaken ~82-91K CCU, 5.4B visits (2026); asymmetric lane occupied",Detective role pass; Silent mop / fast sponge; Escape van skin,
469,MSH-075,Ride the Cart Into the Night,Format mashup: classic cart ride x survive-the-night co-op,22.6,4,3,4,4,3,Board cart -> pump/defend -> stops at stations for supplies -> reach the end,"Twist: the cart is the only light; passengers pump fuel, fix track and defend while it keeps moving through a dark forest",Parents: classic cart ride x survive-the-night co-op. A new twist on a nostalgic Roblox format.,"99 Nights in the Forest 259.5K CCU Sep 27 2026, 48h peak 1.55M on Sep 26 update (market scout/Rolimons, 2026-09-27)",cart ride games are old and common (unchecked),Faster cart; Lantern pass; Revive,
470,PTY-015,Become a Gladiator,Party / TV game show,22.6,4,3,5,4,3,"Contenders face Gladiators in events (Duel on pedestals, Hang Tough, Powerball); top-ranked players become the Gladiators other servers' contenders face","Role reversal: grind to earn a named Gladiator persona and costume, then defend events; bots are Gladiators until real ones exist; Eliminator final race",Gladiators (BBC reboot 2024),none,unchecked,Gladiator persona slot; costume sets; event retry,
471,PVP-007,Bounce on the Trampoline,PvP physics,22.6,4,2,4,5,4,Trampoline-park arena: time your landing right after a rival's to 'double bounce' them sky-high out of the net,"Timing-based knockout - no attacks, only landing timing; nets tear as rounds go on",Trampoline 'double bounce' fail clips,none,unchecked,Super-bounce shoes; Net-patch revive; Trick emote packs,
472,PVP-011,Brawl on the Train Roof,PvP ragdoll,22.6,4,2,4,5,4,"Fight on top of a speeding train: punches and shoves while tunnels, bridges and signal posts sweep across the roof - duck or get clotheslined",Environment is the main killer; players bait rivals into the next tunnel,Action-movie train-roof fights,none,unchecked,Cowboy/stunt-double skins; Grapple save (1 per round); Private train,
473,PVP-062,Trigger the Avalanche,asymmetric destruction,22.6,4,2,4,4,4,One player on the summit triggers snow slides and rolling snowballs; 15 skiers race down; buried skiers become snowball-rollers,1-vs-many ski race; infected mechanic,Avalanche and ski-fail clips,"Asymmetric demand: Forsaken (1 killer vs 4) 5.8B visits Jul 2026, ~80K avg CCU (forsakenhub.com, 2026) - asymmetric 1-vs-many is a proven top format",unchecked,Mountain-god role priority; Ski skins; Airbag revive,
474,PVP-124,Kick the Takraw,sports PvP,22.6,4,3,4,4,3,"3v3 volleyball with feet only; bicycle-kick spikes, head saves; rattan ball",Same anime-sport appeal as Volleyball Legends but with acrobatic kicks,Sepak takraw bicycle-kick highlight clips (Southeast Asia),"Sports demand: Volleyball Legends 3.87B visits, #1 Roblox Sports CCU (Rolimon's / thespike.gg, Sep 2026) - sports PvP is huge",unchecked,Ball skins; Kick-trail effects; Ranked badge frames,
475,SSN-007,Haunt the New Family,Seasonal-Halloween,22.6,4,3,4,4,3,"4 ghost players possess objects (lamps, TVs, dolls) to scare an NPC family out of the house before dawn; chain scares for combo multipliers","You are the monster: co-op scaring with a family 'fear meter'; unlock new haunts (school, mall) post-season","Reverse horror (Ghost Master, Poltergeist)","RoLearn Horror Genre Report 2026: 500+ active horror games, combined daily CCU >200K, best creator-coverage-to-player ratio of any genre",unchecked,Possession slots; scarier ghost forms; dawn-delay,
476,STM-009,Strip the Condemned Building,Friendslop co-op / salvage,22.6,4,3,4,4,3,"Rip copper wire, pipes, windows and furniture out of a condemned building; haul scrap to the truck before the wrecking ball arrives; sell, upgrade tools",Load-bearing physics: yank the wrong pipe and the floor collapses under your team; demolition timer adds panic,Grain Rot (2026 co-op robot salvage),"Grain Rot (~$9 co-op robot building-salvage) 200K+ copies in first 3 weeks (GameDiscoverCo, 2026)",unchecked,Plasma cutter tool; collapse-shield helmet; bigger truck,
477,STM-015,Run the Adventurers' Tavern,Cozy sim / player economy,22.6,4,3,4,4,3,"Half the server run taverns, half are adventurers; adventurers buy meals/drinks that buff their next quest; taverns earn, upgrade, compete for reviews",Asymmetric player-to-player economy: your customers are real players and your drink stats change their quest outcome,D&D: Long Rest Tavern + Tavern Talk,"D&D: Long Rest Tavern (cozy tavern sim) gained 50K+ Steam wishlists from Gamescom 2026 (GameDiscoverCo, Aug 2026)",unchecked,Recipe book packs; tavern decor; hire NPC barmaid,
478,STM-022,Direct the Live TV Show,Party / showoff,22.6,4,2,4,4,4,One player directs a live show switching cameras and effects; others compete in on-stage challenges; audience score = director + performer pay,Performers play to the camera; director decides who gets airtime,Not For Broadcast,none (not verified this session; Not For Broadcast),unchecked,Director seat pass; stage props; applause boost,
479,WEB-011,Pour the Colors,Mobile puzzle hit,22.6,3,4,3,3,5,Pour liquid layers between tubes until each tube is one color,1v1 mirrored tubes; each completed tube lets you dump a mystery color into the rival's tubes; liquid ASMR; rare glowing potions from wins,Water Sort / Magic Sort puzzles,Magic Sort named among 2026 new hybridcasual puzzles that scaled into top-grossing (Gamigion 2026),unchecked,Extra empty tube 15R; Undo 10R; Potion crate,
480,WEB-023,Connect the Categories,Daily web puzzle,22.6,3,4,3,4,5,Group 16 words into 4 hidden categories with 4 lives,Live 20-player race on the same daily grid; wrong guesses shown to everyone; streak flames on avatars,NYT Connections daily puzzle,none,unchecked,Streak freeze 15R; Hint 10R,
481,WEB-024,Guess Higher or Lower,Viral web quiz,22.6,3,4,3,4,5,Pick which of two things is bigger/more popular; streak continues,"Players run to the Higher or Lower side; losers drop through the floor; kid-known categories (YouTubers, Roblox games, animals)",The Higher Lower Game (search volume),none,unchecked,Second chance 15R; Peek one stat 10R,
482,WEB-069,Answer the Impossible Quiz,Flash classic,22.6,3,4,3,4,5,Trick questions where the answer is a pun or hidden in the UI,Physical 3D trick rooms: the answer might be 'jump on the question mark'; last one standing,The Impossible Quiz / Brain Out / Brain Test,none,unchecked,Skip question 10R; Hint 5R,
483,WEB-085,Build the Color Bridge,Hypercasual (Supersonic),22.6,3,4,3,4,5,"Collect bricks of your color, run up a stair-bridge placing them; bump others to drop their bricks","20 players, 4 colors, shared bridges; steal bricks off other color stairs",Bridge Race,none,unchecked,Backpack upgrade 15R; Speed shoes 10R,
484,HOB-004,Soak a Stamp,Collecting subculture,22.4,5,2,3,3,5,"Buy a mystery envelope bag → drop in water tray → peel stamps (timing minigame, tear risk) → magnifier check perforation/color/error → album page",Tear risk + rarity: rushing a peel can ruin a rare error; album pages fill country maps; weekly 'post office' mailbag drop to whole server,"Stamp collecting: soaking stamps off envelopes, hunting inverted/misprint errors (Inverted Jenny lore)",none,unchecked,"Steam kettle (zero tear risk), big mailbag, album expansion",
485,HOB-010,Dig Vinyl Crates,Collecting subculture,22.4,5,3,3,3,4,"Flip through crates (scroll-flip ASMR) → pull a record → play it on your turntable (short loop) → rare pressing RNG (color vinyl, first press) → wall display",Your DJ booth plays your rarest records to the server; players can 'drop a needle' on others' shelves; weekly record-store-day drop,"Record-store crate digging, vinyl collecting revival",none,unchecked,"Crate refresh, rare-pressing luck, booth speaker upgrade",
486,HOB-014,Press a Penny,Collecting subculture,22.4,5,2,3,3,5,Travel to map landmarks → crank a penny press (crank rhythm) → design RNG (limited/retired dies) → penny book,Machines retire dies weekly (FOMO); 'wrong crank' creates rare misstrikes; penny book shown on profile,Souvenir pressed-penny machines; national park passport stamps,none,unchecked,"Fast travel, crank power, retired-die vault",
487,HOB-015,Check Bills for Star Notes,Collecting subculture,22.4,5,2,3,3,5,"Work a cashier till → customers pay → quickly scan bills for fancy serials (radar, ladder, star notes) → pocket and replace from your wallet → album",Speed + greed: take too long and the line gets angry; rare serials are shared across server via 'bank bundle' drops,Fancy serial number / star note collecting TikTok,none,unchecked,"UV scanner, faster queue, serial highlighter",
488,HOB-037,Tuft a Rug,Craft / maker hobby,22.4,5,3,3,3,4,Pick a design grid → tuft with gun following the pattern (speed + accuracy) → flip reveal → shear for ASMR → rug on your floor,Design contest with public display; rugs become floor tiles in a shared 'rug gallery' plaza,Rug-tufting gun TikTok (tufting reveal: flip + shear),none,unchecked,"Yarn packs, bigger frame, auto-shear",
489,HOB-041,Pull Candy,Craft / maker hobby,22.4,5,3,3,3,4,Pull and color candy ropes → assemble picture log → stretch → chop → cross-section reveal (sharpness RNG),Design your own cross-section image; stretch minigame determines clarity; shop sells your candy to other players,Hard-candy making shops (cross-section picture candy) TikTok,none,unchecked,"Flavor/color packs, stretch assist",
490,HOB-045,Twist Balloon Animals,Craft / maker hobby,22.4,5,2,3,3,5,Inflate → twist sequence (pattern recall) → make animal → hand to kids in queue → tips; pop risk,Pop gag: over-twist and it bangs in your face; mega balloon sculptures co-op,Balloon artist street performers / party entertainers,none,unchecked,"Balloon color packs, pump upgrade",
491,HOB-049,Kintsugi a Vase,Craft / maker hobby,22.4,5,2,3,3,5,Smash or receive broken pottery → piece fragments together (puzzle) → gold seam pour → reveal value,Broken is better: pieces with more cracks earn more when repaired; rare shatter patterns,Japanese kintsugi (gold-seam pottery repair) aesthetic videos,none,unchecked,"Gold/silver lacquer, puzzle hint",
492,HOB-084,Chase the Aurora,Outdoor / nature hobby,22.4,5,3,3,3,4,Watch Kp forecast → drive to dark site → set up camera → aurora appears (color/shape RNG) → shot quality → gallery,Server-wide 'G5 storm' nights; friends' flashlights ruin long exposures (troll/social),Aurora-chasing surge after the 2024–25 solar maximum storms,none,unchecked,"Camera lenses, forecast pass",
493,HOB-089,Save the Hatchlings,Outdoor / nature hobby,22.4,5,2,3,3,5,"Nests hatch every few minutes → herd hatchlings to the waterline → shoo gulls, crabs and ghost crabs → each safe turtle = points",Shared-beach co-op defense; rare leatherback/albino nests; saved turtles return as adults in a later 'nesting season' event (D7 reason),Sea-turtle hatchling release videos,none,unchecked,"Shoo tools, lamp",
494,MSH-052,Run a Crowd Army,Format mashup: crowd-runner mobile ads (Count Masters style) x roll-to-fight auto-battler,22.4,3,4,4,4,4,"Run course -> pick gates (+10, x2, roll a knight) -> clash with a rival crowd -> upgrade base gates","Twist: you gather a crowd through math gates, then smash into ANOTHER player's crowd at the finish; unit types come from rolled gates",Parents: crowd-runner mobile ads (Count Masters style) x roll-to-fight auto-battler. Borrow the most-seen mobile ad format and make the ending PvP.,none,"Ball VS Ball 41.2M visits/~14.7K CCU (Rolimons, Sep 2026); roll-to-fight cluster filling; crowd-runner games unchecked",Starting crowd boost; Gate luck; Crowd skins,
495,PTY-006,Jump the Sweeper,Party / TV game show,22.4,3,3,3,4,5,Stand on podiums while a spinning arm sweeps; jump/duck on its rhythm; last on a podium wins; arms speed up and multiply,"Single-obstacle mastery party (single-mechanic formats like Rock, Paper, Scissors! prove it); sweeper patterns unlock by level; bots on empty podiums; ragdoll splash cam",Wipeout 'Sweeper' obstacle (TBS revival),"Rock, Paper, Scissors! (DirtDog) single-mechanic party 50.3M visits since Jul 2025 (Rolimon's)",Roblox Wipeout and Wipeout Obby! exist (full courses),Extra life; custom sweeper patterns in private server; splash effects,
496,PTY-031,Guess Their Level,Party / TV game show,22.4,5,3,3,3,4,A player's run through a short skill challenge is shown to the room; everyone guesses the player's real level; the player can sandbag to fool them,Your real progression becomes a bluffing asset; sandbagging vs showing off; bot runs from ghost data fill rounds; guess-accuracy rank,'Guess the Rank' YouTube format,none,unchecked,Anonymous run pass; badge frames; extra guess,
497,PTY-035,Beat the Balance Scale,Party / TV game show,22.4,5,2,3,3,5,Everyone picks a number 0-100; the winner is closest to 0.8 x the average; losers lose a point; each time someone drops out a new rule is added,Pure game-theory party that hooks older kids; rules escalate for drama; bots use level-k reasoning; collect badges for exact hits,Alice in Borderland 'King of Diamonds' (Netflix; S3 Sep 2025),none,unchecked,Rule-preview peek; card skins; private match,
498,PTY-037,Roll a Yahtzee 50,Party / board & card massified,22.4,3,3,3,4,5,50 players roll the same shared dice each turn but choose their own scoring box; fastest full card wins; 3 rounds,BINGO-style massification with a decision each roll; collectible dice sets with physics roll ASMR; bots fill,Yahtzee / dice parlor games,"50 Player BINGO! (Turret Sims) ~19.6M visits, 3-round format, active codes coverage Sep 2026 (Rolimon's; Dexerto Sep 2026) - proves parlor-game massification",unchecked,Dice sets; extra reroll token; scorecard skins,
499,PTY-042,Climb the Ladders 50,Party / board & card massified,22.4,3,3,3,4,5,50 players physically stand on a giant board; roll dice; climb ladders; snakes are slides you ragdoll down; place 1 banana peel trap per game on a friend's path,Trap placing adds troll; board biomes unlock; bots fill; dice and slide effects collection,Snakes and Ladders,"50 Player BINGO! (Turret Sims) ~19.6M visits, 3-round format, active codes coverage Sep 2026 (Rolimon's; Dexerto Sep 2026) - proves parlor-game massification",unchecked,Extra die; trap packs; dice skins,
500,PTY-052,Match the Pairs,Party / board & card massified,22.4,3,3,3,4,5,"A 200-card floor of face-down tiles; everyone flips two at once in real time; everyone sees every flip, so matches can be sniped by others",Shared information race rewards memory and sniping; card themes are collectible sets; bots flip; daily theme board,Memory / Concentration card game,"50 Player BINGO! (Turret Sims) ~19.6M visits (Rolimon's, Sep 2026) - parlor-game massification works",unchecked,Card theme packs; peek (0.5s) token; tile skins,
501,PTY-053,Tell a Card Story,Party / board & card massified,22.4,5,3,3,3,4,Storyteller picks one of their art cards and gives a one-word clue from a word list; others play their own cards that fit; everyone guesses the storyteller's card; score if some but not all guess it,Art-card collection IS the progression (commission artists / AI-free hand-made sets); non-drawing creative party game that dodges draw-guess saturation; bots play,Dixit (award-winning party game),none,unchecked,Card set packs; extra hand card; table themes,PTY-093
502,PTY-073,Play Heads Up Seven Up,Party / playground game,22.4,5,2,3,3,5,Seven taggers walk around a classroom while others put heads down (screen dark); each tagger presses one thumb; heads up and guess who pressed yours,Pure classroom nostalgia social deduction in 90s; tagger footsteps are the clues; bots tag; classroom themes,"Heads Up, Seven Up (classroom game)",none,unchecked,Classroom themes; footstep sounds; tagger pass,
503,PTY-083,Follow the Leader,Party / playground game,22.4,3,3,3,4,5,The leader runs freely through a parkour park; followers must hit the same touch-points within 5 seconds; miss = out; last follower becomes leader,"The leader invents the course live (pure social creativity), bots lead from recorded routes; leader-crown collection",Follow the Leader,Death Order: Simon Says 60M visits since Jul 2024 (Rolimon's),Simon Says lane occupied (60M); movement follow variant unchecked,Leader crown; route recorder; trail cosmetics,
504,PTY-086,Hold the Parachute,Party / playground game,22.4,5,2,3,3,5,"Players hold the edge of a giant parachute; timing lifts pop balls into the air, make a mushroom dome, or launch a player",Pure co-op rhythm toy that scales 2-40; bot holders fill gaps; launch a friend = troll; parachute patterns,Rainbow parachute (school PE),none,unchecked,Parachute patterns; ball types; launch-friend pass,
505,SSN-050,Count the Sheep,Cozy-Spooky,22.4,5,2,3,3,5,Count sheep jumping a fence correctly; wolves in wool and double-jumps trick you; miscount → nightmare level,Kid-simple reflex counting with cozy-spooky dream levels,Counting sheep to sleep,none,unchecked,Pillow skins; slow-mo; extra lives,
506,SSN-073,Link the Snow Tubes,Seasonal-Christmas/Winter,22.4,3,3,4,4,5,Players link tubes into chains and ride down ragdoll hills; bigger chains go faster but break apart,Chain-building co-op ride,Snow-tubing trains,none,Sled/+1 slide games exist,Tube skins; super-grip links; slope pass,
507,SSN-127,Roll a Growing Snowball,Seasonal-Christmas/Winter,22.4,3,3,4,4,5,Roll a snowball that grows by picking up objects; crash bigger snowballs into smaller players,Katamari-lite PvP,Katamari-style snowball,none,Snowball/rolling games exist (unchecked),Starting size; skins; speed,
508,STM-008,"Fix the Boat, Escape the Island",Friendslop co-op / roguelite,22.4,3,5,3,4,3,"Crew crash-lands on a random island; scavenge wreck parts, fish and trade to rebuild the boat; sail to the next harder island; 20-min runs",Island-hopping roguelite where each island is a new biome and the boat is the persistent upgrade tree,How To Fish (Aug 2026) crash-landing loop,"How To Fish (Aug 20 2026) 1M copies in 2 days, SteamDB peak 373,971 CCU on Aug 26 2026 (GamesRadar / Inven Global, Aug 2026); 6.3M units in August (GameDiscoverCo, Sep 2026)","Roblox 'How To Fish' clone exists (roblox.com/games/110768301350336); Fish It ~130K CCU (tracker, Sep 27 2026)",Blueprint unlocks; revive flare; bigger backpack,
509,TRD-020,Line Up Your Shelf,collectibles/display,22.4,3,3,4,4,5,"Collect figures from any source, arrange them on your wall shelf; server walks through 'shelf tours' and gives stars","Stars from visitors add passive income; themed rows (all blue, all secrets) grant set bonuses",Shelfie / collection wall posts,none,unchecked,Extra shelf (49R); LED lighting (35R); Featured shelf ad (25R),
510,TRD-021,Snag a Bargain Bin Toy,collectibles/rng,22.4,3,3,4,4,5,"Dig a bargain bin with a timer; most toys junk, some are vintage rares worth thousands","Bins refill for the whole server at once, so rushes happen every 3 minutes",Thrift/Five Below toy bin hauls,none,unchecked,Longer dig time (25R); Rare radar (49R); Personal bin (99R),
511,TRD-025,Collect Rare Rocks from the Beach,collectibles/nature,22.4,3,3,4,4,5,"Walk tide line after each wave cycle, pick up rocks, polish in tumbler overnight to reveal",Tumbler runs on real time (D1 return); tides bring server-wide rare washes,Beachcombing / agate hunting videos,none,Geode/gem cutting lanes taken (Cut a Gem 6.7M); rock tumbling unchecked,Faster tumbler (49R); Tide forecast (25R); Display case (35R),
512,TRD-066,Play Four Square Kings,playground/sports,22.4,3,3,3,5,5,Bounce the ball into others' squares; out goes to the back of the line; King sets a rule each round,"King's custom rule (e.g., only lefties) keeps rounds fresh",Recess four square,none,unchecked,Crown skin (25R); Rule cards (35R),
513,TRD-070,Referee the Replay,deduction/sports,22.4,5,3,3,3,4,"Watch a short in-game replay, call foul/offside/goal; crowd boos or cheers; career rank",Other players are the angry team captains pleading,VAR controversy clips,none,unchecked,Extra camera angle (15R); Whistle skins (25R),
514,TRD-076,Fold a Fortune Teller,social/school,22.4,5,2,3,3,5,Make a fortune teller with your own fortunes; others pick numbers; fortunes trigger silly effects,Player-written (filtered) fortunes shared among friends,Paper fortune tellers (cootie catchers),none,unchecked,Fortune pack (15R); Glitter paper (25R),
515,TRD-094,Pour an Epoxy Floor,satisfying/creative,22.4,5,2,3,3,5,"Pour metallic epoxy, swirl, reveal pattern when set; customers rate",Swirl pattern RNG + skill,Epoxy floor pour videos,none,unchecked,Metallic pigment (25R); Fast cure (15R),
516,TRD-118,Hit the Golden Buzzer,party/talent,22.4,3,3,4,4,5,Perform emote routines on stage; 3 player judges buzz or give the golden buzzer,Judges are players; winners get a golden confetti aura,Talent-show golden-buzzer clips,none,unchecked,Emote pack (35R); Judge seat (15R),PTY-022
517,WEB-016,Pack the Suitcase,Hybrid-casual ASMR puzzle,22.4,5,3,3,3,4,Fit odd-shaped items into a suitcase before the taxi arrives; zip it shut,"Airport party: everyone packs at once, then bags go through a public x-ray where players vote best/worst pack and spot smuggled joke items",'Organize ASMR' packing/fitting hybrid-casual games and ads,none,unchecked,Bigger suitcase 20R; Vacuum bag (shrink item) 10R,
518,WEB-020,Land the Planes,Classic mobile,22.4,5,3,3,3,4,Draw landing paths for planes to their color runway; avoid mid-air collisions,Co-op control tower: 4 players each own one runway while planes fly across all zones; streak shown server-wide,Flight Control (2009 iPhone hit),none,unchecked,Hold pattern (freeze a plane) 10R; Plane liveries,HOB-060 TRD-110
519,WEB-028,Split the Blob,io classic,22.4,3,4,3,5,4,Eat pellets and smaller blobs; split to launch at prey; avoid bigger blobs,Blobs are squishy 3D jelly avatars with physics; team colors; 'feeding' friends mass is a social play; RNG pellet storms,Agar.io,none,unchecked,Anti-virus shield 15R; Custom blob face 25R,
520,WEB-030,Evolve the Tank,io classic,22.4,3,4,4,4,4,"Shoot shapes for XP, level up, pick upgrade stats and tank-class branches",Class tree picks are shown to the whole server; rare RNG 'mutation' classes appear 1 in 500 level-ups; co-op boss polygon events,Diep.io / Arras.io,none,unchecked,Stat respec 15R; XP boost 25R,
521,WEB-036,Ride the Light Trail,io classic,22.4,3,3,3,5,5,Steer a trail that never ends; make others crash into walls or trails; last one alive,"Power-up RNG (gap, ghost, reverse controls on others); 8-player rounds in 45s; spectator betting with free points",Curve Fever / Achtung die Kurve / Tron,none,unchecked,Extra gap charges 10R; Trail colors,
522,WEB-040,Bomb the Arena,io / flash classic,22.4,3,3,3,5,5,Drop bombs on a grid to blow crates and opponents; collect power-ups,32-player grid with falling-ceiling finale; power-up RNG crates; team 4v4,Bomberman / Bomb It,none,unchecked,Extra bomb 10R; Remote detonator 15R,
523,WEB-053,Run the Space Tunnel,Coolmath classic,22.4,3,4,3,4,4,Run through a floating space tunnel; jump gaps; walk on walls to rotate gravity,8-player live race in the same tunnel; missing tiles you fall through also vanish for those behind; alien skins,Run 3 (#1 on Coolmath),"Run 3 is the #1 most popular game on Coolmath Games (coolmathgames.com blog, 2026)",unchecked,Gravity boots (1 extra jump) 10R; Alien skins,
524,WEB-083,Ricochet the Bullet,Mobile hit,22.4,3,3,3,4,5,One shot; aim a bullet to ricochet off walls into targets,1v1 alternating ricochet duels in destructible rooms; replay cam shows the bounce path,Mr Bullet (Mr Bullet 2 in soft launch 2026 per PocketGamer.biz),Mr Bullet 2 listed among soft launches (PocketGamer.biz 2026),unchecked,Extra bullet 10R; Slow-mo cam,
525,WEB-111,Spread the Germ,Mobile hit,22.4,5,3,3,3,4,Evolve a germ to spread across a world map before a cure is found,Every player is a rival germ on the same map; infect regions others hold; kid-friendly sneezes/cartoon germs,Plague Inc.,none,unchecked,Mutation reroll 10R; Germ skins,
526,HOB-082,Hunt Truffles with a Pig,Outdoor / nature hobby,22.2,5,2,4,3,4,Walk your pig through oak forest → sniff meter guides you → dig at the right moment (pig eats it if slow) → truffle size/grade RNG → auction,Rival hunters shadow you to learn your spots; train pig/dog breeds with different noses; weekly truffle auction,Truffle hunting with pigs/dogs in Italy/France,none,unchecked,"Pig breeds, sniff range, secret-spot map",
527,HOB-091,Frag a Coral,Outdoor / nature hobby,22.2,5,2,4,3,4,Grow coral under lights → cut frags → frags grow color morphs (RNG under blue light) → trade/sell,Coral breeding tree; rare 'named' morphs traded between players,Reef-tank coral fragging & color morph collecting,none,unchecked,"Blue-light pass, grow speed",
528,MSH-007,Burn It for Embers,Format mashup: collect -> passive income -> rebirth (simulator) x survive-the-night co-op (99 Nights),22.2,3,4,4,4,3,"Day: generators make coins, upgrade -> dusk: invite/join a bunker -> night: defend with friends -> choose rebirth-by-fire for Embers","Twist: night waves scale with your base's income, so rich players must invite neighbors to shelter in their bunker for a cut; rebirth = burning your own base down to earn permanent Embers",Parents: collect -> passive income -> rebirth (simulator) x survive-the-night co-op (99 Nights). Merges passive-income grind with nightly co-op tension; shelter-for-cut is the social friction.,"99 Nights in the Forest 259.5K CCU Sep 27 2026, 48h peak 1.55M on Sep 26 update (market scout/Rolimons, 2026-09-27)",unchecked,Bunker expansion (more guests); Auto-collect; Ember x2,
529,MSH-070,Draft a Room,Format mashup: room-drafting roguelite (Blue Prince) x cozy search co-op,22.2,5,3,3,3,3,Open door -> vote 1 of 3 rooms -> search it -> collect keys -> reach room 46,Twist: each door lets the team draft 1 of 3 random rooms; each room hides keys/items to search; build the mansion as you go,Parents: room-drafting roguelite (Blue Prince) x cozy search co-op. Deep roguelite; harder to read in 30s.,"Search For The Needle (cozy search roguelite) 66.2M visits, 22.5K CCU (Rolimons/market scout, Sep 23 2026)",unchecked,Room reroll; Extra key; Mansion skins,
530,PTY-105,Build a Mashup Creature,Party / voting & judging,22.2,5,2,4,3,4,"Three players each build one third of a creature (head, body, legs) without seeing the others; the reveal stitches them; everyone votes funniest; creatures walk around a zoo",Blind collaboration makes guaranteed comedy; the zoo of your creatures is the collection; bots build parts,Exquisite corpse drawing game,none,unchecked,Part palettes; zoo enclosures; name tag,
531,PTY-106,Launch the Rocket Together,Party / 100-player co-op server goal,22.2,3,3,4,4,4,Whole server gathers fuel and parts from a moon-base map and delivers them to a giant rocket; progress bar fills; launch cutscene takes everyone to a new planet map,Server-wide goal with a shared cinematic payoff and planet 'rebirths'; solo servers scale the goal down; personal contribution titles,Build the Pyramid! co-op server goal / Artemis launches,"Build the Pyramid! (TestGrounds32) server co-op monument game: Sep 2026 codes coverage on Dexerto/PCGamesN/Sportskeeda, Update 1.5 on Sep 22 2026 (visit count unverified)",Build the Pyramid! occupies the co-op monument lane,Carry boosts; planet pass; contributor titles,
532,PVP-009,Win the Pie Duel,PvP quick-draw,22.2,3,2,4,5,5,"1v1 face-off, wait for the bell, throw first; fake-out bells punish early throws; best of 5 in under a minute",Reaction duel where losing is funny (cream-face cam); spectators bet fake coins on who wins,Western quick-draw duels + pie-in-the-face gag,none,unchecked,Pie flavour splat effects; Custom face-cam frames; Rematch-priority pass,
533,PVP-010,Push Them in the Pool,PvP party,22.2,3,2,4,5,5,"Pool party of 20: shove, grab and throw others into the pool; wet players become splashers with water guns who can knock dry ones in","Eliminated players keep playing as a hazard team, so nobody waits in lobby",Pool-party push-in pranks,none,unchecked,Floatie shield; Super soaker for splash team; Pool-toy cosmetics,
534,PVP-030,Toss the Caber,unusual sport,22.2,5,1,3,4,5,"Pick up a telephone-pole log, run and flip it end over end; bad tosses fall on you; shared field means logs land on rivals",Physics toss with dangerous shared lanes; kilts and bagpipes vibe,Scottish Highland Games caber toss,none,unchecked,Tartan kilt packs; Strength potion (one round); Bigger log bragging titles,
535,PVP-081,Box as a Kangaroo,creature PvP,22.2,3,3,3,5,4,"Kangaroos box: punches, tail-balanced double kick; ragdoll knockouts off the outback ring",UBG-style duel but with a tail-kick super and silly animal ragdolls,Viral kangaroo boxing clips,"Boxing duel demand: untitled boxing game 767M+ visits (game.guide, Sep 2 2026) - short 1v1 duels with instant requeue work",Boxing games large (UBG); kangaroo angle unchecked,Glove skins; Joey pouch emote; Streak saver,
536,PVP-102,Sneeze to Fly,weird PvP,22.2,5,1,3,4,5,You can only move by sneezing (pepper sniff = recoil launch); aim sneezes to blast rivals off platforms,Recoil-only movement; every move is a gamble,Sneeze/pepper gag and recoil-movement games,none,unchecked,Pepper upgrades; Tissue revive; Sneeze sound packs,
537,PVP-106,Swap Places Duel,weird PvP,22.2,5,1,3,4,5,Every hit you land swaps positions with your target; arena full of spikes/traps; bait swaps,Position swap instead of damage - big-brain moves,Mind-game duels,none,unchecked,Swap-trail cosmetics; Extra charges; Arena skins,
538,PVP-130,Jam the Roller Derby,team PvP sport,22.2,5,2,3,4,4,5v5 on skates: your jammer laps the pack to score; blockers hip-check and form walls; 2-minute jams,Real contact sport with simple rules and a clear hero role (jammer),Roller derby (flat-track leagues),none,unchecked,Skate skins; Jammer-star priority; Team helmet designs,
539,SSN-011,Scare Like an Actor,Seasonal-Halloween,22.2,5,2,4,3,4,Hide in your booth of a haunted maze; guests walk by; hit the jump-scare timing window for scream points; combo and upgrade your booth,Timing skill + booth tycoon; real players can walk through as guests for bonus,Haunted attraction scare-actor TikToks,none,unchecked,Costume/prop packs; auto-scare animatronic; 2x screams,
540,SSN-040,Row Through the Fog,Co-op Horror,22.2,5,2,3,4,4,Each player mans an oar; rowing must sync to move straight; a lantern-keeper watches for fog creatures; reach the far dock,Rhythm co-op rowing — desync spins the boat,Foggy river folklore,none,unchecked,Boat skins; brighter lantern; oar upgrade,
541,SSN-089,Answer the Mailbox,Original Monster / Urban Legend,22.2,5,2,3,4,4,Letters arrive in your mailbox with odd tasks (bring a red umbrella to the pier); complete them around town or he visits at night,Procedural letter-quests with a creeping deadline,Original legend: the Mailbox Man,none,unchecked,Letter hint; stamp skins; extra time,
542,SSN-105,Unmask the Masquerade,Seasonal-Halloween,22.2,3,3,4,4,4,At every bell toll masks swap between random players; one killer strikes in the dark; track who wears which mask to vote,Identity shuffles make tracking the puzzle,Masquerade-ball murder mystery,Halloween 2026 falls on a Saturday → more parties/costumes (PrintKK Halloween trends 2026),MM2 dominates murder-party lane,Mask packs; bell-peek; extra vote,
543,STM-016,Deal Cards to Beat the Horde,Roguelite,22.2,3,4,4,4,3,Horde runs in; every 10 seconds you play one card that becomes an auto-weapon or buff; 10-minute runs co-op with 3 friends,Hand management instead of pure level-up picks; friends can pass cards,Vampire Crawlers (Apr 2026) card x survivors,"Vampire Crawlers 903K copies in 10 days (GameDiscoverCo, Apr 2026)","Robong Megabonk ~1.0M visits (GameRant codes page, 2026) - small",Card packs; revive; deck slot,
544,TRD-024,Seal Demons with a Song,coop/music,22.2,3,4,4,4,3,Three-player idol squads hold stage zones while demons attack; hitting timed poses charges the seal,"Original idol-hunter IP; poses are hold-to-match, not a note highway",KPop Demon Hunters among 2026's trending toys/IP,"Jellycat/Squishmallow plush trending on TikTok; trending toys 2026 incl. KPop Demon Hunters, Beyblade, Squishmallows (Reader's Digest; TikTok #trendingtoys2026, 2026)",unchecked,Stage outfit (49R); Revive mic (15R); Idol pass (199R),
545,TRD-087,Paint the Road Lines,satisfying/job,22.2,5,2,3,3,4,Steer a paint truck to lay straight lines; perfection score,Cars (players) drive the road you painted; wobbly lines cause chaos,Road-line painting satisfying clips,#oddlysatisfying has 69.8B TikTok views; pressure-washing creators with 800K+ followers get millions of views (IZEA; Yahoo Style 2025),unchecked,Auto-steer (49R); Glow paint (25R),
546,TRD-109,Program the Fireworks Show,creative/showoff,22.2,5,2,4,3,4,Place fireworks on a timeline to a music track; perform for the server; crowd rates,Show night every 15 min; best show replays in the lobby,Fireworks show videos,none,unchecked,Rare shells (35R); Extra timeline length (49R),
547,TRD-113,Walk the Dog Pack,coop/physics,22.2,5,2,3,4,4,Walk 8 dogs on leashes through a park; leashes tangle; squirrels cause chaos,Tangle physics; co-op walkers can swap leashes,Professional dog-walker videos,none,unchecked,Calm treats (15R); Retractable leash (35R),
548,WEB-031,Climb the Food Chain,io classic,22.2,3,4,4,5,3,Eat food for your animal tier; evolve mouse → rabbit → ... → dragon; hide from predators,Every tier is a different body/ability; kids play as predator/prey with friends; RNG rare 'golden' forms of each animal,Mope.io,none,unchecked,Skip one tier 25R; Golden skin chance boost 15R,
549,WEB-059,Race the Jumping Getaway,Poki hit,22.2,3,3,4,5,4,Hop-jump race across a rooftop level to the getaway car while grabbing weapons to knock others,8-player version; weapon pickups RNG; the car only fits 1,Getaway Shootout,none,unchecked,Jetpack pickup 10R; Outfits,
550,WEB-060,Escape the Road Cops,Poki hit,22.2,3,4,4,5,3,Drive in an endless city while police chase and ram you; survive as long as possible,"Players are the cops: 1 robber vs 6 cop players; robber earns per second survived, cops earn for the bust",Escape Road,none,unchecked (Jailbreak owns cops/robbers broadly),Nitro 10R; Spike strip 15R; Car skins,
551,WEB-093,Shoot the Archer Waves,Mobile (Habby),22.2,3,4,4,4,3,"Stop to shoot, move to dodge; pick 1 of 3 abilities after each room",Co-op duo rooms; abilities stack between players (multishot shares); boss rush weekly,Archero,"Habby (Archero, Capybara Go) keeps shipping roguelites — Dicero soft-launched Feb 2026, released Apr 2026 (gamingonphone / mobidictum, Mar 2026)",unchecked,Revive 15R; Ability reroll 10R,
552,HOB-032,Cut Soap,Craft / maker hobby,22.0,4,3,3,3,5,Pour layered soap loaf (choose layers) → cut slices with wire cutter (precision) → slice cross-section reveals pattern → sell sets,Cross-section RNG: pour physics creates unexpected swirls; server market for rare-slice sets,Soap-cutting ASMR TikTok,none,unchecked,"Cutter upgrades, glitter/embed packs",
553,HOB-057,Pack the Luggage,Unusual job,22.0,4,3,3,3,5,Traveler's items drop → fit into suitcase grid → zip it (must close) → next traveler; overweight fee,Airport check-in rush; co-op airport shift; rare fragile items break if squished,Unpacking (game) / packing-tetris ASMR TikToks,none,unchecked,"Bigger suitcases, vacuum bag",
554,HOB-122,Tie-Dye a Shirt,Hobby sport / party / misc,22.0,4,3,3,3,5,Fold/twist a blank shirt → squirt dyes → wait → unfold reveal (pattern RNG) → wear it on your avatar,Your shirt is visible showoff; rare 'galaxy'/'spiral' patterns; group dye parties,Tie-dye / bleach-dye reveal videos,none,unchecked,Dye packs,
555,MSH-092,Pool the Server Genes,Format mashup: breeding genetics x 100-player server goal,22.0,5,2,3,4,3,Catch/raise creatures -> donate best genes to the server lab -> hourly server hatch reveal -> donors of the winning lineage get a copy,"Twist: the server has one shared breeding program: players donate creatures, and the server breeds toward a legendary each hour; donors whose genes survive get the credit and a copy",Parents: breeding genetics x 100-player server goal. Novel collective breeding; weak proof and slower 30s promise.,"Mewgenics (breeding x tactics roguelite) 1M sold in 7 days (Game Informer, 2026-02-17); Build the Pyramid! 100-player server-goal co-op 4.3K CCU / 1.1M visits (market scout, Sep 2026)",unchecked,Donation weight boost; Lineage badge; Private incubator,
556,PTY-062,Read My Mind Dial,Party / board & card massified,22.0,4,3,3,3,5,One player sees a hidden target on a spectrum ('cold - hot') and gives a clue from a word list; the team turns a big dial to guess,Guessing your friends' minds; team vs team; bot psychic uses word embeddings so solo works; spectrum packs,Wavelength (board game),none,unchecked,Spectrum packs; dial skins; extra turn,
557,PTY-063,Say One Word,Party / board & card massified,22.0,4,3,3,3,5,Guesser hides eyes; every other player submits one clue word; identical clues cancel; guesser must guess with remaining clues,Co-op word party that rewards being uniquely helpful; autocomplete dictionary; streak ranks; bots give clues,Just One (Spiel des Jahres 2019),none,unchecked,Word packs; clue-reveal; table themes,
558,PTY-091,Dare Your Friends,Party / sleepover game,22.0,4,3,3,3,5,"Spin the bottle picks a player; a dare card is drawn (jump off the high dive, wear a clown nose for 5 min, dance on the table); do it for coins",Dares are in-game actions the game can verify; chicken-out costs coins; dare deck collection; bots dare,Truth or Dare (action-only),none,unchecked,Dare decks; chicken-out pass; bottle skins,
559,PTY-094,Vote Most Likely To,Party / sleepover game,22.0,4,3,3,3,5,A positive prompt ('Most likely to become famous'); everyone points at a player; the winner wears the title as a nametag for the day,Kid-safe prompts only; titles are collectible badges; bots vote on visible stats,'Most likely to' TikTok and sleepover game,none,unchecked,Title slots; prompt packs; spotlight effects,
560,PTY-109,Stack a Human Tower,Party / 100-player co-op server goal,22.0,5,2,4,4,3,Players climb onto each other's shoulders to form a tower; each layer must hold balance while a child 'enxaneta' climbs to the top and waves,Balance physics between real players; bots form base layers; tower records per server; shirt colour collection,Catalan castells (human towers) viral videos,none,unchecked,Balance assist; team shirts; replay export,
561,PVP-091,Stomp the City as a Kaiju,asymmetric 1-vs-many,22.0,3,3,5,4,3,"One player is a giant kaiju wrecking a city; 20 players as army, tanks and jets try to bring it down in 5 minutes",Player-controlled raid boss; everyone gets clip of the kaiju falling or the city smashed,Godzilla / kaiju films; giant-boss raids,"Asymmetric demand: Forsaken (1 killer vs 4) 5.8B visits Jul 2026, ~80K avg CCU (forsakenhub.com, 2026) - asymmetric 1-vs-many is a proven top format",Kaiju games exist (unchecked),Kaiju role priority; Kaiju skins; Airstrike ability,
562,PVP-093,Be the Pinball,asymmetric 1-vs-many,22.0,5,1,4,4,4,One player controls flippers and bumpers; others are pinballs trying to reach the jackpot hole; drained balls lose,Players as balls in a real pinball table,Pinball tables,none,unchecked,Flipper role priority; Ball skins; Tilt power,
563,PVP-111,Win the Crowd's Thumb,PvP social,22.0,5,1,4,4,4,"Gladiator duels in a colosseum; loser gets judged by the spectating crowd: thumbs-up = revive, thumbs-down = out",Spectators are part of the game - charisma emotes matter,Colosseum thumbs-up/down,none,unchecked,Crowd-pleaser emotes; Armor sets; Emperor box (tie-breaker vote),
564,SSN-042,Tell a Campfire Story,Original Monster / Urban Legend,22.0,5,2,4,4,3,"Each player plays a card (creature, weakness, place); the combined legend becomes this round's monster; everyone must remember its weakness to survive",Player-made urban legends every round — the monster is always new,Campfire ghost stories; build-your-own legend,none,unchecked,Rare story cards; story-card packs; marshmallow cosmetics,
565,TRD-055,Whisk the Perfect Matcha,food/skill,22.0,4,3,3,3,5,Whisk matcha with the right motion rhythm to get foam; pour art; serve tea house guests,Foam quality meter; latte art shared to server gallery,Matcha boom on TikTok,none,unchecked,Ceremonial grade (25R); Auto whisk (49R),
566,WEB-025,Guess the Year,Viral web quiz,22.0,4,3,3,3,5,"See a picture, slide to guess the year",Roblox-history edition: screenshots of old Roblox updates/items; closest guess wins; nostalgia sharing,Timeguessr / year-guessing photo games,none,unchecked,Extra life 10R; Double-points round 15R,
567,HOB-018,Hunt Sea Glass,Collecting subculture,21.8,4,2,3,4,5,Tide goes out every 4 min → race the beach → spot glinting glass → rarity by color/frost → jar collection,Tide pressure + shared beach: best spots get picked clean by rivals; storm tides bring rare colors,Beachcombing sea glass; real color rarity (red/orange rarest),none,unchecked,"Tide clock pass, sifter tool, storm-summon",
568,HOB-099,Drop an Egg,Outdoor / nature hobby,21.8,4,3,3,4,4,Get a parts budget → build a contraption around the egg → drop from the tower → survive = climb to a higher floor,Server drop rounds with spectators betting on which eggs survive; splat slow-mo replays,School egg-drop challenge; Mark Rober egg-drop videos,none,unchecked,Parts packs,
569,HOB-108,Stack Cups,Hobby sport / party / misc,21.8,4,2,3,4,5,Stack and unstack cup pyramids in the set sequence with rhythm inputs → timer → race opponents side by side,Relay team mode where a fumble topples your whole team's stack; cup skins,Sport stacking (speed cup stacking) videos,none,unchecked,"Cup skins, timer mat",
570,HOB-127,Climb and Trim Trees,Hobby sport / party / misc,21.8,4,3,3,4,4,Climbers rope up the tree → cut limbs in the right order → ground crew pulls ropes to lower them safely,Two-role co-op: bad cuts smash roofs; bigger trees = bigger contracts,Arborist climbing POV / tree-removal videos,none,unchecked,"Rope gear, chainsaw",
571,PTY-010,Survey the Server,Party / TV game show,21.8,4,3,3,4,4,"Answer prompts ('Name something in a fridge') from a pick list; answers are stored; later rounds make you guess what the Roblox playerbase said most, face-off buzzers decide control","The survey board is crowd-sourced from past players, so answers are about Roblox kids; bots answer from real stats so solo works; collect prompt packs and a 'hive mind' rank",Family Feud,none,unchecked (small Feud-style trivia games),Steal-attempt token; prompt packs; private family server,
572,PTY-029,Spot the Cake,Party / TV game show,21.8,4,3,4,3,4,"Five realistic objects on pedestals (shoe, handbag, burger); one is cake; slice your guess; OR be the baker who builds a fake to fool the room","Two roles: bakers sculpt fakes from a prop kit, guessers slice; satisfying cut animation; bot bakers so solo works; collect cake recipes",Is It Cake? (Netflix) viral knife reveals,none,unchecked,Premium knife cut effects; recipe packs; baker slot pass,
573,PTY-045,Slap the Stack,Party / board & card massified,21.8,4,2,3,4,5,Players flip cards onto a centre pile; slap on doubles or sandwiches; first slap wins the pile; false slap = burn a card,Reaction + pattern recognition with loud slap ASMR; ranked tables; bots slap with human delay; card-back collection,Egyptian Ratscrew slap card game,none,unchecked,Card backs; slap hand effects; extra card,
574,PTY-057,Flick the Marbles,Party / board & card massified,21.8,4,2,4,3,5,Flick your shooter marble to knock others out of a chalk ring; win points; tournaments of 8,"Marble collection with rarity (cat's eye, galaxy, clearie) - no keepsies; physics flick ASMR; bots play; weekly marble drops",Playground marbles (ring taw),none,unchecked,Marble packs (shown odds); shooter upgrades cosmetic; private ring,
575,PTY-080,Run a Three-Legged Race,Party / playground game,21.8,4,3,3,4,4,You are tied to a random partner; alternate steps (Q/E rhythm) with them to run the course; out-of-sync = faceplant,Partner physics forces co-op with strangers; bots pair with solos; course collection; duo ranks with friends,Field-day three-legged race,none,unchecked,Rope skins; sync-assist; course packs,
576,PTY-081,Toss the Egg,Party / playground game,21.8,4,2,3,4,5,Pairs throw an egg back and forth; each round step back; catch with soft timing or it splats,"Timing catch minigame, rare egg collection (golden, dino); pair with friends or bots; splat cams",Egg toss (fair/field-day game),none,unchecked,Egg packs; catch-assist; splat effects,
577,PTY-082,Win a Chicken Fight,Party / playground game,21.8,4,3,3,4,4,"Duos: one rides on the other's shoulders in a pool; rider pushes, base keeps balance; knock the other rider off",Two-role co-op PvP with ragdoll splashes; bots as partners; swimwear and floaty collection,Pool chicken fight,none,unchecked,Floaty skins; balance boost; pool themes,
578,PTY-089,Sneak a Midnight Snack,Party / sleepover game,21.8,4,3,3,4,4,Co-op: sneak from the bedroom to the kitchen for snacks past creaky floorboards while Mom (AI) patrols with a flashlight; get caught = back to bed,Stealth-lite heist for kids; snacks are collectibles; bigger houses unlock; one friend can be Mom,Sleepover 'don't wake the parents' snack raids,none,Granny-style chase games crowded; kid co-op sneak unchecked,Quiet socks; house packs; snack packs,
579,PTY-111,Pivot the Couch,Party / 100-player co-op server goal,21.8,4,3,3,4,4,"2-6 players carry an awkward couch up narrow stairs, round corners and through doors without scratching walls","Shared rigid-body carrying with blame moments; furniture list grows (piano, fridge); bots help; apartment unlocks",'PIVOT!' Friends meme / moving-furniture co-op,none,unchecked (moving co-op games exist off-platform),Grip gloves; furniture packs; apartment themes,
580,PTY-116,Pull the Sword from the Stone,Party / 100-player co-op server goal,21.8,4,2,4,3,5,Every player takes turns trying to pull the sword; each try gives a tiny chance scaled by server attempts; the chosen one is crowned king for the server,Server-wide RNG with a single winner; strength training raises odds; crowned kings list; bots queue,Arthurian legend / server event,none,unchecked,Extra pull; kingdom cosmetics; luck boost (capped),
581,PTY-122,Jumpscare Your Friends,Party / friend-troll,21.8,4,3,3,4,4,"Hide scare gadgets (pop-up clowns, fake spiders) in a house; friends explore; scare meter scores reactions (flinch = input spike)",Troll friends with reaction scoring; gadget collection; bots explore,Jumpscare prank videos,none,unchecked,Gadget packs; night mode; replay,
582,PVP-022,Spill Their Drinks,PvP race,21.8,4,2,3,4,5,Carry a tray of wobbling drinks through a busy restaurant; bump rivals to make them spill; deliver most full glasses,Physics balancing + contact sabotage race; different tray loads = difficulty,Waiter-race events and tray-balancing clips,none,unchecked,Steady-hands boost; Gold tray; Extra life,
583,SSN-085,Pull the Wishbone,Seasonal-Thanksgiving,21.8,4,2,3,4,5,1v1 timing tug on a wishbone; winner's wish rolls an RNG reward; bracket tournaments,Tiny duel with RNG payoff,Thanksgiving wishbone tradition,none,unchecked,Lucky grip; wish reroll; trophies,
584,SSN-106,Tame a Bat Colony,Cozy-Spooky,21.8,4,2,3,4,5,Collect bats that forage at night and return fruit/trinkets (RNG); expand your cave roost; bats echo-ping rare spots,Idle night-foraging collection,Cute bat videos; Halloween bats,none,Pet sims saturated; bat roost unchecked,Roost expansion; rare bat lure; fruit boost,
585,SSN-107,Brew in One Cauldron,Co-op Horror,21.8,4,3,3,4,4,One player reads the grimoire's coded recipes; others fetch ingredients from a haunted pantry; wrong mix spawns a monster,KTANE-style reader co-op with spooky penalties,Potion co-op; manual-reader games,none,Wacky Wizards owns potion lane (visits unchecked),Grimoire pages; ingredient radar; cauldron skins,
586,SSN-129,Carry a Candle Through the Storm,Co-op Horror,21.8,4,2,3,4,5,One candle must stay lit as it is passed hand to hand across a haunted estate; the carrier can't run; wind and ghosts try to blow it out,Relay escort — whoever holds it is protected by everyone,Candle-relay rituals,none,unchecked,Glass lantern; candle skins; wind ward,
587,TRD-056,Bake the Weekly Cookie Drop,food/limited,21.8,4,3,3,4,4,Bake this week's 4 cookies; players rate each cookie publicly; top-rated bakers sell out,Weekly rotating menu forces D7 returns; player reviews set prices,Rotating weekly cookie menus and TikTok cookie reviews,none,unchecked,Mystery flavor (25R); Oven upgrade (79R),
588,TRD-077,Swing Tetherball Duels,pvp/school,21.8,4,2,3,4,5,"1v1 tetherball; timing hits; winner stays, queue challenges",King-of-the-pole leaderboard per server,Recess tetherball,none,unchecked,Ball skins (25R),
589,TRD-120,Carry the Plate Stack,physics/skill,21.8,4,2,3,4,5,Carry wobbly plate stacks through a crowded restaurant to tables,Other waiters bump you; broken plates show up on the wall of shame,Waiters balancing huge plate stacks,none,unchecked,Steady hands (35R),
590,TRD-131,Drop the Egg Challenge,creative/physics,21.8,4,3,3,4,4,Build a contraption from parts to protect an egg; drop from rising heights; survive = coins,Server drop-off: everyone's eggs fall together from a skyscraper,School egg-drop projects,none,unchecked,Parts pack (25R); Rare parachute (35R),
591,TRD-133,Chase the Ice Cream Truck,asymmetric/chase,21.8,4,2,3,4,5,Kids chase the ice cream truck; driver (player) picks where to stop and sells treats,Driver earns by spreading stops; kids earn by catching it first,Ice cream truck song and chasing videos,none,unchecked,Driver role (25R); Speed sneakers (35R),
592,WEB-019,Stop the Traffic,Hypercasual,21.8,4,3,3,4,4,Tap to stop/go your car through crossings without crashing,Each player controls one intersection of a shared city; your green light floods cars into a neighbor's crossing; crashes pile up as physics wrecks,Traffic Run! / crossroad tap-to-stop hypercasual,none,unchecked,Slow-mo 10R; Tow truck clears wreck 15R,
593,WEB-071,Advance the Ages War,Flash classic,21.8,4,3,3,4,4,Spawn units down a lane; earn XP to evolve from cavemen to future soldiers,1v1 live; era evolution is a race; special abilities per age,Age of War / Stick War,none,unchecked,Instant age-up 25R; Unit skins,
594,WEB-100,Guard the Road Crossing,Hypercasual,21.8,4,2,3,4,5,Hold up the STOP sign to let kids cross between cars,Players are the kids! One crossing guard vs traffic; kids trust or ignore,Crossing-guard / lollipop-man hypercasual,none,unchecked,Whistle 5R,
595,WEB-114,Hold the Last Button,Viral web event,21.8,4,2,3,4,5,A global timer counts down; pressing resets it; your color = how low it was when you pressed,Cross-server global timer; flair color as status; press only once per day,Reddit 'The Button' (2015) / One Million Checkboxes (2024),none,unchecked,Extra press 25R,
596,HOB-047,Build a Sandcastle,Craft / maker hobby,21.6,4,2,4,4,4,Pack sand → carve towers/moats → tide rises every 5 min → survive the wave → points,Co-op vs tide + neighbors can kick over your castle (troll) unless you build walls,Sand sculpting festivals / beach sandcastle TikToks,none,unchecked,"Bucket/shovel upgrades, seawall",
597,HOB-074,Hop a Lowrider,Unusual job,21.6,4,2,4,4,4,"Tune hydraulic pumps, batteries & springs in the garage → roll into the pit → hop-off vs another car (timed switch-hitting) → inches measured on the pole",1v1 hop-offs with crowd; candy-paint and chrome showoff at the Sunday cruise; rare pumps from part crates,Lowrider hydraulic hop competitions,none,unchecked,"Pump upgrades, candy paint",
598,HOB-121,Draft a Deck,Hobby sport / party / misc,21.6,4,3,4,4,3,"8 players open packs → pick one card, pass the rest → build a deck → quick auto-battles → winners keep packs",Hate-drafting social friction; draft pod every 5 min,"Booster draft nights (Magic: The Gathering, Pokémon prerelease)",none,"Trading Card Simulator, TCG Card Shop Simulator, Card Shop Friends, TCG Shop Simulator exist (Roblox search Sep 2026; visits unchecked)","Pack bundles, sleeves",
599,PTY-003,Unmask the Mole,Party / TV game show,21.6,4,3,4,4,3,"Team of 6-10 runs physical missions (carry the vase, balance the bridge) to fill a pot; one secret Mole subtly fails missions; at the end everyone takes a 5-question quiz about the Mole and the lowest scorer is out","Deduction is scored by a QUIZ, not a vote, so noticing details (who held the rope when it snapped) wins; Mole wins by draining the pot unnoticed; bots act as sloppy teammates; collect mission medals and mole masks",The Mole (Netflix reboot) / Jubilee 'Odd Man Out' faker videos,none,unchecked,Be-the-Mole token; dossier hint (1/game); mask cosmetics,
600,PTY-009,Drop Down the Wall,Party / TV game show,21.6,4,2,4,4,4,"A contestant answers questions while the other players ARE the balls: ragdoll down a giant peg wall, steering slightly to land in green or red slots",Turns peg-board into a 50-player physics party where the audience decides the contestant's fate; steer into your friend's red slot to troll; unlock ball skins and wall themes,The Wall (NBC),none,unchecked,Steer boost; ball skins; contestant queue skip,
601,PTY-056,Match the Card,Party / board & card massified,21.6,3,4,3,3,5,A judge flips a prompt card ('Crunchy'); everyone plays the funniest noun from their hand; judge picks; judge rotates,Kid-safe card party with collectible funny card packs and rare holo cards; bots play hands; seasonal packs,Apples to Apples / What Do You Meme,none,unchecked,"Card packs (direct buy, shown contents); judge-skip; card sleeves",
602,PVP-005,Stay on the Mechanical Bull,PvP party,21.6,4,2,4,4,4,Up to 8 bulls in a ring: keep balance with timed taps while bull bucks; your bull can ram neighbours' bulls to throw riders,Balance minigame + bull-on-bull bumping; thrown riders fly into the crowd (ragdoll),Bar/fair mechanical-bull fail clips,none,unchecked,Tame-bull extra second of grip; Golden bull skin; Rodeo arena private server,
603,PVP-034,Throw a Boomerang,PvP duel,21.6,4,2,3,5,4,"Arena dodgeball with boomerangs: throw, it curves back; catch your own to throw again, miss the catch and you are unarmed",Every throw threatens twice (outbound and return); catching is the skill ceiling,Boomerang trick-shot videos,none,unchecked,Boomerang shapes with different curves; Extra boomerang; Trail cosmetics,
604,PVP-038,Spike the Roundnet,sports PvP,21.6,4,2,3,4,4,"2v2 around a small trampoline net; spike, set, dive; 360-degree court, no sides",No sides means constant repositioning; short rallies and clip-worthy dives,Spikeball (roundnet) beach videos,"Sports demand: Volleyball Legends 3.87B visits, #1 Roblox Sports CCU (Rolimon's / thespike.gg, Sep 2026) - sports PvP is huge",unchecked,Net skins; Dive trail; Team custom colors,
605,PVP-042,Fling a Pumpkin,seasonal build + PvP,21.6,4,2,4,4,4,"Pick catapult parts, launch pumpkins for distance; bonus for splattering rival teams' scarecrows",Build-a-launcher + target splat; October event,Punkin Chunkin (catapult/air-cannon pumpkin throwing),none,unchecked,Air-cannon part; Golden pumpkin; Launch replay cam,
606,PVP-050,Charge the Chariot,vehicle PvP,21.6,4,2,4,4,4,"Race chariots round a colosseum; whip horses, bump wheels, spikes shred rivals' wheels; crashed drivers get dragged",Ben-Hur race energy; two-player mode (driver + spear rider),Roman chariot racing; 'Roman Empire' meme,none,unchecked,Horse breeds; Wheel spikes; Emperor box VIP,
607,PVP-065,"Build a Sandcastle, Stomp Theirs",build battle,21.6,4,2,4,4,4,2 minutes to build a sandcastle from blocks; then 30s stampede where everyone kicks others' castles; tide comes in; tallest surviving wins,Build-then-wreck social chaos; defenders can block kicks,Beach sandcastle contests; kids stomping castles meme,none,unchecked,Moat wall; Seashell decoration pack; Crab guard pet,
608,PVP-066,Trap Your Friend,build battle,21.6,4,2,4,4,4,1v1: 60s to build a trap in a corridor with traps kit; rival must run it; then swap; who survives longer wins,Friend-vs-friend content made for YouTubers; each round is a clip,Prank-trap and Rube Goldberg videos,none,Obby-maker games exist (unchecked),Premium trap parts; Skip-a-trap token; Custom corridor themes,
609,PVP-083,Be the Goose,asymmetric creature,21.6,4,2,4,4,4,"2-3 goose players terrorise a park of 12 human players (steal items, honk, chase); humans must finish picnic tasks",Goose-vs-humans asymmetric; geese have honk-stun,Untitled Goose Game; 'goose chasing people' clips,none,unchecked,Goose role priority; Honk sounds; Golden goose,
610,PVP-090,Stampede as the Bulls,asymmetric creature,21.6,4,2,4,4,4,"A few players are bulls, the rest run the streets to the arena; bulls toss runners; runners who finish score",Real festival turned asymmetric race,Running of the Bulls (Pamplona),none,unchecked,Bull role priority; Red scarf; Speed sandals,
611,PVP-104,Lead the Conga Line,weird PvP,21.6,4,2,4,4,4,"Dance around a party; bump into loners to add them to your conga line; if your head hits another line, you join it",Snake game made of real players who can break off and betray,Conga lines; slither.io,none,Snake games exist (unchecked),Leader hat skins; Music track packs; Break-free token,
612,RES-004,Cable a Server Rack,research-sourced,21.6,4,2,3,4,4,"Place racks, run cables, packets flow, earn, expand",Overloaded racks catch fire; co-op cable spaghetti,Steam Data Center (Mar 2026),Data Center 76% of 928 reviews,none found,,
613,SSN-001,Carve a Lantern Guardian,Seasonal-Halloween,21.6,4,3,4,3,3,Carve a face into a pumpkin with a drag-knife in 60s → the carving becomes your glowing guardian → 5-min night wave where guardians light the path and scare shadow critters,Your drawing IS your unit: server votes on carvings and the vote score becomes the guardian's light radius; after Halloween swap pumpkins for melons/turnips/ice blocks (evergreen),Jack-o'-lantern carving videos every October; Halloween Spotlight window,"Roblox Halloween Spotlight Oct 23–Nov 3 2025, 31 games (Roblox Wiki / TheSpike 2025); Fish It 186K→389K CCU Sep→Oct 2025 shows October lift (market scout 2026-09-27)",unchecked,Stencil & tool pack; guardian glow colors; revive-a-guardian,
614,SSN-018,Wear a Cursed Relic,Seasonal-Halloween,21.6,4,3,4,4,3,Buy cursed antiques (RNG curse + buff) → equip up to 3 → co-op dungeon night run → survivors keep relics,"Every buff has a curse that affects teammates too (e.g., you glow; the monster sees your team)",Cursed-item TikTok stories; roguelite buffs with downsides,none,unchecked,Relic crates; curse cleanse; extra slot,
615,SSN-046,Share the Last Generator,Co-op Survival,21.6,4,2,4,4,4,Blackout street: one generator feeds all houses; each player's lights drain the grid; the monster hunts dark houses,Power-sharing friction — selfish lighting kills neighbors,City blackout; power sharing,none,unchecked,Solar panel; battery bank; skins,
616,SSN-058,Sneak Down a Chimney,Seasonal-Christmas/Winter,21.6,4,2,4,4,4,"Drop down chimneys, place gifts, eat cookies without waking kids or dogs; noise meter; squad of 4 splits houses",Stealth + greed (cookies give points but crumbs are noisy),Santa stealth,none,unchecked,Quiet boots; cookie radar; suits,
617,SSN-064,Guard the Christmas Tree,Seasonal-Christmas/Winter,21.6,4,3,4,4,3,"Play as toys (nutcracker, teddy, RC car) defending the tree from mouse-king waves at toy scale; 4-player co-op",Toy-scale living room arena with toy classes,Nutcracker / toys come alive,none,unchecked,Toy classes; ornament ammo; revive,
618,SSN-072,Build a Snowman Army,Seasonal-Christmas/Winter,21.6,4,2,4,4,4,Roll snowballs into snowmen; they come alive at night and raid neighbors' snowmen,Your builds become raiders; melt timer,Snowman building,none,unchecked,Carrot noses (rare); hats; freeze ray,
619,SSN-094,Defend the Farm from UFOs,Co-op Horror,21.6,4,2,4,4,4,At night UFOs beam up cows; players tug-of-war cows back and shoot down beams,Rope tug vs tractor beams; goofy co-op,Cow abduction trope,none,unchecked,Tractor upgrades; cow skins; laser pass,
620,SSN-115,Escape the Candy House,Cozy-Spooky,21.6,4,2,4,4,4,Trapped in a witch's candy house; eat walls to open escape routes but eating slows you; the witch patrols,Greed vs speed stealth,Hansel & Gretel,none,unchecked,Candy radar; stomach upgrade; skins,
621,SSN-118,Hear the Midnight Ice Cream Truck,Original Monster / Urban Legend,21.6,4,2,4,4,4,The truck's jingle means hide; collect scattered toys around the neighborhood between patrols,Audio-cue stealth with a kid-relatable monster,Original legend: the midnight ice cream truck,none,unchecked,Hiding-spot unlocks; toy radar; skins,
622,STM-010,Crew the Giant Cannon,Friendslop co-op,21.6,4,3,3,4,3,"6 players run one colossal turret: loader hauls shells, spotter calls coordinates from binoculars, gunner aims by numbers, engineer patches leaks; survive waves of blimps","Every role is blind without the others (gunner cannot see targets, spotter cannot fire)",IRON NEST: Heavy Turret Simulator (June 2026 Next Fest),"IRON NEST: Heavy Turret Simulator was a top-3 most-played demo of June 2026 Next Fest (mxdwn / GamingOnLinux, Jun 2026)",unchecked,Shell skins; auto-loader gamepass; turret paint,
623,WEB-035,Swing the Flail Car,io classic,21.6,4,2,4,4,4,Drive a car dragging a spiked flail on a chain; smash others with it,Physics flails in Roblox are clip gold; team flail duos where your flail can be tethered to a friend,Brutal.io,none,unchecked,Heavier flail 15R; Car skins,
624,HOB-024,Appraise It,Collecting subculture,21.4,3,3,3,4,5,Round: an item is revealed with clues → every player bids a secret appraisal → reveal with hidden story → closest earns,Players bring their own items from collections (cross-game UGC); bluff mode where one player knows the real value,Antiques Roadshow; guess-the-value party,none,unchecked (Guess the Price occupied),"Hint tokens, custom item slots",
625,HOB-067,Trim a Hoof,Unusual job,21.4,5,3,2,3,4,Animal walks in → pick hoof → clean packed mud → nip & rasp overgrowth (over-trim hurts) → fit shoe → animal trots off; each client ~60s,Gross-to-satisfying reveal; rare show horses pay big for fancy shoes; ranch contracts give daily return reason,Farrier hoof-trimming ASMR videos,none,unchecked,"Tool upgrades, shoe cosmetics",
626,HOB-101,Cut It Open,Outdoor / nature hobby,21.4,3,3,3,4,5,"Pick a sealed object (golf ball, snow globe, toy) → saw it in half → inside reveal RNG → sell or display the cross-section","Before each cut, other players bet on what's inside; rare 'impossible' interiors",'What's inside?' cutting videos,none,unchecked,Saw upgrades,
627,HOB-107,Throw a 180,Hobby sport / party / misc,21.4,3,3,3,4,5,1v1 501 darts → aim with a breathing wobble reticle → hit trebles → finish on a double → rank up,Walk-on entrance with song and crowd chant as showoff; rare dart barrels/flights from crates,Pro darts boom (Luke Littler era) and pub darts,none,unchecked (darts games exist on Roblox),"Dart sets, walk-on songs",
628,PTY-025,Escape the Hidden Temple,Party / TV game show,21.4,4,2,4,4,3,"Teams cross the moat, climb the Steps of Knowledge, then one runs the temple rooms for the artifact while other players hide as Temple Guards who jump out",Guards are real players (asymmetric); pendant of life passes one guard; bots guard when few players; collect artifacts for a museum,Legends of the Hidden Temple (Nickelodeon),"none (indirect: '2026 is the new 2016' nostalgia wave, Forbes Jan 18 2026)",unchecked,Extra pendant; guard costumes; artifact display cases,
629,PTY-043,Race Home Ludo,Party / board & card massified,21.4,3,3,3,4,5,"4 teams of 4 players act as the pawns on a giant Ludo board; roll, move, capture by landing on enemies and sending them home",Each player is a pawn so teams coordinate; captures are knock-back moments; bots are pawns; board themes,Ludo King (mobile hit in India/SEA),none,unchecked,Dice skins; board themes; safe-square shield,
630,PTY-066,Crack the Code,Party / board & card massified,21.4,3,3,3,4,5,50 players try to crack the same 4-colour code; your peg feedback is private but everyone sees how many tries each player used,Shared race with deduction; daily code like Wordle; streaks; bots race; peg skins,Mastermind,none,unchecked,Hint peg; peg skins; streak freeze,
631,RES-005,Walk a Trail,research-sourced,21.4,5,5,3,4,2,"2–12 player hike, proximity-only comms, puzzles, reach camp",One player holds the map; flares and whistles only,"Steam Big Walk (1M sold in 6 days, Aug 2026)","Big Walk 46,409 peak, 95.6% of 32.7K reviews",none found,,
632,SSN-126,Freeze Tag in a Blizzard,Seasonal-Christmas/Winter,21.4,3,3,3,4,5,Frozen players thaw only when two teammates hug them; visibility drops in gusts,Classic tag with two-person thaw,Freeze tag,none,Tag games common,Thaw speed; skins; boots,
633,TRD-121,Launch a Soda Geyser,physics/incremental,21.4,3,3,3,4,5,"Pick soda and candy combos, drop them in, ride or measure the geyser height; upgrade bottles",Combo discovery book: secret combos give rare colored geysers,Mentos-and-soda geyser videos,none,Launch/throw incrementals decay fast (unchecked),Mega bottle (49R); Combo hint (15R),
634,WEB-054,Escort the Fire and Water Duo,Flash/Coolmath classic,21.4,3,4,3,4,4,"Two players, one fire one water; each can only cross their own pool; hit switches for each other",Online pairing with friends or matchmaking; element RNG swap levels (earth/air unlocks); speedrun boards per pair,Fireboy and Watergirl,none,unchecked (fan remakes likely exist),Level skip 15R; Character skins,
635,WEB-064,Swing the Stickman Hook,Poki/mobile hit,21.4,3,4,3,4,4,Tap to grapple hooks and swing through levels,8-player live swing races; hooks break after 3 uses so leaders cost followers,Stickman Hook,none,unchecked,Extra grapple 10R; Rope colors,
636,WEB-068,Survive the Hardest Game,Flash classic,21.4,3,3,3,4,5,Guide a square through blue dots to collect coins and reach the exit,30 players at once; total server death counter; finishers unlock a shared checkpoint for everyone,World's Hardest Game,none,unchecked,Checkpoint skip 10R; Square skins,
637,WEB-073,Freeze the Ice Cream,Flash classic,21.4,3,3,3,4,5,"Ice cream cones collect fruit on a grid, make/break ice blocks to trap monsters",4-player co-op with friendly-fire ice (trap your mate),Bad Ice Cream,none,unchecked,Flavor skins,
638,WEB-091,Dash the Mask Maze,Mobile hit,21.4,3,3,3,4,5,Swipe to dash until you hit a wall; collect dots; rising lava,"4 players same maze, dots are shared; dash into others to stun",Tomb of the Mask,none,unchecked,Shield 10R; Mask skins,
639,WEB-107,Draw the Perfect Circle,Neal.fun viral toy,21.4,3,3,3,4,5,Draw a circle with one stroke; get a % score,"Shape royale: circle, star, heart, square; lowest % eliminated each round; perfect-score leaderboards",Draw a Perfect Circle (neal.fun),none,unchecked,Retry 5R; Chalk color,
640,HOB-013,Spot License Plates,Collecting subculture,21.2,5,2,3,3,4,Drive highway loop → plates pass by → tap to log (state/vanity/rare antique) → fill the US map,Vanity plates are player-written (moderated) — players' cars become spottable plates for others; road trip with friends in one car,"Road-trip license plate game (collect all 50 states), vanity plates",none,unchecked,"Car seats +2 (bring friends), rare-plate luck, map poster",
641,HOB-034,Sculpt Chocolate,Craft / maker hobby,21.2,5,3,3,3,3,Temper chocolate (temperature timing) → pour molds → assemble sculpture parts → display; judges score shine/snap,Melt timer: sculptures slowly droop if tempering was bad; co-op build big sculptures for server showcase,Pastry chef chocolate sculptures (Amaury Guichon-style) on TikTok,none,unchecked,"Tempering thermometer pass, mold packs",
642,HOB-038,Turn a Bowl,Craft / maker hobby,21.2,5,2,3,3,4,"Mount a blank → carve with chisel on spinning lathe (depth control) → finish oil reveal → grain RNG (burl, spalted, rare woods)",Catch risk: over-cut and the blank explodes (clip moment); rare woods found by felling trees on a shared forest,"Woodturning lathe videos (burl reveals, epoxy-wood hybrids)",none,unchecked,"Rare blank crate, lathe speed, catch-guard",
643,HOB-072,Spin a Sign,Unusual job,21.2,5,1,3,3,5,"Stand at a street corner → spin, flip and toss the sign with combo inputs → foot-traffic meter fills → store you advertise grows → better corners",Trick battles against the rival spinner across the street — whoever draws more NPC customers steals the contract; drops = crowd laughs,Sign-spinner street advertisers (trick videos),none,unchecked,"Sign skins, trick unlocks",
644,HOB-086,Sample Lava,Outdoor / nature hobby,21.2,5,2,3,3,4,"Suit up → hike toward an active flow → scoop a sample before heat meter maxes → lab reveals mineral RNG (obsidian, olivine, rare 'Pele's hair')",Scheduled server-wide eruptions shift the map's flows; co-op heat shield lets teams reach richer vents,Volcanologist footage (Iceland/Hawaii eruptions),none,unchecked,"Heat suit, long scoop",
645,HOB-097,Hide a Geocache,Outdoor / nature hobby,21.2,5,2,3,3,4,Hide a cache container anywhere in the shared world with a written hint → others hunt using GPS hot/cold → log finds and swap trinkets,Player-made hunts; 'trackable' items travel between caches and record their journey; hiders earn per find,Geocaching,none,unchecked,"Cache slots, GPS upgrades",
646,HOB-098,Launch a Weather Balloon,Outdoor / nature hobby,21.2,5,2,3,3,4,"Build payload (camera, GPS, parachute) → launch balloon → it rises through layers → pop altitude RNG → race to recovery site → view space photos",Recovery race: other players can grab your landed payload first; altitude records board,High-altitude weather balloon to space videos,none,unchecked,"Bigger balloon, GPS tracker",
647,PTY-016,Prove You're Physical 100,Party / TV game show,21.2,3,3,4,4,4,"Train stats, then enter 100-player quests: hang from a bar longest, 1v1 ball-grab, team pole tug; your torso statue shatters when you're out",Stat grind (D7) feeding short skill-and-stamina events; statue hall shows best rank; bots fill brackets,Physical: 100 (Netflix),none,Strength-sim lane crowded (lifting sims) but not quest format; unchecked,Training boost; statue materials; bracket revive,
648,PTY-108,Pass the Buckets,Party / 100-player co-op server goal,21.2,5,2,3,3,4,A town is on fire; players form a human chain from the well; pass buckets in rhythm; gaps break the chain; save houses,Human-chain timing where every link matters; saved houses stay rebuilt as a server town; bots fill gaps,Bucket brigade (old fire brigades),none,unchecked,Bigger buckets; town decor; hero badge,
649,PTY-113,Flip the Card Stunt,Party / 100-player co-op server goal,21.2,5,2,3,3,4,Each player sits in a stadium seat holding a coloured card; flip at the right cue to form a pixel image; accuracy score,100 players create one giant picture; images unlock; solo mode with bot seats; showoff stadium replays,Stadium card stunts / the wave,none,unchecked,Image packs; seat upgrades; confetti,
650,PTY-115,Walk the Moai,Party / 100-player co-op server goal,21.2,5,2,3,3,4,Teams on ropes rock a giant stone statue left and right in rhythm to 'walk' it to its platform,Rope rhythm co-op on a huge object; statues unlock with new heads; bots on ropes,Easter Island moai 'walking' statue theory,none,Build the Pyramid! adjacent co-op lane,Rope grip; statue heads; island themes,
651,PVP-037,Smash a Pickleball,sports PvP,21.2,3,3,3,4,4,"1v1/2v2 pickleball with dinks, kitchen rule, and 'Erne' dives; ranked ladders, 3-minute games",Simple sport with high clip moments (around-the-post shots); fits Volleyball Legends style,Pickleball - fastest-growing US sport,"Sports demand: Volleyball Legends 3.87B visits, #1 Roblox Sports CCU (Rolimon's / thespike.gg, Sep 2026) - sports PvP is huge",unchecked,Paddle skins with sounds; Ranked visor badges; Private court,
652,PVP-109,Babysit the Toddlers,asymmetric party,21.2,3,3,4,4,4,"One babysitter player vs 6 toddler players trying to reach hazards (sockets, stairs, cookie jar); babysitter carries toddlers back",Toddler roleplay chaos with a goal,Who's Your Daddy (Steam) toddler-vs-parent chaos,none,Baby/parent roleplay games exist (unchecked),Babysitter role priority; Toddler outfits; Crawl speed,
653,SSN-019,Guide the Sleepwalker,Co-op Horror,21.2,5,2,3,3,4,One friend (or NPC) sleepwalks toward danger; the rest silently move obstacles and close doors without making noise that would wake them (waking = monster finds all),Escort co-op where noise is the enemy; evergreen,Sleepwalking videos,none,unchecked,Sleepwalker skins; silent-shoes; retry,
654,SSN-025,Race a Witch Broom,Seasonal-Halloween,21.2,3,3,4,4,4,Race brooms through a haunted circuit; broom parts drop with RNG stats; weekly cup,Craftable broom parts with rarity; lap-shortcut tricks,"Witch aesthetic, flying races",none,unchecked,Part crates; boost charm; trails,
655,SSN-078,Draw a Rangoli,Seasonal-Other,21.2,5,2,3,3,4,Symmetric pattern tool: draw with colored powder; server votes; lamps light your best rangoli at night,Symmetry tool makes anyone look good,Diwali rangoli art,none,unchecked,Color packs; lamp decor; stencils,
656,SSN-079,Light the Marigold Path,Seasonal-Other,21.2,5,2,3,3,4,Co-op lay marigold petals to guide lost spirits home through a village before dawn; spirits share stories and gifts,Respectful cozy path-building; runs right after Halloween window,Día de Muertos (Nov 1–2) marigold paths,none,unchecked,Petal baskets; lantern decor; spirit gifts,
657,SSN-096,Run a Monster Hotel,Cozy-Spooky,21.2,3,3,4,4,4,"Build rooms for monster guests (coffins, swamp suite); guest RNG; reviews raise stars",Monster-need tycoon with rare guests,Hotel Transylvania,none,unchecked,Premium rooms; guest lure; staff,
658,SSN-109,Escape the Toy Store at Night,Seasonal-Christmas/Winter,21.2,3,3,4,4,4,"Locked in a toy store after close; toys wake at midnight; 4 players find keys, hide in displays, escape",Holiday toy-store setting; evergreen,Living-toy horror; holiday shopping,none,Toy-horror (Poppy-style) games common (unchecked),Flashlight; hiding spot unlock; revive,
659,WEB-034,Grow the Weapon,io classic,21.2,3,3,4,4,4,Kill others to level; weapon and body get bigger each level but slower,Weapon evolves through RNG styles per level (stick → sword → lamppost → rocket); big-vs-small momentum hitboxes,EvoWars.io,none,unchecked,Dash cooldown 15R; Weapon skin line,
660,HOB-030,Customize a Sneaker,Craft / maker hobby,21.0,3,3,4,4,3,"Client NPC sends a brief → strip, paint, swap laces, add patches → client rates → coins; your best pairs worn on avatar","Weekly 'Sneaker Wars' bracket: two customizers get the same blank, server votes; winners' designs sold in-game as limited drops","Custom sneaker creators (Reshoevn8r / Vick Almighty), sneaker culture",Reshoevn8r / Vick Almighty custom-sneaker videos active on TikTok & YouTube 2025 (TikTok; no view counts found),unchecked (DTI-style judging lane adjacent),"Paint/texture packs, pro airbrush, bracket entry boost",
661,MSH-077,Run a Coin Bank,Format mashup: collect -> passive income -> rebirth x player loans,21.0,5,2,3,4,3,Earn income -> open a bank booth -> lend/borrow -> collect repayments -> rebirth,Twist: players can lend coins to newer players who repay with interest from their income; defaulters get a public badge,Parents: collect -> passive income -> rebirth x player loans. Social economy twist; kids may not grasp loans quickly.,none,unchecked,Bank booth pass; Credit score boost; Vault skin,
662,PTY-004,Storm the Castle,Party / TV game show,21.0,3,3,4,4,3,"50 contestants run show-style events (stepping stones over mud, knock-knock doors, rolling boulder slope); survivors reach the final castle water-cannon battle vs the Emperor","Official Roblox Takeshi's Castle closed 31 Mar 2025, so the lane is vacant; ragdoll mud-splash fails are the fun; bots fill to 20; unlock events on a castle meta-map and collect contestant costumes",Takeshi's Castle (TBS; Amazon reboot 2023),"Official Takeshi's Castle Roblox game launched Sep 2023 and closed 31 Mar 2025 (Automaton; Keshipedia) - IP interest proven, lane vacant","Roblox Wipeout (20+ maps, ragdoll rounds) occupies adjacent lane",Second-chance life; Emperor-for-a-round pass; direct-buy costumes,
663,PVP-031,Iron on a Cliff,unusual sport,21.0,5,1,3,3,4,"Race to iron shirts in absurd places (cliff edge, skydive, underwater); wrinkles meter; rivals can shove your board",Deadpan absurdist sport; each map is a new extreme location,"Extreme ironing (invented 1997, Leicester)",Extreme ironing exists as a real sport since 1997 (Wikipedia); no Roblox occupant found in search Sep 2026,unchecked (none found in search),Steam-jet iron; Board skins; Location unlock pass,
664,PVP-053,Joust with Excavators,vehicle PvP,21.0,5,2,3,4,3,"1v1 on a dirt mound, each in an excavator; use the arm to flip or push the other machine off the hill",Arm-control physics duel; 2-joint arm feels like a claw machine fight,Excavator 'dance' and bucket-skill competition clips,none,unchecked,"Arm attachments (hammer, grapple); Machine paint; Replay cam",
665,PVP-058,Stop the Getaway Buses,vehicle PvP,21.0,5,1,3,4,4,Two teams share one giant bus each (driver + passengers who lean to tip it); ram the other bus over,Whole team controls one vehicle's weight - lean together or tip,School bus / crazy-bus clips,none,unchecked,Driver seat priority; Bus paint; Spiked bumper,
666,PVP-061,Fell a Tree on Them,destruction PvP,21.0,5,1,3,4,4,Forest arena: chop trees so they fall onto rivals; felled players are pinned; chain-fall trees for combos,Cutting angle decides where the tree lands - aim with an axe,Lumberjack 'timber!' clips,none,unchecked,Chainsaw; Golden axe; Hard hat revive,
667,PVP-072,Drive the Traffic Lights,asymmetric vehicle,21.0,5,1,3,4,4,"One player controls all traffic lights of a junction; 16 drivers must get through; controller scores crashes, drivers score deliveries",Controller vs everyone - chaos by design,Traffic-chaos memes,none,unchecked,Controller priority; Car skins; Horn sounds,
668,PVP-079,Grab Them with a Frog Tongue,creature PvP,21.0,5,1,3,4,4,Frogs on lily pads: tongue-grapple flies for points or yank rival frogs into the water; jump between pads,Grapple is both movement and attack,Frog tongue slow-mo clips,none,unchecked,Tongue length upgrade; Poison dart frog skins; Fly swarm,
669,PVP-099,Be the Tornado,asymmetric destruction,21.0,3,2,4,4,4,"One player steers a tornado through a town; others hold on to poles, hide in cellars, or fly; tornado grows by eating debris",Player-controlled disaster instead of random,Tornado videos; disaster games,"Disaster games exist (Natural Disaster Survival, unchecked numbers)",Natural Disaster Survival-type games exist (unchecked),Tornado role priority; Storm skins; Anchor boots,
670,PVP-110,Dodge the Headless Horseman,asymmetric seasonal,21.0,3,2,4,4,4,One horseman player gallops through a village throwing pumpkins; villagers ring the church bell (task) before midnight,October 1-vs-many; pumpkin projectiles ragdoll villagers,Halloween; Sleepy Hollow,"Asymmetric demand: Forsaken (1 killer vs 4) 5.8B visits Jul 2026, ~80K avg CCU (forsakenhub.com, 2026) - asymmetric 1-vs-many is a proven top format",Halloween events common (unchecked),Horseman priority; Lantern revive; Spooky skins,
671,PVP-112,Cut the Kite String,PvP sport,21.0,5,2,3,4,3,Fly a kite; cross strings with rivals and saw to cut them; cut kites drift and can be caught for loot,Real festival sport; string-saw physics,Uttarayan / Basant kite fighting,none,unchecked,Glass-coated string; Kite designs; Catch net,
672,PVP-118,Tip the Canoe,co-op PvP,21.0,5,1,3,4,4,Pairs share a canoe (front and back paddler); ram and tip rival canoes; standing on the rim to rock boats = gunwale bob mode,Two-person balance and steering in one boat; capsize physics,Canoe-tipping and 'gunwale bobbing' clips,none,unchecked,Canoe skins; Paddle upgrades; Life-jacket revive,
673,SSN-090,Find Your Shadow,Original Monster / Urban Legend,21.0,5,2,4,3,3,Your shadow detaches and hunts your friends; to banish it you must light it from your own angle while friends lure it,Self-as-monster twist; team must protect each other from each other's shadows,Detached-shadow horror,none,unchecked,Lantern types; shadow skins; revive,
674,STM-020,Wake the Clocktower Town,Social deduction,21.0,3,3,4,4,3,Every player gets a secret character with a power; a demon picks off villagers at night; day debates and nominations,Rich role abilities (not just impostor vs crew) with a bot storyteller for 8-15 players,Blood on the Clocktower (digital boom 2023-25),none (not verified this session; Clocktower digital popularity),unchecked (Mafia/Werewolf games exist),Role picker pass; custom role packs; nameplate,
675,WEB-018,Roll the Block Home,Coolmath classic,21.0,4,3,2,3,5,Roll a 1x2 block across floating tiles to stand it upright in the hole,2-player: each controls a block; switches and bridges only work when both stand on them; global time leaderboard per level,Bloxorz (Coolmath classic),none,unchecked,Level skip 15R; Block skins,
676,HOB-011,Hunt Retro Games,Collecting subculture,20.8,4,3,3,3,4,Visit flea stalls/pawn tables → buy mystery cartridges → blow on cart & test → CIB/sealed/graded RNG → shelf,Test minigame: a cart may be a dud; rare 'sealed' carts can be graded; shelf of consoles playable as micro arcade games,Retro game collecting & 'complete in box' hunting,none,unchecked,"Graded-case pass, stall refresh, dud insurance",
677,HOB-020,Adopt a Pet Rock,Collecting subculture,20.8,4,2,3,3,5,Find rocks → give eyes/hat → rock gets random personality → keep it happy (care tasks) → rocks 'race' (roll downhill) weekly,Deadpan humor: care loops for an object that does nothing; rock-rolling race every 10 min,2024–25 pet-rock trend (Korea stress-relief pet rocks),none,unchecked,"Accessory packs, rock bed, extra rock slots",
678,HOB-026,Iron Perler Beads,Collecting subculture,20.8,4,2,3,3,5,Place beads on a pegboard pattern (fast tapping) → iron reveal (melt RNG: perfect/burnt) → hang art,Speed-bead races vs server; burnt beads create rare 'glitch' variants,Perler/fuse bead pixel art TikToks,none,unchecked,"Bead color packs, iron upgrades",
679,HOB-093,Raise Monarchs,Outdoor / nature hobby,20.8,4,2,3,3,5,Collect eggs on milkweed → feed caterpillars → chrysalis stage → reveal wing pattern RNG → release or keep in a butterfly house,Released butterflies join a server-wide migration flock; rare patterns tagged with your name,Monarch butterfly rearing (caterpillar → chrysalis → release),none,unchecked,Habitat upgrades,
680,HOB-128,Sort Bulk Lego,Hobby sport / party / misc,20.8,4,3,3,3,4,Buy a bulk tub → dump pieces → sort by color/type into bins (fast drag) → rare minifigs appear → complete sets,Minifig chase and trading; sorting speed leaderboard,Buying bulk Lego by the pound and sorting for rare minifigs (TikTok),none,unchecked,"Sorting trays, bigger tubs",
681,PTY-013,Beat the Cube,Party / TV game show,20.8,4,2,3,3,5,"One player enters a glass cube for 7 escalating precise tasks (stop the timer at 3.00s, drop a ball into a ring) with 9 lives; the server watches and makes free pass/fail predictions",Built for 1 active player at a time with spectators predicting - works solo or with 50; trial-run 'body double'; cube trophies per task,The Cube (ITV/ABC),none,unchecked,Extra life; simplify-task (1/run); spectator reaction emotes,
682,PTY-059,Flick Paper Football,Party / board & card massified,20.8,4,2,3,3,5,Flick a paper triangle across a desk; hanging over the edge = touchdown; opponent makes finger goalposts for kicks,Precise flick power/angle skill in 60-second matches; desk and paper skins; ranked ladder; bots,Classroom paper-triangle football,none,unchecked,Paper skins; desk themes; rematch pass,
683,PTY-060,Speed Stack Cups,Party / board & card massified,20.8,4,2,3,3,5,"Up-stack and down-stack cup pyramids in the official sequences (3-3-3, 3-6-3, cycle) by timed key rhythm; race others",Real sport sequences with ASMR cup clacks; relay mode with 4; ghost times from world records; cup sets,Sport stacking (WSSA),none,unchecked,Cup sets; mat themes; replay emote,
684,PTY-061,Operate Without Buzzing,Party / board & card massified,20.8,4,2,3,3,5,"One player is the patient (giant avatar on a table); others take turns removing silly items (rubber duck, pizza) with tweezers; touching edges buzzes and zaps you",The patient can wiggle to cause buzzes (troll); item collection; bots operate; patient cosmetics,Operation (Hasbro),none,unchecked,Tweezer skins; steady-hand buff; patient cosmetics,
685,PTY-065,Pass the Laws,Party / board & card massified,20.8,4,3,3,3,4,Kitchen council: the Chef and Sous-chef draw ingredient cards and pass one recipe; secret Saboteurs want 3 'rotten' recipes baked; everyone argues and votes,Hidden-role card logic with forced bad draws creates plausible deniability; bots argue with preset lines; collect chef hats,Secret Hitler / hidden-role card game (kid-safe re-theme),none,"Traitor Town, MAFIA occupy hidden-role lane; card-policy variant unchecked",Role preview token; chef hats; private kitchen,
686,PTY-095,Tell Two Truths and a Lie,Party / sleepover game,20.8,4,2,3,3,5,The game generates facts from your real stats ('I have 3 golden eggs'); you pick which lie to swap in; others guess the lie,Stats-based statements make it moderation-safe and personal; bluffing skill; bots; liar ranks,Two Truths and a Lie icebreaker,none,unchecked,Extra fact; liar badges; card skins,
687,PTY-124,Ring and Run,Party / friend-troll,20.8,4,2,3,3,5,Ring NPC doorbells and run before the grumpy owner catches you; ring friends' doors to lure them out into traps,Stealth-chase comedy; neighbourhoods unlock; bots own houses,Ding-dong ditch (cartoon),none,unchecked,Sneakers; neighbourhood packs; decoy,
688,SSN-016,Fly a Broom Delivery,Cozy-Spooky,20.8,4,3,3,3,4,Fly a broom over a seaside town delivering potions and parcels before the timer; wind and storms; upgrade broom,Cozy flight-courier with weather; delivery chains between friends,"Kiki's Delivery Service, witch aesthetic",none,unchecked,Broom skins; speed charm; familiar pet,
689,TRD-069,Do the Stadium Wave,party/sports,20.8,4,2,2,4,5,Stand and sit on cue to keep a wave going around a 100-seat stadium; faster laps pay more,Mass timing game; one lazy player breaks it,Stadium wave,none,unchecked,Foam finger (15R),
690,WEB-017,Draw the Water Path,Coolmath / mobile puzzle,20.8,4,3,3,3,4,Draw lines so falling sugar/water flows into cups of the right color,Co-op: each player may draw only in their zone; the stream passes through everyone's zone; ink is shared and limited,Sugar Sugar (Coolmath) / Happy Glass / Where's My Water,none,unchecked,Extra ink 10R; Color filter tool 15R,
691,WEB-074,Ride the Line Track,Flash classic,20.8,4,3,3,3,4,Draw a track with lines; a sledder rides it with physics,Share tracks; others ride them; top-rated tracks featured; multi-rider races,Line Rider,none,unchecked,Special line types 15R; Rider skins,
692,WEB-113,Click a Cozy Town,Viral web toy,20.8,4,3,3,3,4,"Click to place colored blocks that auto-form houses, arches, stairs",Co-op island per server; others visit and like; weekly themes,Townscaper,none,unchecked,Color packs 15R; Bigger island,
693,HOB-022,Chase Autographs,Collecting subculture,20.6,4,2,4,3,4,NPC celebs appear at random booths → queue or sprint → autograph minigame → signed items gain value,"Line-cutting drama: VIP pass holders skip, others push; rare 'surprise guest' spawns server-wide",Autograph hunting at conventions,none,unchecked,"VIP pass, pen upgrades, surprise guest alert",
694,HOB-050,Race a Jigsaw,Craft / maker hobby,20.6,4,2,3,4,4,Same puzzle for 2–4 players → race to finish → piece-fly animation → win coins; collect rare puzzle boxes,"Sabotage powerups (steal a piece, flip pieces); co-op 1000-piece server puzzle weekend",Competitive jigsaw puzzling (speed-puzzling championships),none,unchecked,"Piece-magnet, rare puzzle boxes",
695,HOB-062,Guard the Beach,Unusual job,20.6,4,2,3,4,4,Watch a crowded beach → spot swimmers in trouble (subtle cues) → sprint/paddle out → rescue,Server lifeguard team; some players are beachgoers who can fake-drown (troll) or cause chaos,Lifeguard POV TikToks,none,unchecked,"Binoculars, rescue board, tower upgrade",
696,HOB-063,Stack a Skyscraper,Unusual job,20.6,4,2,3,4,4,Operate crane → lift beams → place precisely in wind → floors rise → server tower height,Multiple crane players build one shared tower; misplacement causes collapse clips,Tower-crane operator POV videos,none,Build the Pyramid! 100-player co-op goal 4.3K CCU / 1.1M visits (market scout Sep 2026),"Crane stabilizer, heavy lift",
697,HOB-065,Tag a Shark,Unusual job,20.6,4,3,4,3,3,Chum water from boat → shark arrives (species RNG) → wrangle on lift (co-op) → tag → shark joins live map,Tagged sharks roam the server map with your name; others can 'ping' them,OCEARCH-style shark tagging & live shark trackers,none,unchecked (shark games exist e.g. SharkBite),"Bigger boat lift, rare species bait",
698,HOB-090,Scape an Aquarium,Outdoor / nature hobby,20.6,4,3,3,3,3,Place hardscape & plants → cycle tank (timer) → add fish/shrimp → algae outbreaks to fix → tank rated,Weekly server aquascape contest; visitors swim through your tank as mini avatars; rare fish RNG,"Aquascaping (MD Fish Tanks, Nature Aquarium style)","MD Fish Tanks (aquascaping) 964K YT subs, +52K May–Nov 2025 (SPEAKRJ, Nov 2025)",unchecked,"Rare plant packs, CO2 kit (faster growth)",
699,HOB-111,Pour a Latte Art Throwdown,Hobby sport / party / misc,20.6,4,2,3,4,4,Steam milk to the right pitch (sound cue) → pour with wrist motion to draw heart/tulip/swan → judges pick the better of two cups,Bracket PvP every 5 min judged by the server; rare mugs and pitchers,Latte-art throwdown competitions (bracket battles),none,unchecked (cafe sims common),"Pitchers, milk types",
700,PTY-014,Beat the Crystal Maze,Party / TV game show,20.6,4,3,3,4,3,Team of 4 tours zones; one player enters each puzzle room while others shout advice through glass; finish for a crystal or get locked in; crystals buy seconds in the Crystal Dome grabbing gold tickets,Lock-in risk plus spectator-advisor dynamic; bots take rooms if short; growing room catalogue (skill/physical/mental/mystery); persistent Dome record,The Crystal Maze (Channel 4),none,unchecked,Buy back locked-in teammate; extra dome second; room packs,
701,PTY-040,Sink the Players,Party / board & card massified,20.6,4,2,3,4,4,Team A hides on a giant grid ocean in boats; Team B calls shots by clicking tiles; hit boats ragdoll into the water; swap sides,Players ARE the ships and can move one tile per turn to dodge; bots hide when few players; boat skins and admiral ranks,Battleship,none,unchecked,Radar ping; boat skins; extra move,
702,PTY-047,Tangle Up,Party / board & card massified,20.6,4,3,3,4,3,"A spinner calls 'right hand, red'; move that limb to a colour dot; ragdoll balance meter wobbles; lose balance and fall",IK limb placement makes a real balance game; 20 players on a giant mat means shoving each other; bots; mat themes,Twister (Hasbro),none,unchecked,Mat themes; balance boost; spinner skin,
703,PTY-110,Row the Dragon Boat,Party / 100-player co-op server goal,20.6,4,2,3,4,4,Crew of up to 20 rows in sync to a drummer's beat (a player); off-beat strokes slow the boat; race other boats or bots,Sync rowing = co-op rhythm; drummer role for leaders; boat heads and paddles collection,Dragon boat racing,none,unchecked,Paddle skins; boat heads; drummer pass,PVP-123
704,PTY-114,Break a World Record Together,Party / 100-player co-op server goal,20.6,4,3,3,4,3,"Each hour the server attempts one record (most jump-ropes in 1 min, longest human chain, tallest cup tower); hit it to earn a certificate",Rotating co-op attempts with a record book collection; records per server leaderboard; bots help,Guinness World Records viral attempts,none,unchecked,Certificate frames; attempt retry; stat boosts,
705,PVP-016,Crack the Ice Lake,PvP physics,20.6,4,2,3,4,4,Players on a frozen lake; ice cracks under stomps and crowds; drive rivals onto thin ice so they fall through,The map itself breaks under player weight - group in one spot and everyone drops,Frozen-lake crack videos,none,unchecked,Ice-skates speed pass; Lifeline rope (one save); Snowsuit skins,
706,PVP-039,Dive for the Frisbee,sports PvP,20.6,4,2,3,4,4,"3v3 ultimate: can't run with the disc, throw curves, layout dives for catches; 5-minute games",Throw-curve aiming + slow-mo dive catches as the showoff moment,Ultimate frisbee layout highlight clips,none,unchecked,Disc skins; Slow-mo replay emote; Custom jerseys,
707,PVP-047,Race the Lawnmowers,vehicle race,20.6,4,2,3,4,4,Race ride-on mowers on a grass track; cut grass for boost; cut clippings spray rivals,Mowing = boost resource; low speed = bumpy slapstick,British Lawn Mower Racing Association events,none,unchecked,Mower skins; Blade upgrade; Nitro clippings,
708,PVP-054,Pull the Tractor Sled,vehicle PvP,20.6,4,2,3,4,4,Two tractors chained to opposite ends of a sled; tune gear/weight between rounds; wheelies and engine blowouts,Tug-of-war with vehicle tuning and blowout risk (overheat = explode),Tractor-pulling competitions,none,unchecked,Engine upgrades; Turbo boost; Flame exhaust,
709,PVP-055,Race Office Chairs,vehicle party,20.6,4,2,3,4,4,"Race wheeled office chairs down hallways and stairwells of a skyscraper; push off walls, spin rivals",Kick-propel movement; elevator shortcuts; photocopier hazards,Office chair racing / 'chair spin' clips,none,unchecked,Gaming chair upgrade; Rocket chair; Boss office VIP,
710,PVP-071,Sink the Rubber Duck Fleet,vehicle PvP,20.6,4,1,3,4,5,"Pilot a rubber duck in a bathtub arena; squeaky rams, soap slicks, drain whirlpool pulls losers down",Tiny-scale bathtub world with drain whirlpool as shrinking zone,Rubber duck races; giant rubber duck festivals,none,unchecked,Duck skins; Soap bomb; Captain hat,
711,PVP-080,Puff Up as a Pufferfish,creature PvP,20.6,4,1,3,4,5,"Reef arena: inflate to become a spiky bumper that knocks others away, but you float slowly; deflate to dash",Size toggle as the whole combat system,Pufferfish inflation clips,none,unchecked,Spike upgrades; Fish skins; Revive bubble,
712,PVP-082,Spit as a Llama,creature PvP,20.6,4,1,3,4,5,"Llama arena: aim arcing spit, splat blinds rivals, charge into blinded llamas to knock them off a mountain",Blind-then-shove combo; llama cuteness,Llama spitting clips,none,unchecked,Spit flavours (rainbow); Llama wool skins; Big hump (ammo),
713,PVP-105,Shrink on Every Hit,weird PvP,20.6,4,1,3,4,5,Every hit you take shrinks you; tiny players are fast but can be stepped on and kicked like balls,Health bar is your size; tiny comebacks possible,Shrinking-ray gags,none,unchecked,Growth mushroom; Size-cap cosmetics; Revive,
714,PVP-121,Survive the Egg Toss,co-op PvP,20.6,4,1,3,4,5,"Pairs toss eggs, stepping back each round; crack = out; wind, other teams' throws cross",Catch timing + distance escalation,Fair egg-toss contests,none,unchecked,Egg skins; Soft gloves; Revive,
715,SSN-095,Drive a Ghost Taxi,Cozy-Spooky,20.6,4,2,3,3,4,"Pick up ghost passengers, drive them to final errands, hear short stories, earn tips; upgrade the cab",Cozy narrative driving; rare passengers,Cozy spirit ferry (Spiritfarer),"Cozy-horror demand: Dredge & Cozy Grove as genre anchors, Grave Seasons among most-anticipated 2026 (GameRant 2026; HerCozyGaming 2026)",unchecked,Cab skins; radio stations; rare passenger lure,
716,SSN-116,Climb Out of the Well,Original Monster / Urban Legend,20.6,4,2,3,4,4,Dropped into a deep well; stack into human towers and hand-holds to climb while the well-thing pulls stragglers down,Co-op body-stacking climb (not chained),Wishing-well legend,none,Chained-climb games saturated,Grip gloves; rope; skins,
717,SSN-117,Feed the Living House,Co-op Survival,20.6,4,2,3,4,4,By day gather food/furniture; each night feed the hungry house or it eats a player; rooms grow as it is fed,Resource sink as monster,Living-house horror,none,unchecked,Feast crate; room unlock; revive,
718,SSN-122,Run a Hot Cocoa Stand,Co-op Survival,20.6,4,2,3,4,4,"In a blizzard hub, players' cold meters drop; you brew cocoa and sell warmth to other players; upgrade the stand",Real players are your customers (need-driven),Player-to-player warmth economy,none,unchecked,Recipe packs; stand upgrades; heater,
719,TRD-079,Win the Science Fair,creative/school,20.6,4,2,4,3,4,"Build a project from parts (volcano, rocket, elephant toothpaste); demo it; judges and players score",Experiments can explode spectacularly (clip moment),Science fair volcano and viral experiment videos,none,unchecked,Rare chemical (25R); Judge bribe cookie (15R),
720,TRD-123,Solve the Speed Cube Race,skill/pvp,20.6,4,3,3,4,3,Race side by side solving a simplified cube (2x2 to 3x3) with click-turns,Scramble is identical for both racers; replay shows moves,Speedcubing and cube-solve videos,none,unchecked,Cube skins (25R); Hint (15R),
721,WEB-065,Coach the Retro Bowl,Coolmath/web hit,20.6,4,3,3,3,3,Manage a pixel football team; play offense by throwing passes; draft players,Friend leagues: weekly schedule vs friends' teams; RNG draft cards with star ratings,Retro Bowl,"none (Retro Bowl widely played on school web portals, no figure verified)",unchecked,Extra draft pick 20R; Stadium upgrade,
722,PTY-017,Bank It or Lose It,Party / TV game show,20.4,3,3,3,3,5,Chain of answers builds a points chain; anyone can shout BANK to secure it; a wrong answer breaks it; then everyone votes off the weakest link,"Votes informed by visible stats (who banked, who broke) but alliances can dump the strongest; bots play; final head-to-head; titles like 'Strongest Link'",The Weakest Link,none,unchecked,Immunity pin (1/game); category pick; podium skins,
723,PTY-026,Waddle in a Giant Costume,Party / TV game show,20.4,4,2,4,4,3,"Teams race relays wearing huge foam costumes (giant penguin, walking cake) across soapy ramps, carrying buckets of water to fill a tank",Oversized-costume ragdoll physics is the comedy; each event has a 'joker' double-points card; bots fill teams; collect costume heads,Jeux Sans Frontieres / It's a Knockout (UK reboot 2023),none,unchecked,Costume heads; joker card; team emblem,
724,PTY-055,Guess Who You Are,Party / board & card massified,20.4,3,3,3,3,5,"Everyone gets a card on their head (animal, food, Roblox item) that others can see; ask yes/no questions with emote answers; first to guess wins",Circles of 6 inside a 50-player lobby; answers via thumbs emotes; bot answerers so solo works; card deck collection,Hedbanz / Heads Up,none,unchecked,Deck packs; hint card; headband skins,
725,PTY-064,Fill the Story,Party / board & card massified,20.4,3,3,3,3,5,"Each player fills blanks from word cards (noun, verb, adjective) without seeing the story; the story is read aloud with TTS; vote funniest contribution",Story templates are collectibles; TTS reading is the laugh; bots fill blanks; moderation-safe word cards,Mad Libs,none,unchecked,Story packs; narrator voices; card redraw,
726,PVP-012,Float in the Space Station,PvP physics,20.4,4,2,4,4,3,"Zero-G station: push off walls, grab and hurl players toward airlocks that open on a timer; blown-out players spin into space",True zero-G movement on Roblox (custom body forces); airlock ejection is the clip,Zero-gravity ISS clips; airlock movie scenes,none,unchecked,Magnet boots (stick to floor 5s); Astronaut suits; Revive via 'rescue pod',
727,PVP-048,Race a Soapbox,build + race,20.4,4,2,4,4,3,"60s build a gravity car from silly parts (bathtub, bed, hot dog), roll down a ramp course with jumps; crowd votes style",Build + physics + judging in 3 minutes; crashes are rewarded with style points,"Red Bull Soapbox Race (build silly cars, crash on ramps)",none,unchecked,Premium parts pack; Crash replay cam; Theme parts (Halloween),
728,PVP-052,Smash a Combine Derby,vehicle destruction,20.4,4,2,3,4,3,"Demolition derby with farm machines: combines, tractors, hay balers; last machine running wins; crops on field give repairs",Oversized slow machines with huge reach - different feel from car derby,Rural combine-harvester demolition derbies (US county fairs),"Derby demand is small on Roblox: ROBLOX Derby 7M+ visits (Roblox Wiki); several small demolition-derby places incl. Car Crash Simulator sub-place (Rolimon's, 2026)",Small demo derby places exist (Rolimon's),Machine skins; Welding kit repair; Spiked header,
729,PVP-059,Implode the Tower,destruction PvP,20.4,4,2,4,4,3,Place charges on a tower in 60s; detonate; score for falling onto the rival team's tower and not onto the town,Demolition planning puzzle with PvP aim - topple buildings into each other,Controlled-demolition building-implosion videos,none,Destruction sims exist (unchecked),Premium charges; Slow-mo detonation replay; City skins,
730,PVP-103,Roll Up the Players,weird PvP,20.4,4,2,4,4,3,Roll a sticky ball; stick props and players to it; the bigger ball can roll up smaller balls including their stuck players,Players you roll up keep watching and can wiggle to break free,Katamari Damacy,none,Ball physics duels (Ball VS Ball) exist - different verb,Sticky upgrade; Ball skins; Break-free token,
731,SSN-065,Decorate a Cookie,Seasonal-Christmas/Winter,20.4,3,3,3,3,5,Pipe icing and sprinkles on cookie shapes in 90s; server votes; cookies go into a jar collection,Cozy drawing contest,Cookie-decorating videos,none,Draw/vote games exist (unchecked),Icing colors; sprinkle packs; cookie cutters,
732,SSN-071,Shovel the Neighborhood,Seasonal-Christmas/Winter,20.4,3,3,3,3,5,Shovel driveways for neighbors; upgrade to snowblower and plow; blizzard events,Seasonal job loop; weak twist,Snow-shoveling side hustle,none,Cleaning/job sims common,Plow pass; 2x cash; skins,
733,WEB-022,Sink the Fleet,Classic web/board,20.4,3,3,3,3,5,"Place ships, call coordinates, sink the rival fleet",Real 3D ocean where shots fly and splash; 4v4 mode where each player captains one ship and teammates share intel,Battleship,none,unchecked,Sonar ping 10R; Ship skins,
734,WEB-097,Break the Idle Bricks,Coolmath/web hit,20.4,3,3,3,3,5,Buy balls that bounce and break bricks automatically; upgrade speed/power; prestige,Server shares one brick wall; everyone's balls fly at it; big bricks drop RNG ball types,Idle Breakout,none,unchecked,Plasma ball 15R; 2x speed pass,
735,HOB-056,Move a Couch,Unusual job,20.2,3,3,3,4,4,2–4 players carry furniture up twisty stairwells → physics collisions → deliver undamaged → pay,"Pure co-op physics comedy; damage meter; bigger objects (piano, fish tank) for higher tiers",'PIVOT!' Friends meme; moving-day fails,none,unchecked (co-op carry games exist on Roblox),"Dolly, grip gloves, piano contracts",
736,HOB-061,Wash Skyscraper Windows,Unusual job,20.2,3,3,3,4,4,Ride gondola down tower → squeegee windows → wind gusts swing gondola → reach bottom,Co-op gondola balance: players must spread weight or it tips; 'what's behind the window' RNG scenes,Skyscraper window-washer POV videos,none,unchecked (cleaning lane crowded: Wash The House 31.5K CCU per market scout),"Gondola upgrades, wind stabilizer",
737,HOB-092,Propagate a Rare Plant,Outdoor / nature hobby,20.2,3,3,4,3,4,Take cuttings from mother plants → root in water jars → pot and grow → variegation RNG reveals on new leaves → trade or display,Cutting-trade economy (a rare cutting can be copied only by its owner); greenhouse visits and likes; Monstera 'half-moon' ultra-rare,PlantTok & variegated Monstera craze,none,unchecked (Grow a Garden-style lanes),"Grow lights, rooting hormone",
738,PTY-048,Chomp the Marbles,Party / board & card massified,20.2,3,2,3,4,5,Each player is a hippo on a big pool; marbles rain in; chomp to collect; golden marbles worth 10,50-hippo arena with physics marbles and chomp spam ASMR; hippo skins collection; bots fill,Hungry Hungry Hippos,none,unchecked,Hippo skins; bigger mouth power-up; marble rain boost,
739,PTY-069,Be Tetherball King,Party / playground game,20.2,3,2,3,4,5,"1v1: smack the ball around the pole; wrap it fully to win; winner stays, challengers queue",Fast 45-second duels with winner-stays drama; bots challenge; pole and ball skins; win-streak board,Tetherball,none,unchecked,Ball skins; queue skip; streak shield,
740,PTY-077,Grow the Blob,Party / playground game,20.2,3,3,3,4,4,The tagger grabs players who join hands to form a growing blob; blob splits at 4 into pairs; last free runner wins,Physics-linked chain that must coordinate turns; runners use vaults and slides; bots; blob colour cosmetics,Blob tag / chain tag,none,Tag/infection lanes crowded; chain variant unchecked,Runner trails; vault boost; blob skins,
741,PTY-079,How Low Can You Limbo,Party / playground game,20.2,3,2,3,4,5,A bar lowers each round; hold a bend meter and walk under without touching; ragdoll fall if you fail,Balance meter + music; 50-player limbo line; fire-bar hard mode; outfit and dance emote unlocks,Limbo party dance,none,unchecked,Flexibility buff (capped); dance emotes; bar themes,
742,PVP-014,Wrestle in the Mud Pit,PvP ragdoll,20.2,3,2,3,4,5,Slippery mud arena: grabs slip unless you time them; more mud on you = slower but harder to grab,Mud coverage is both a debuff and a buff; slidey physics creates constant pratfalls,Mud-run and oil-wrestling clips,none,unchecked,Soap bar (clean yourself); Golden mud aura; Private pit,
743,PVP-023,Slip on the Banana,PvP party,20.2,3,2,3,4,5,Race across a polished marble hall dropping banana peels and soap; ragdoll slips cascade,Every item is a trap for someone behind you; chain slips give 'combo' points,Banana-peel slapstick,none,unchecked,Banana crate refill; Grip shoes; Slip-combo trail,
744,PVP-043,Throw an Axe,PvP sport,20.2,3,2,3,4,5,1v1 target duel: throw axes with spin timing; 'killshot' dots; best of 10 in 90 seconds,"Rotation-timing throw skill, not aim-only; quick duel ladder",Axe-throwing bars and leagues,none,unchecked,Axe skins; Lucky killshot charm; Lane decorations,
745,PVP-044,Toss the Cornhole,PvP sport,20.2,3,2,3,4,5,1v1/2v2: arc bags onto boards; knock rivals' bags off; first to 21,Precision physics toss with blocking and knocking; chill backyard vibe,Cornhole tournaments on sports TV,none,unchecked,Bag skins; Board designs; Wind-proof bag,
746,PVP-056,Crash the Bumper Boats,vehicle party,20.2,3,2,3,4,5,"Bumper boats on a lagoon: ram to spin rivals, squirt water to fill their boat; too much water = sink",Water-fill health bar; ramming and spraying both matter,Bumper boats with water cannons at fun parks,none,unchecked,Boat skins; Pump upgrade; Bail-bucket revive,
747,PVP-070,Wreck the Rage Room,destruction PvP,20.2,3,2,3,4,5,Two players in mirrored rage rooms; smash items for points; smashed junk flies through a window into the rival's room,Destruction score-attack with junk-launch sabotage,Rage room TikTok videos,none,Destruction simulators exist (unchecked),Bats and sledgehammers; Glass-only room; Slow-mo smash cam,
748,PVP-126,Survive the Trapdoor Master,asymmetric 1-vs-many,20.2,3,2,3,4,5,One host player opens trapdoors under contestants in a grid; contestants move and guess; host wins by dropping all in 2 minutes,Human-controlled spleef,Game-show trapdoors,none,Spleef/floor-drop games exist (unchecked),Host priority; Trapdoor skins; Parachute,
749,SSN-045,Fix the Fuse Box,Co-op Horror,20.2,3,3,3,4,4,"Lights died; one player reads the wiring manual, others match fuses in the dark basement while something prowls; each fixed room becomes safe",Manual-reader co-op (KTANE) in horror setting; lit rooms are progress,Blackout house repair,none,KTANE-like Defusal small (100-ideas #73),Flashlight upgrade; extra fuse; skins,
750,SSN-066,Build a Snow Fort vs the Yeti,Seasonal-Christmas/Winter,20.2,3,3,3,4,4,Co-op build snow walls by day; yeti attacks at night; snowball turrets; rebuild,PvE fort co-op (not PvP snowball war),Snow forts; yeti folklore,none,unchecked,Ice bricks; turret pass; yeti skins,
751,SSN-068,Ice Fish on Cracking Ice,Seasonal-Christmas/Winter,20.2,3,3,3,4,4,Drill holes and fish on a shared lake; heavy catches and crowding crack the ice; spread out or plunge,Shared-ice physics creates social friction (not a plain fishing sim),Ice fishing; frozen-lake fails,none,Fishing sims saturated (Fish It 129.8K CCU),Auger upgrade; ice spikes; rare bait,
752,SSN-084,Eat the Most Pie,Seasonal-Thanksgiving,20.2,3,2,3,4,5,Button-mash eating contest; stomach capacity upgrades; hourly championship,Simple competitive incremental,Pie-eating contests,none,Eating sims exist (unchecked),Bigger stomach; pie skins; auto-eat,
753,SSN-099,Roll a Pumpkin Down the Hill,Seasonal-Halloween,20.2,3,2,3,4,5,Roll pumpkins down a hill to smash scarecrow pins; upgrade pumpkin mass; hourly championship,Short physics bowling,Pumpkin-roll festivals,none,Throw/launch families decay fast,Heavy pumpkins; trails; aim assist,
754,TRD-067,Hit the Pickleball,pvp/sports,20.2,3,3,3,4,4,2v2 doubles; kitchen rule; dinks and smashes; ranked ladder,"Fast 5-min matches, clean ranked ladder",Pickleball boom,none,unchecked,Paddle skins (35R); Coach tips (15R),
755,TRD-080,Pressure Wash a Mural,satisfying/coop,20.2,2,5,4,4,5,Blast grime off city walls; hidden murals revealed underneath with rarity; reveal % shared with server,Every wall hides a random mural; co-op on giant walls; rare murals go to your gallery,Pressure-washing videos (oddly satisfying),#oddlysatisfying has 69.8B TikTok views; pressure-washing creators with 800K+ followers get millions of views (IZEA; Yahoo Style 2025),Power-washing sims likely exist (unchecked); cleaning lane flagged in brief,Turbo nozzle (49R); Mural radar (25R),
756,TRD-128,Guess Where on the Map,trivia/geo,20.2,3,4,3,4,3,Drop into a street-view-like scene built in-game; place a pin on the world map; closest wins,Scenes are mini-dioramas of real countries; streamer-style group play,GeoGuessr streams,none,GeoGuessr-style Roblox games exist (unchecked),Hint compass (15R); Scene pack (35R),
757,WEB-037,Defend the Shrinking Island,io classic,20.2,3,3,3,4,4,Pirates loot on an island that shrinks; bonk others into the sea,Loot RNG chests; pirate crews of friends; island sinks piece by piece like a physics floor,Yohoho.io,none,unchecked,Parrot scout 10R; Revive 15R,
758,WEB-046,Joust the Narwhals,io classic,20.2,3,2,3,4,5,"Swim as a narwhal; stab others with your tusk, protect your belly",Underwater ragdoll physics; tusk grows with kills,Narwhale.io,none,unchecked,Tusk skins; Boost 10R,
759,WEB-057,Shoot the Ragdoll Archer,Poki hit,20.2,3,3,3,4,4,"Draw your bow, aim for heads, limbs flop with hits","Ragdolls lose limbs in cartoon puffs; 1v1 ladder; arrow type RNG (bomb, split, rope)",Ragdoll Archers,none,unchecked,Bow skins; Heal potion 10R,
760,WEB-075,Lob the Artillery,Flash classic,20.2,3,3,3,4,4,"Turn-based: set angle and power, lob shots at rivals across terrain",Destructible terrain; team of 4 turn rotation; wind RNG,Bowmaster / Worms / Raft Wars,none,unchecked,Special ammo 10R; Skins,
761,WEB-095,Earn to Crash the Horde,Flash/mobile classic,20.2,3,3,3,4,4,"Drive a car through a zombie horde as far as possible; spend distance cash on armor, guns, boosters","Convoy mode: 4 friends drive together, lead car takes damage; distance incremental with shared leaderboard",Earn to Die,none,unchecked,Nitro fuel 10R; Armor plating,
762,WEB-116,Guess Where on Earth,Viral web game,20.2,3,4,3,4,3,"Drop into a low-poly real-world scene, look around, pin a map guess",Built mini-scenes of famous places; team guessing; streaks,GeoGuessr,none,unchecked (guess-the-place games exist),Hint (continent) 10R,
763,WEB-117,Conquer the Pixel Map,io classic,20.2,3,3,3,4,4,Expand troops across a map by clicking; balance growth vs attack,Alliances and betrayals; map is Roblox-themed; 5-min matches,Territorial.io,none,unchecked,Starting troops boost 15R,
764,HOB-046,Carve Ice,Craft / maker hobby,20.0,5,2,3,3,3,Block arrives → carve with tools before it melts → judges score → display melts over time,Melt timer makes every round tense; co-op teams on giant blocks at winter festival,Ice sculpting competitions (chainsaw + chisels),none,unchecked,"Cold room (slower melt), power tools",
765,HOB-066,Pull Crab Pots,Unusual job,20.0,3,3,4,4,3,Captain boat in storm → deck crew hauls pots (co-op) → sort crabs by size/species → sell at port,Storm waves throw crew around (ragdoll); captain vs crew coordination; rare king crab,Deadliest Catch-style crab fishing,none,unchecked,"Boat upgrades, pot capacity, weather radar",
766,HOB-071,Program a Drone Show,Unusual job,20.0,5,2,3,3,3,Arrange drones into formations over a timeline → play show at night → server rates → earn,Co-op mega shows; rare effects; show designs saved and replayed to new servers,Drone light shows going viral at events,none,unchecked,"Drone count, effect packs",
767,HOB-094,Train a Falcon,Outdoor / nature hobby,20.0,5,2,3,3,3,Train your falcon on lures (timing whistle) → fly it at farms to chase off pest birds for pay → stats grow → enter dive competitions,Falcon dive-speed races vs other players; rare plumage from breeding; falcon perches on your arm (showoff),Falconry,none,unchecked,"Falcon breeds, hoods",
768,HOB-126,Draw 3D Chalk Art,Hobby sport / party / misc,20.0,5,2,3,3,3,Draw on a sidewalk grid with chalk tools → illusion only works from a marked viewing spot → visitors rate,Perspective trick showoff; rain washes art away weekly (FOMO),3D sidewalk chalk illusion art,none,unchecked,Chalk colors,
769,PTY-024,Please the Taskmaster,Party / TV game show,20.0,5,2,3,3,3,Open-ended physics task in a shed sandbox ('get the egg as high as possible without touching it'); game measures the result and awards 1-5 points,Measurable weird tasks let a sandbox be judged automatically; creative solutions become clips; new tasks weekly; solo vs ghost scores,Taskmaster (UK cult hit),none,unchecked,Prop packs; task retry; trophy shelf items,
770,PTY-033,Stay Silent in the Library,Party / TV game show,20.0,5,2,3,3,3,"Group sits in a library, draws cards; one gets a silly punishment (feather tickle ragdoll, whoopee chair); if any mic crosses a volume threshold or the victim's key is pressed, everyone loses the round",Voice-chat silence as a mechanic (text fallback: laughter QTE); punishments are collectibles; bots react; librarian NPC chases the loudest,Silent Library (MTV),none,unchecked,Punishment packs; librarian mode; card redraw,
771,PTY-125,Swap Bodies Party,Party / friend-troll,20.0,5,2,3,3,3,Every 30 seconds everyone swaps control to a random other avatar; objectives stay personal so you must work in someone else's body,Chaos control-swapping with shared goals; bots swapped in; collect swap effects,Body-swap comedy (Freaky Friday),none,unchecked,Swap-lock (1/game); effects; private server,
772,PVP-068,Race Your Marble,build + race,20.0,3,3,4,4,3,"Build a track segment in 60s, then all marbles race across every player's segments; bet on marbles; marble skins RNG",Players build the course together then race; marble collectible RNG,Jelle's Marble Runs / Marbula One,none,Marble/marble-run games exist (unchecked),Marble crates; Track piece packs; Betting pass,
773,PVP-078,Headbutt as a Dino,creature PvP,20.0,3,2,4,4,4,"Dome-head dinos duel on cliff ledges: charge meter, headbutt knockback, dodge; bigger dome = stronger",Charge-and-release knockback duel with dinos,Pachycephalosaurus headbutt; dinosaur popularity,none,Dino survival games exist (unchecked),Dino skins; Dome growth; Egg crates,
774,PVP-115,Dive for the Last Life Jacket,PvP party,20.0,3,2,4,4,4,"A ship is sinking; fewer life jackets than players; grab, fight, and slide down tilting decks",Tilting-deck physics chaos; boats leave with limited seats,Titanic-style sinking-ship scenes,none,Sinking-ship games exist (unchecked),Whistle (attract lifeboat); Captain hat; Revive raft,
775,SSN-108,Wake from the Nightmare,Co-op Horror,20.0,5,2,3,3,3,One player is trapped in a nightmare level; the awake team manipulates bedroom objects that change the dream (turn on lamp = light in dream),Two-world asymmetric co-op,Dream-rescue co-op,none,unchecked,Dream items; roles; skins,
776,WEB-045,Build the Squad,Mobile (Supercell),20.0,3,3,4,4,3,Walk the map collecting heroes who join your squad; fight other squads; gems decide the winner,Recruitable heroes are RNG rarity drops; merge 3 same heroes into a stronger one mid-match,Squad Busters (Supercell),none,unchecked,Starting hero pick 15R; Extra squad slot 20R,
777,HOB-077,Referee the Playground,Unusual job,19.6,4,2,3,3,4,"A chaotic playground sport runs → referee watches for fouls → blow whistle & call the right one → correct calls pay, bad calls make players boo",Players on the field secretly get 'cheat missions' and try not to get caught; referee vs cheaters social friction,Umpire/referee meme clips,none,unchecked,Whistle skins,
778,HOB-110,Pull a Magic Trick,Hobby sport / party / misc,19.6,4,2,3,3,4,Perform tricks for a street crowd with sleight-of-hand inputs → crowd gasps → tips → unlock bigger illusions,"Party mode: one magician performs, others try to spot the move; fooled players pay the magician",Street magic / card trick TikToks,none,unchecked,"Trick unlocks, stage props",
779,HOB-116,Drift an RC Car,Hobby sport / party / misc,19.6,4,2,3,3,4,"Tune RC chassis & gyro → drift a tabletop track → score angle, line and speed → leaderboard",Tandem drift PvP with lead/chase scoring; body-shell collecting,RC drift tabletop tracks,none,unchecked,"Car bodies, gyro",
780,HOB-123,Cook Tiny Food,Hobby sport / party / misc,19.6,4,2,3,3,4,Cook tiny recipes on a tiny stove with tweezers → plate → serve tiny NPC customers → tips,Giant-hands perspective comedy; tiny food collection shelf,Miniature cooking channels,none,unchecked,Tiny tools,
781,PTY-023,Unmask the Singer,Party / TV game show,19.6,4,2,3,3,4,A few players get giant mascot costumes and perform an emote routine; the audience gets clue cards and guesses which server player is inside,Guess-who using the live roster; clues come from the hidden player's real stats; bots can be masked; collect mascot costumes,The Masked Singer (FOX),none,unchecked,Mascot costumes; extra clue; guaranteed masked slot,
782,PTY-028,Rule the Circle,Party / TV game show,19.6,4,2,3,3,4,Players sit in private apartments and chat only through preset message chips and avatar 'profiles'; every round everyone ranks each other; top two are Influencers who block someone,You may catfish by using a borrowed bot profile; ranking uses only kind preset chips (moderation-safe); bots have profiles; collect apartment decor and profile frames,The Circle (Netflix),none,unchecked,Profile frames; extra 'influencer' vote; apartment themes,
783,PTY-030,Win the Courtroom,Party / TV game show,19.6,4,2,3,3,4,Absurd kid cases ('Who ate the class pizza?'); prosecutor and defense each play evidence cards from a hand; the jury (players/bots) votes,Card-hand arguments = moderation-safe roleplay; jury members earn if they vote with the final majority; collect evidence cards and gavels,Judge-show / Ace Attorney-style courtroom memes,none,unchecked,Evidence card packs; judge gavel skins; jury-foreman pass,
784,PTY-032,Copy the Build,Party / TV game show,19.6,4,2,3,3,4,A block build flashes for 5 seconds; rebuild it from memory in 60s; auto-scored by voxel match; best copy wins,Automatic voxel scoring means no judging needed and solo works; build library grows; friends can submit builds for others to copy,Lego Masters / 'Nailed It' / memory games,none,Build Battle-style voting games exist; memory-rebuild unchecked,Extra peek (1 sec); block palettes; submit-build slots,
785,PTY-034,Turn the Chair,Party / TV game show,19.6,4,3,3,3,3,Performers play a short instrument jam minigame behind a screen; coaches (players) sit facing away and turn their chair only by sound; reveal avatar,"Blind judging on skill, then coaches recruit performers into teams for battle rounds; bots coach; unlock instruments",The Voice (NBC) blind auditions,none,unchecked,Instrument packs; coach chair skins; stage lights,
786,PTY-041,Be a Chess Piece,Party / board & card massified,19.6,4,3,3,3,3,32 players each control one piece; a captain per team suggests moves but pieces choose whether to obey; captures are ragdoll duels,Mutiny: a pawn can refuse orders; bots fill missing pieces; rank by piece type mastery; piece skins,Chess (chess boom since 2020 streams),none,Chess games on Roblox exist; player-as-piece unchecked,Piece skins; captain pass; replay export,
787,PTY-067,Build a Card House,Party / board & card massified,19.6,4,2,3,3,4,Co-op: a team balances playing cards into the tallest house; one secret 'Sneezer' can blow at the right moment,Fragile physics ASMR with a troll role; height records per server; card deck collection,House of cards / cardistry videos,none,unchecked,Card decks; steady-hands buff; replay,
788,PTY-103,Snap the Scavenger List,Party / voting & judging,19.6,4,2,3,3,4,"Receive 5 prompts ('someone mid-jump', 'something red and round'); use the in-game camera around a party map; the server votes on the best snap for each prompt",Players pose for each other's photos; photo album collection; bot scoring checks prompt tags so solo works,Photo scavenger hunts,none,unchecked,Camera filters; extra prompt reroll; album frames,
789,SSN-069,Wrap a Weird Gift,Seasonal-Christmas/Winter,19.6,4,2,3,3,4,"Wrap awkwardly shaped items (a bike, a cat) with minimal paper; tape ASMR; rush-hour co-op workshop",Waste score + weird shapes; evergreen gift shop,Gift-wrapping hacks,none,unchecked,Paper patterns; bow packs; auto-tape,
790,SSN-097,Fix a Haunted Doll,Cozy-Spooky,19.6,4,2,3,3,4,Repair and paint antique dolls to sell to collectors; cursed dolls move whenever you look away,Restoration ASMR with jump-scare tension,Doll-restoration videos,none,unchecked,Paint kits; rare doll crates; curse ward,
791,SSN-104,Spin a Web,Cozy-Spooky,19.6,4,2,3,3,4,Build web geometry to catch bugs; bigger webs catch rarer bugs but break in wind; web contests,Geometry-building catch loop,Spider decor; orb-weaver videos,none,unchecked,Silk upgrades; rare bug lure; spider skins,
792,TRD-127,Build a Tiny House,creative/showoff,19.6,4,3,3,3,3,Build a home on a trailer with strict size limit; tour others' houses; star votes,Space limit forces clever builds; houses can be hitched and driven to the showcase,Tiny-house tour videos,none,unchecked,Extra furniture pack (35R); Trailer size (49R),
793,WEB-112,Pour the Falling Sand,Neal.fun viral toy,19.6,4,2,3,3,4,"Drop elements (sand, water, lava, plant) and watch them interact",Shared canvas where players mix; discovered reactions logged with names of first discoverer,Sandboxels / Powder Toy,none,unchecked,Rare elements pack 15R,
794,PTY-027,Pitch to the Sharks,Party / TV game show,19.4,4,2,4,3,3,"Snap together a silly invention from random parts (toaster + jetpack + umbrella), demo it on a test track, then other players invest fake cash; top-funded invention wins",Players are both inventors and investors - investors earn if their pick wins the demo round; parts drop RNG with rarity; bots invest by demo score,Shark Tank / Dragons' Den,none,unchecked,"Part crates (direct, shown odds); investor pass (double cash); workshop decor",
795,PTY-102,Design a Parade Float,Party / voting & judging,19.4,4,2,4,3,3,Teams of 3-6 decorate a float on a chassis from a parts kit in 5 minutes; floats then roll down a parade street as the server votes with confetti,Co-op building plus a big showoff parade moment; part kits unlock; bots build basic floats; parade replays,Thanksgiving/Rose parade floats,none,unchecked,Part kits; confetti cannons; float chassis,
796,PVP-075,Ram the Shopping Trolleys,vehicle PvP,19.4,4,1,3,4,4,"Arena joust: one pushes, one rides a trolley with a mop-lance; knock riders out","2-player joust (pusher + rider), distinct from horse jousting",Supermarket-trolley jousting clips,none,unchecked,Lance skins; Turbo trolley; Helmet revive,
797,PVP-107,Fall Off the Cube,weird PvP,19.4,4,1,3,4,4,Each player has own gravity; walk on any face of a floating cube; shove others off into the void,Six-sided arena; gravity switch dodges,Gravity-flip puzzles,none,unchecked,Gravity boots; Cube skins; Revive,
798,PVP-117,Survive the Mosh Pit,PvP party,19.4,4,1,3,4,4,Circle pit spins players round; shove to reach the stage and touch the mic; wall-of-death event every 30s,Crowd-flow physics arena,Concert mosh pit and circle-pit clips,none,unchecked,Band tees; Stage diving emote; Headliner pass,
799,PVP-119,Ski Jump Knockoff,PvP sport,19.4,4,1,3,4,4,Ski jump in heats; push off rivals mid-air with mid-air shoves; land farthest,Air-to-air collision in a sport that has none,Ski jumping,none,unchecked,Suit skins; Wax boost; Replay cam,
800,PVP-120,Hurl a Teammate,co-op PvP,19.4,4,1,3,4,4,Hammer-throw spin with a teammate as the hammer; the hammer can steer mid-air to land on target or on enemies,"Two-player throw, aim and steer",Hammer throw; 'yeet' memes,none,unchecked,Spin upgrade; Helmet; Landing pads,
801,PVP-125,Pilot the Water Jet Pack,vehicle PvP,19.4,4,1,3,4,4,Balance on a water-jet board over a lake; spray and knock others off,Balance physics + water blast,Flyboard water jet-pack clips,none,unchecked,Board skins; Thrust upgrade; Revive,
802,WEB-015,Clear the Tile Tower,Mobile puzzle,19.4,3,3,2,3,5,Pick matching free tiles off a 3D tower until it's gone,"Team relay: tower split into floors, each teammate clears one; lower floors unlock only when upper are done; races vs other teams",Mahjong-solitaire / Tile Explorer puzzles,none,unchecked,Shuffle 10R; Hint 5R,
803,HOB-040,Wrap a Car,Craft / maker hobby,19.2,3,3,3,3,4,"Customer car arrives → lay vinyl, squeegee bubbles out, trim edges → finish reveal → car shows at weekly meet",Your wrapped cars drive around the town as NPC traffic other players see; meet voting,Car vinyl-wrap ASMR videos,none,unchecked (car games plentiful),"Chrome/color-shift vinyl, heat gun, extra bay",
804,HOB-058,Throw the Paper,Unusual job,19.2,3,2,3,3,5,"Bike a suburban route → flick-aim papers onto porches (bullseye doormat = bonus) → dodge dogs, sprinklers, cars → end-of-route subscriber count grows your income",Two paperboys share each street and can steal each other's subscribers by landing better throws; broken windows cost you customers; nightly 'route rankings',Paperboy (arcade) nostalgia,none,unchecked,"Bike upgrades, paper bag capacity",
805,HOB-069,Run a Carnival Booth,Unusual job,19.2,3,3,3,3,4,"Own a booth (ring toss, milk bottles) → set difficulty & prize → players play for tickets → earn",Players both run and play; rigging too hard makes customers leave; best booth wins prize,Carnival games / rigged-game exposés,none,unchecked,"Booth types, prize tiers",
806,HOB-088,Freedive Deeper,Outdoor / nature hobby,19.2,3,2,3,3,5,Breathe-up rhythm on the surface → dive along the line → equalize at tap intervals → grab depth tag → ascend before blackout,Blackout drops your tag unless a buddy tows you up (co-op save); depth records as public flex,Freediving depth-record clips,none,unchecked (+1 incremental family adjacent),"Lung upgrades, fins",
807,HOB-109,Solve a Cube,Hobby sport / party / misc,19.2,3,3,3,3,4,Scrambled cube appears → solve using simplified move sets and learned algorithms → race 4 players in real time,Algorithms unlock as progression (like spells); blindfold mode; rare cube skins,"Speedcubing (WCA competitions, cubing TikTok)",none,unchecked,"Cube skins, algorithm hints",
808,HOB-119,Fix a Watch,Hobby sport / party / misc,19.2,3,3,3,3,4,Open a vintage watch → clean tiny parts → rebuild gear train in order → tick test → value reveal,Tiny-part puzzle; rare luxury watches hidden in junk lots,Watch restoration (tiny gears ASMR),none,reStore (antique restoration) and Clean It: Cleaning ASMR exist (Roblox search Sep 2026; visits unchecked),"Loupe, parts cleaner",
809,PTY-011,Ask the Audience,Party / TV game show,19.2,3,3,3,3,4,"One player in the hot seat answers escalating questions; the other 49 are the audience who vote on lifelines and earn if the hot seat wins, but secret Tricksters earn if he falls",Audience with hidden incentives makes the lifeline untrustworthy; bots vote realistically; separate hot-seat and audience rank ladders,Who Wants to Be a Millionaire,none,unchecked; trivia lane crowded,Extra lifeline; hot-seat queue skip; studio light cosmetics,
810,PTY-112,Pull Off a Flash Mob,Party / 100-player co-op server goal,19.2,3,3,3,3,4,Server learns a short dance via prompts; everyone performs in sync in a crowded plaza; sync score rises as more players hit timing,Mass-sync dance with a big crowd reaction; dances unlock as emotes; bots dance,Flash mob / dance trends,none,unchecked,Dance packs; spotlight; outfit sets,
811,PTY-128,Win Buddy Island,Party / friend-troll,19.2,3,3,3,3,4,Pair up as duos for challenges; after each challenge there is a recoupling where players can steal a partner; the unpaired player leaves,Friendship-duo framing (no dating); drama via partner steals; bots pair; villa decor,Love Island 'recoupling' as friendship duos,none,unchecked,Villa decor; duo emotes; immunity,
812,SSN-111,Knit an Ugly Sweater,Seasonal-Christmas/Winter,19.2,3,2,3,3,5,Knit pixel patterns on a sweater grid; team knits one giant sweater; server votes ugliest,Pixel-art with ugliness as the goal,Ugly Christmas sweater contests,none,Fashion/vote lanes saturated,Yarn colors; pattern packs; wearable sweater,
813,SSN-123,Roast the Perfect Marshmallow,Cozy-Spooky,19.2,3,2,3,3,5,Timing-roast marshmallows (golden to burnt RNG); stack s'mores; raccoons steal from careless campers,Tiny ASMR timing + RNG collection,Campfire marshmallow ASMR,none,unchecked,Roasting sticks; rare marshmallows; raccoon ward,
814,WEB-096,Feed the Rope Candy,Mobile classic,19.2,3,3,3,3,4,Cut ropes to swing candy into the monster's mouth,Co-op: each player controls different ropes; timing together; pet monster collection,Cut the Rope,none,unchecked,Hint 10R; Monster skins,
815,HOB-064,Blow Up a Building,Unusual job,19.0,3,3,3,4,3,Survey building → place charges on columns → set timer sequence → detonate → collapse score (fell in footprint?),Precision scoring + spectacle; neighbors' buildings take damage if you mess up,Controlled demolition videos,none,unchecked (destruction games exist),"Charge packs, slow-mo replay",
816,HOB-087,Squeeze Through a Cave,Outdoor / nature hobby,19.0,3,3,3,4,3,"Co-op cave crawl: squeeze tunnels, rope descents, find crystals/artifacts, limited light",Rope co-op: teammates belay each other; tight squeezes where you can get stuck,Caving/cave-diving story channels,none,unchecked (co-op horror/cave games exist),"Headlamp, rope length",
817,HOB-124,Scrounge the Bins,Hobby sport / party / misc,19.0,2,4,4,4,5,Fresh bins roll out every 3 min → everyone rushes → grab items fast (RNG) → pay by pound → resell,Physics scramble with grab-steal (bins etiquette violations as mechanic); distinct from calm thrift-flip,"Goodwill Bins hauls (bins rolled out, crowd rushes in)",Goodwill record $7B revenue 2025 driven by Gen Z thrifting; 'Goodwill Bins' hauls a TikTok genre since 2023 (Yahoo Finance 2026; emmaheim.com Apr 2025),unchecked; note overlap with 100-ideas #37 Thrift Flip,"Grab-reach, cart size",
818,PVP-127,Swing the Wrecking Chain,PvP physics,19.0,3,2,3,4,4,Players wield chain flails; momentum-based swinging; knock others off,Flail physics duel,Flail-style physics fights,none,unchecked,Flail skins; Weight upgrade; Revive,
819,PVP-129,Pogo Joust,vehicle PvP,19.0,3,1,3,4,5,Bounce on pogo sticks; land on rivals' heads to knock them out; balance fails,Head-stomp combat,Pogo stick tricks,none,unchecked,Pogo skins; Spring upgrade,
820,SSN-098,Sew a Costume,Seasonal-Halloween,19.0,3,2,3,3,4,Kid NPCs request costumes mixing trending themes; stitch pieces fast; ratings pay,Speed crafting with weekly meme themes,Costume DIY; meme costumes,Halloween 2026 falls on a Saturday → more parties/costumes (PrintKK Halloween trends 2026),DTI-style fashion saturated,Fabric packs; auto-sew; shop decor,
821,WEB-032,Evolve a Sea Monster,io classic,19.0,3,3,3,4,3,"Eat in the ocean, evolve fish up the tree, manage oxygen/pressure zones",Depth biomes (reef → abyss) as tiers; server-wide kraken boss that all fish can gang up on,Deeeep.io,none,unchecked,Oxygen tank 10R; Evolution skip 20R,
822,WEB-070,Rob the House Quietly,Flash classic,19.0,3,3,3,4,3,"Sneak through houses avoiding guards and cameras, crack safes","Co-op heist crews of 3: one hacks cameras, one picks locks, one carries loot; guards patrol RNG routes",Bob the Robber,none,unchecked (heist games exist),Smoke bomb 10R; Loot bag upgrade,
823,WEB-121,Rocket Jump the Course,Poki hit,19.0,3,2,3,4,4,Shoot the floor to rocket-jump across a level,Rocket-jump other players; race,Blumgi Rocket,none,unchecked,Rocket skins,
824,PVP-046,Play Chess Boxing,hybrid PvP,18.8,5,1,3,3,3,Alternate 1-minute blitz chess rounds and 1-minute boxing rounds; win by checkmate or knockout,Brain vs brawn switch every minute; both skill sets matter,Chess boxing (real sport: alternating chess and boxing rounds),none,unchecked,Glove skins; Chess set skins; Rematch priority,
825,STM-013,Climb the Spire as a Squad,Roguelite deckbuilder,18.8,4,5,3,3,2,"4 players share one map, each plays their own card hand vs shared enemies; pick card rewards; boss every 5 floors",Mobile-first 4-player co-op deckbuilder with shared relics and weekly seed race,"Slay the Spire 2 (co-op EA, Mar 2026)","Slay the Spire 2 Early Access (Mar 2026) dominating Steam charts (TheGamer 'best indies of 2026', 2026)",unchecked,Starter deck classes; card backs; revive token,
826,TRD-012,Spin a Battle Top,toy/pvp,18.8,2,4,4,5,4,"Build a top from part packs, launch into bowl stadium, last spinning wins parts from the pot",Launch power is a timing ripcord; 8-player free-for-all bowl with ring-out clips,Beyblade in 2026 trending-toys list,"Jellycat/Squishmallow plush trending on TikTok; trending toys 2026 incl. KPop Demon Hunters, Beyblade, Squishmallows (Reader's Digest; TikTok #trendingtoys2026, 2026)",unchecked,Part pack (25R); Launch assist (49R); Custom stadium (149R),
827,WEB-061,Ram the Crazy Cattle,Viral web/itch hit,18.8,2,3,4,5,5,Sheep ragdoll-run and headbutt each other off cliffs; last sheep standing,Wool grows back as RNG colors; herd teams; rams launch with bouncy physics,Crazy Cattle 3D (2025 viral sheep battle royale),"none (viral 2025, no figure verified)",unchecked (clones likely appeared),Horns upgrade 15R; Wool dyes,
828,WEB-063,Run from Your Parents,Viral mobile/web,18.8,2,4,4,5,4,Sneak out of the house while parents patrol; avoid getting caught,Players can BE the parents (asymmetric 2 parents vs 4 kids); kids find escape tools randomly placed,Schoolboy Runaway (viral 2025),"none (viral 2025 mobile, no figure verified)",unchecked — likely occupied by clones,Parent role pass 20R; Distraction toy 10R,
829,HOB-076,Check Coats,Unusual job,18.6,4,1,2,3,5,"Guests hand you coats, bags and odd items → store on numbered hooks → guests return with tickets → fetch the right one fast for tips",Memory pressure scales with party size; players can hand in fake tickets to troll; rare celebrity items,Coat-check / cloakroom memory job,none,unchecked,"Extra hangers, number tags",
830,PTY-087,Win a Thumb War,Party / playground game,18.6,4,1,2,3,5,"1v1 tiny thumb duel: '1 2 3 4 I declare a thumb war', pin the opponent's thumb for 3 seconds; bracket of 16","Very short duels with bracket spectating; thumb costumes (hats, faces); bots",Thumb war,none,unchecked,Thumb costumes; bracket skip; revive,
831,HOB-075,Land a Bush Plane,Unusual job,18.4,4,2,3,3,3,Take off from a gravel strip → fly a short course → land in the shortest distance possible on a marked strip → take off again; leaderboard,"Head-to-head STOL drag races; plane tuning (tires, flaps) trades speed vs landing control; crash landings are clips",STOL short-take-off-and-landing competitions,none,unchecked,"Plane parts, big tires",
832,HOB-115,Build a Train Layout,Hobby sport / party / misc,18.4,4,2,3,3,3,"Lay tracks, tunnels and scenery on a tabletop → run trains → mini visitors ride and pay",Connect your layout to neighbors' into a server-wide rail network,Model railroading hobby,none,unchecked,Track/train packs,
833,HOB-117,Build a Guitar,Hobby sport / party / misc,18.4,4,2,3,3,3,Pick body wood → carve shape → wire pickups → string & tune → play a short jam loop,Tone RNG from wood grain; jam-band co-op with friends' guitars,Luthier builds / guitar channels,none,unchecked,"Wood crates, amp",
834,HOB-120,Fix a Pinball Machine,Hobby sport / party / misc,18.4,4,2,3,3,3,Buy broken machines → fix flippers/bumpers/lights → play-test → machine earns coins in your arcade,Other players compete for high scores on your machines; you earn from their plays,Pinball restoration & play,none,unchecked,Machine packs,
835,PTY-104,Build a Sandcastle Before the Tide,Party / voting & judging,18.4,4,2,3,3,3,Build with bucket moulds and a trowel for 4 minutes; the tide rises and erodes castles; the tallest surviving castle wins votes,Real erosion physics turns judging into survival; shell decorations collectible; bots build; beach themes,Beach sandcastle contests,none,unchecked,Mould sets; shell packs; seawall token,
836,PVP-064,"Build a Bridge, Break It",build battle,18.4,4,2,3,3,3,Team builds a bridge in 90s with limited planks; then the rival team drives heavy trucks over it trying to break it; swap,"Your build is the rival's target - build strong, drive heavy",Poly Bridge / bridge-engineering challenges,none,unchecked,Steel beam pack; Monster truck to test; Bridge replay,
837,SSN-044,Map the Shifting House,Co-op Horror,18.4,4,2,3,3,3,Rooms rearrange whenever nobody watches them; one player is cartographer drawing the map others report; find the exit,Cartographer role + watch-to-lock rooms,Non-Euclidean houses,none,unchecked,Chalk markers; compass; skins,
838,SSN-062,Carve an Ice Sculpture,Seasonal-Christmas/Winter,18.4,4,2,3,3,3,Chainsaw-carve a voxel ice block against a prompt; server votes; sculptures melt over hours,Timed voxel carving with melting displays,Ice-sculpting festivals,none,unchecked,Chisel set; freeze spray; prompt reroll,
839,STM-017,Pose as Museum Art,Party hide-and-seek,18.4,1,5,4,5,4,"Hiders freeze inside frames and on plinths, pick poses and paint styles to look like exhibits; guard seekers have limited 'touch' checks",Pose + frame + art-style hide instead of free painting; guards lose points for touching real art,Meccha Chameleon (Jun 2026),"Meccha Chameleon ($4.79, Jun 9 2026) sold 15M copies in <1 month, 340K peak CCU, $0 marketing (GamesRadar / Windows Central, Jul 2026)","CROWDED: [BACKROOMS] Chameleon ~50K CCU, Paint or Seek ~37K CCU, a dozen+ clones (Kotaku, 2026)",Pose packs; extra touch checks for seekers; frame skins,
840,PTY-129,Spell It or Sit Down,Party / voting & judging,18.2,3,2,2,3,5,50 players hear a word via text-to-speech and type it; wrong = sit down; words get harder; last standing wins,School-relatable; word lists by grade; study mode as solo; bee trophy collection,Spelling bees (school season),none,unchecked,Definition hint; bee trophies; revive,
841,WEB-125,Make a Paperclip Empire,Viral web incremental,18.2,3,2,2,3,5,"Click to make paperclips, then automate; empire grows",Server shares the paperclip universe; comedic endgame,Universal Paperclips,none,unchecked,Auto-clipper 15R,
842,HOB-043,Build a Gunpla,Craft / maker hobby,18.0,3,3,3,3,3,Buy kits (grade RNG) → snip parts from runners → assemble → decals → pose on display → battle diorama photos,Built mechs can fight in a simple auto-battle arena; rare 'clear' kits,Gunpla / model kit building,none,unchecked,"Premium kits, nipper upgrade, display case",
843,HOB-100,Crush It with a Press,Outdoor / nature hobby,18.0,2,4,3,4,5,Place objects in the press → crush with satisfying crack/pop → earn → buy stronger press and weirder objects,Server votes on the next object; slow-mo replays; press-power leaderboard,Hydraulic Press Channel,"Hydraulic Press Channel 10.3M YT subs, 6.59B views (Wikipedia, 2026)",unchecked (crush/destroy simulators common),"Press power, object packs",
844,HOB-114,Arrange a Bouquet,Hobby sport / party / misc,18.0,3,2,3,3,4,Order arrives → buy flowers at the morning market (rarity RNG) → arrange stems → wrap → customer rates,Rare-flower auction each morning; wedding mega-orders need co-op,Florist ASMR / flower-arranging,none,unchecked,Rare flower crates,
845,HOB-129,Build a Ship in a Bottle,Hobby sport / party / misc,18.0,5,1,2,2,4,Build a ship outside the bottle → fold masts → slide it through the neck → pull strings to raise masts,Delicate precision task; bottles displayed on your shelf,Ship-in-a-bottle craft,none,unchecked,Bottle types,
846,PTY-092,Summon Bloody Mary,Party / sleepover game,18.0,3,2,3,3,4,Each round one player must say the name 3 times in the bathroom mirror; the others hide in the house; the ghost hunts for 60s,Horror-lite party round with voluntary 'brave' roles earning more; mirror shard collection; bots take turns,Bloody Mary sleepover dare,none,unchecked,Flashlight; brave points boost; room themes,
847,PTY-118,Feed the Sleeping Giant,Party / 100-player co-op server goal,18.0,3,2,3,3,4,The server cooks and carries food to a sleeping giant; each meal grows it; when full it wakes and the server fights or befriends it,Co-op feeding into a boss moment; giant species collection; bots,Server boss wake-up events,none,unchecked,Cook boost; giant species; feast decor,
848,SSN-128,Wind the Cursed Clock,Original Monster / Urban Legend,18.0,3,2,3,3,4,"Keep a cursed clock wound; key pieces are hidden around a mansion; if it stops, night creatures arrive",Shared timer co-op,Grandfather-clock curse,none,unchecked,Key radar; clock skins; revive,
849,SSN-131,Stitch a Scarecrow Guard,Seasonal-Halloween,18.0,3,2,3,3,4,Build a scarecrow from parts; it guards your crops from crows by day; at night scarecrows may turn on their owners,Build-a-guardian with a night betrayal,Scarecrow building,none,unchecked,Part packs; crow ward; skins,
850,TRD-122,Crush It with the Hydraulic Press,satisfying/physics,18.0,2,4,3,4,5,"Put objects under the press, watch them crush, sell the 'crush art' result",Rare objects explode or survive; survivors are trophies,Hydraulic press channel videos,#oddlysatisfying has 69.8B TikTok views; pressure-washing creators with 800K+ followers get millions of views (IZEA; Yahoo Style 2025),Hydraulic-press games exist (unchecked),Bigger press (49R); Mystery object (15R),
851,PVP-049,Fly off the Pier,build + launch,17.8,3,2,4,3,3,"Build a glider from silly parts, get pushed off a pier; distance + creativity votes; splash clips",Launch-only builder with judged style; failures are funny,Red Bull Flugtag homemade flying machines,none,Ragdoll/launch games exist (unchecked),Premium wing parts; Rocket assist (one use); Costume packs,
852,PVP-057,Jump the Monster Truck,vehicle trick contest,17.8,3,2,3,4,3,"Freestyle run in an arena of crushed cars; backflips, wheelies, crowd meter; 1v1 head-to-head runs back to back",Crowd-meter trick scoring; crashes still earn 'save' points,Monster Jam freestyle,none,unchecked,"Truck bodies (shark, dino); Nitro; Replay export",
853,PVP-073,Race a Hovercraft on Land,vehicle race,17.8,3,1,3,4,4,"Hovercraft drift race over sand, water, ice with no grip; bump rivals off cliffs",Momentum-only steering - everyone slides,DIY hovercraft videos,none,unchecked,Fan upgrades; Skins; Nitro,
854,PVP-089,Belly Slide as a Penguin,creature race,17.8,3,1,3,4,4,Penguins belly-slide down ice runs; bump rivals into the sea where a seal player hunts them,Race + one hunter role,Penguin slides; leopard seal ambush clips,none,unchecked,Penguin skins; Speed flippers; Seal role priority,
855,PVP-114,Play S.K.A.T.E.,PvP sport,17.8,3,2,3,4,3,"1v1: set a trick, rival must copy it or gets a letter; spell SKATE = lose",Copy-the-trick format; trick input combos,Skateboard 'Game of S.K.A.T.E.' videos,none,Skate games exist (unchecked),Deck skins; Trick packs; Slow-mo replay,
856,STM-007,Hook a Sea Monster Together,Friendslop co-op,17.8,2,5,4,4,3,Whole server's rowboats hook the same leviathan; tug-of-war with physics ropes while it capsizes boats; land it for a shared payout and rare trophy,"Server-boss fishing: 20 boats on one line, physics chaos, mutation RNG on the trophy",How To Fish (Aug 2026),"How To Fish (Aug 20 2026) 1M copies in 2 days, SteamDB peak 373,971 CCU on Aug 26 2026 (GamesRadar / Inven Global, Aug 2026); 6.3M units in August (GameDiscoverCo, Sep 2026)","Roblox 'How To Fish' clone exists (roblox.com/games/110768301350336); Fish It ~130K CCU (tracker, Sep 27 2026)",Stronger line pass; boat revive; rare bait,
857,HOB-044,Paint a Mini,Craft / maker hobby,17.4,4,2,3,2,3,Prime → paint layers on a mini with brush tools → wash/drybrush → varnish → army shelf,Armies painted by you fight in a tabletop auto-skirmish; best-painted get stat bonus,Warhammer / miniature painting hobby,none,unchecked,"Paint packs, brush upgrades",
858,WEB-088,Cross the Crazy Road,Mobile hit,17.0,2,4,3,4,5,"Hop forward across roads, rivers and train tracks",30 players hop the same endless road; traffic is real physics; character RNG capsules,Crossy Road,none,unchecked (clones likely),Revive 10R; Character capsule,
859,HOB-023,Collect Lost Luggage,Collecting subculture,16.8,2,3,4,4,5,Buy suitcases by weight → pick the lock (quick timing) → unpack item by item (RNG) → keep/sell,Suitcase 'owner stories' (tag hints at contents); luggage carousel scramble with other players,Lost-luggage auctions / unclaimed baggage stores (TikTok unboxing),none,unchecked (storage-auction/mystery-box lane saturated),"Luggage tag reader, priority carousel, bigger storage",
860,PTY-117,Build the Bridge Before the Flood,Party / 100-player co-op server goal,16.8,3,2,3,3,3,Team gathers planks and ropes to span a river before the flood; weak joints collapse; everyone crosses,Physics bridge building with a timer; bots haul planks; bridge styles unlock,Co-op engineering vs rising water,none,unchecked,Material packs; bridge styles; flood delay,
861,PVP-128,Race the Bathtubs,vehicle race,16.8,3,1,2,4,4,Race motorised bathtubs across choppy water; rubber-duck boosts,Water race,Nanaimo bathtub races,none,unchecked,Tub skins; Motor upgrade,
862,SSN-086,Catch the Runaway Turkey,Seasonal-Thanksgiving,16.8,2,3,3,4,5,Farmers herd escaping turkeys (breeds with rarity) into the pen with physics; hardest turkeys drive seasonal events,Low originality; mode already exists as event,Turkey hunts in Roblox events,"Thanksgiving 2025 mini-events: Zombie Stories 'Turkey Hunt' hide-and-seek, Evade turkey capture, Hypershot Turkey Hunt, Steal a Brainrot turkey (Pro Game Guides / Fandom, Nov 2025)","Turkey hunt modes in Zombie Stories, Evade, Hypershot (Nov 2025)",Net upgrade; turkey breeds; speed boots,
863,TRD-043,Hit the Backflip Over the Car,skill/stunt,16.8,2,4,3,4,4,"Pick a stunt from the board, land it on props (cars, benches, fans); combos earn clout",Real crowd reacts; fail clips auto-saved for sharing,IShowSpeed backflip-over-car viral stunts,"IShowSpeed named Streamer of the Year, 2025 Streamer Awards; his Sept 2025 America IRL tour drew mass crowds (Wikipedia; StreamsCharts 2025)",Parkour/stunt games occupied (unchecked),Stunt pack (35R); Slow-mo cam (25R),
864,TRD-111,Carve a Pumpkin Contest,creative/seasonal,16.8,2,3,4,4,5,Carve a pumpkin face with a cursor knife; light it; server votes nightly,Hidden pumpkin guts RNG with rare seeds,October pumpkin carving videos,none,Pumpkin carving games likely exist (unchecked),Rare pumpkin (25R); Glow candle (15R),
865,WEB-090,Flap the Royale,Mobile classic,16.8,2,3,3,5,5,Tap to flap through pipes,50 birds on one pipe set; last alive wins; spectators drop 'wind' boosts,Flappy Bird / Flappy Royale,none,unchecked,Revive 10R; Hats,
866,PVP-097,Hide From the Giant Kid,asymmetric 1-vs-many,16.6,2,3,4,4,4,One player is a giant kid in a bedroom; everyone else is a tiny toy who must hide or reach the door; kid grabs and throws toys in the toybox,Giant player gets grab-and-throw physics; scale fantasy,Tiny-vs-giant hide and seek videos,"Content demand: Many 'TINY vs GIANT Hide & Seek in Roblox' videos (CashBlox and others on YouTube/Facebook, 2025-26)",Hide and Seek Extreme occupies tiny-in-big-room hide&seek (unchecked numbers),Giant role priority; Toy skins; Hide spots map,
867,TRD-030,Raise a Baby Hippo,care/animal,16.6,2,3,4,4,4,"Raise a bouncy baby hippo; it bites keepers, splashes visitors; visitor crowd size = income",Hippo mood RNG decides tricks; 'sassy' hippos are rare and loved by crowds,Moo Deng the pygmy hippo,Moo Deng turned 2 on Jul 10 2026 but her viral peak has passed (Yahoo Lifestyle 2026),Many Moo Deng meme games exist (unchecked),Watermelon feast (15R); Pool upgrade (79R); Rare hippo egg (49R),
868,TRD-040,Win Strong vs Smart,party/gameshow,16.6,2,4,4,4,3,Pick team Strong or Smart; alternating rounds of physics challenges and puzzles; losing team members eliminated,"Team identity forces balance; smart team wins puzzles, strong team physics; betrayal twist near end",Beast Games S2 'Strong vs Smart' theme,Beast Games S1 was Prime Video's most-watched unscripted show (50M viewers in 25 days); S2 ran Jan 7-Feb 25 2026 (Wikipedia / Amazon 2026),Squid-Game-like elimination is saturated (per brief),Lifeline (25R); Team jersey (35R); Private show (149R),
869,HOB-019,Tumble a Rock,Collecting subculture,15.8,2,3,4,3,5,Collect rough rocks at a riverbed → load tumbler with grit → real-time stages (skippable) → open reveal polished stones with luster RNG,Friends can load one shared tumbler (mixed-barrel surprises); polished stones set into jewelry you wear,"Rock tumbling videos (grit stages, before/after reveal)",none,unchecked (Cut a Gem 6.7M & Geodeworks own gem-reveal adjacency),"Stage skip, extra tumblers, rare-rough permit",
870,PTY-085,Unfreeze Your Friends,Party / playground game,15.8,2,3,3,4,5,Taggers freeze runners in a pose; runners unfreeze each other by crawling under legs; frozen poses become statues in a server gallery,Frozen-pose snapshots become collectible statues; co-op rescues; bots,Freeze tag,none,Freeze tag games exist (unchecked scale),Freeze effects; runner speed boost; statue frames,
871,TRD-045,Break a Stream Record,idle/streamer,15.8,2,4,3,3,4,Grow a small channel by choosing stream formats; viral RNG spikes; beat real-world style records,Record board is server-wide; breaking another player's record steals their title,Record-breaking subathons and peak viewer records,"Kai Cenat's Mafiathon 3 subathon ended Sep 30 2025 with 1,112,947 Twitch subs, first ever over 1M (Wikipedia / StreamsCharts)",Be a Streamer! 11.5M visits (Rolimon's); StreamSim 626K visits since Jun 27 2026 (Rolimon's); Streamer Simulator 28K (Jun 2026),Viral boost (25R); Studio upgrade (99R),
872,WEB-003,Unscrew the Robot,Mobile puzzle hit (hybrid-casual),15.8,2,4,3,3,4,Unscrew colored bolts off a 3D model into matching boxes; model falls apart piece by piece,"PvP: two players race to dismantle the SAME giant robot from opposite sides; wrong-colored bolts get fired into the rival's tray, overflow = lose",Screwdom / Screw Jam screw-sort puzzles,"Gamigion 2026 top-grossing hybridcasual puzzles: Screwdom $45.8M, Color Block Jam $44.1M, Yarn Loop $22.3M, Marble Sort (Voodoo) $16.4M","Screw 3D Puzzle: Bolts Off exists on Roblox (roblox.com, visits unknown) — solo only",Extra tray slot 20R; Drill power-up (auto-unscrew 5) 15R,
873,WEB-087,Jump the Helix Tower,Hypercasual (Voodoo),15.8,2,3,3,4,5,"Ball bounces down a spinning helix; rotate to pass gaps, avoid red",8 balls in one helix; red zones damage; ball-bumps knock others onto red,Helix Jump,none,unchecked,Shield 10R; Ball skins,
874,WEB-089,Slice the Flying Fruit,Mobile classic,15.8,2,3,3,4,5,Swipe to slice fruit; avoid bombs,Dojo battles: 4 players slice the same fruit wave; last slice gets points; rare golden fruit,Fruit Ninja,none,unchecked,Blade skins; Frenzy 10R,
875,WEB-094,Fly the Jetpack Run,Mobile classic,15.8,2,3,3,4,5,"Hold to fly, dodge zappers, collect coins; vehicles appear",Race mode vs 8; vehicle pickups RNG,Jetpack Joyride,none,unchecked,Revive 10R; Jetpack skins,
876,WEB-099,Eat the Weaker Fish,Mobile hit / fake ad,15.8,2,3,3,4,5,"Eat smaller fish, avoid bigger ones, grow",Aquarium PvP where players are fish in a shared tank,Fishdom mini-game / Feeding Frenzy,none,unchecked (fish-grow .io lanes exist),Speed fin 10R,
877,WEB-118,Chase the Chomper,Web classic,15.8,2,3,3,4,5,Players are ghosts chasing one Pac player in a maze,Power pellet flips roles; each round a new Pac,Pac-Man (reversed),none,unchecked (Pac-maze games exist),Speed boost 10R; Ghost skins,
878,WEB-120,Drift the Endless Corners,Coolmath/Poki hit,15.8,2,3,2,4,5,One button: hold to drift around endless corners,Same road for 10 players; fall-offs leave wrecks,Drift Boss,"none (Drift Boss listed as a Coolmath popular game, no figure)",unchecked,Revive 10R; Car skins,
879,WEB-126,Surf the Cube Stack,Hypercasual (Voodoo),15.8,2,3,3,4,5,Collect cubes to stack under you; walls knock cubes off,Race with 8; steal cubes by bumping,Cube Surfer!,none,unchecked,Start with 5 cubes 10R,
880,HOB-017,Set Up a Card Show Table,Collecting subculture,15.6,2,4,4,3,3,"Rip packs → rent a table at the weekly card show → price cards → players browse, haggle, trade → reinvest",The show is player-run: your table competes with others; haggling UI with counteroffers; best-table award,Card shows / trading floors in the card hobby,"10B Pokémon cards printed Mar 2025–Mar 2026; $50 MSRP products resold for $400–600 in 2025 shortages (PokéBeach, May 2026)","Trading Card Simulator, TCG Card Shop Simulator, Card Shop Friends, TCG Shop Simulator exist (Roblox search Sep 2026; visits unchecked)","Premium table spot, display case, price-guide scanner",
881,HOB-083,Chase a Storm,Outdoor / nature hobby,15.6,2,4,4,4,3,"4-player van: driver, navigator (radar), camera, probe launcher → intercept storms (RNG type/strength) → footage score → sell to TV",Kid-friendly arcade version of Twisted: role co-op + footage rarity cards; flying debris ragdoll clips,Storm chasing YouTube/TikTok,none,"Twisted (storm chasing) 184.7M visits, ~2.4K CCU (Rolimons snippet, 2026)","Van armor, probe packs, radar upgrade",
882,PTY-127,Trap the Runners,Party / friend-troll,15.6,2,3,4,4,4,"One player is the Trapper with a trap panel; runners cross a course; Trapper earns for each fall, runners for each finish",Asymmetric troll role that everyone wants; bots run when few players; trap collection,Troll obby / Game-master formats,none,Troll obby / troll tower games exist (unchecked),Trapper pass; trap packs; runner shields,
883,PVP-024,Keep the Crown,PvP party,15.6,2,2,3,5,5,One crown on the map; holder earns points but moves slower and glows; everyone else tackles to steal,Simplest possible goal; comeback built in (holder is slow),Keep-away / king-of-the-hill playground games,none,Crown/king-of-hill modes exist in many games (unchecked),Crown skins; Jester decoy crown; 2x points pass,
884,PVP-113,Launch a Spinning Top,PvP physics,15.6,2,3,4,4,4,"Custom top parts; launch into a bowl stadium; spin-finish, burst, over-finish",Part-building + collision physics,Beyblade X revival,none,Beyblade-style games exist (unchecked),Part crates; Launcher upgrade; Stadium skins,
885,STM-011,Push the Truck Over the Hill,Friendslop co-op / physics,15.6,2,4,3,4,3,"Get one overloaded truck up a mountain: one steers, others winch, push, rebuild wheels and catch falling cargo",Each player controls a different part of the same vehicle,Over the Hill + RV There Yet?,"Over the Hill (co-op offroad) was the #1 most-played June 2026 Next Fest demo (mxdwn, Jun 2026); RV There Yet? peaked ~100K CCU (gaming.net, 2025)",unchecked (A Dusty Trip owns road-trip lane; numbers unverified),Winch upgrades; truck skins; checkpoint flare,
886,TRD-112,Paint the Pixel Wall,social/creative,15.6,2,3,4,4,4,One huge server-wide pixel wall; each player places a pixel every few seconds; factions fight for art,Persistent across servers; weekly reset event,r/place-style collaborative canvases,none,Pixel/place games exist (unchecked),Pixel cooldown cut (25R); Color pack (15R),
887,WEB-047,Spin the Top Arena,io classic,15.6,2,3,4,4,4,"Spin your top in an arena, collect orbs, knock others out",Tops built from RNG parts (ring/disc/tip) with stats; showoff top collection; tournaments every 10 min,Spinz.io / Beyblade-style spinners,none,unchecked (spinner battle games exist on Roblox),Part crate; Rim armor 15R,
888,PTY-021,Solve the Wheel Puzzle,Party / TV game show,14.8,2,3,3,3,5,"Spin a physical wheel for letter value, call a consonant, buy vowels, solve the phrase; 3 podiums",Phrases are Roblox/meme culture; spectators predict the solver for free points; bots at empty podiums; wheel skins and category ranks,Wheel of Fortune,none,unchecked,Extra spin; wheel skins; free vowel,
889,PTY-005,Fit Through the Wall,Party / TV game show,14.6,2,3,3,4,4,A wall with a silhouette cut-out slides toward you; pose your avatar with a 4-limb pose wheel before it hits or get shoved into the pool,"Full-body pose builder instead of standing in a hole; team walls need 3 players stacked, bots fill; collect wall shapes in a sticker book and unlock pose emotes",Hole in the Wall (Fuji TV/FOX),none,"Hole in the Wall (EricThePianoGuy, 2009) 630M+ plays (Roblox Fandom) - old and pose-less",Slow-mo wall token; pose emote packs; private server,
890,PTY-012,Win It in a Minute,Party / TV game show,14.6,2,3,3,4,4,"Each round is one 60-second household-object stunt (stack cups one-handed, blow a ping-pong ball into cups, cookie-face); beat the target or lose a life","Physics-honest dollar-store stunts, hundreds collected in a binder; daily stunt-of-the-day leaderboard; fully solo vs target times",Minute to Win It (NBC),none,Epic Minigames (139 minigames) occupies generic minigame lane,Extra life; stunt binder packs; best-run replay emote,
891,PTY-019,Get the Last Marshmallow,Party / TV game show,14.6,2,3,3,3,4,"Camp of 12: team challenges, then a campfire ceremony where safe players get marshmallows; the one without leaves",15-minute seasons; idols hidden in camp; voted-out players become jury and challenge hazards; archetype bots; collect camp badges and cabins,Survivor / Total Drama Island,"Beast Games S2 did a Survivor crossover (Amazon, Jan 2026) - format still hot","Several Roblox Survivor fan games (Survivor! by Peak Precision, multiple fandom wikis) - long-form, small",Idol clue; cabin decor; jury-return token,
892,PVP-060,Demolish the House Race,destruction PvP,14.6,2,3,3,4,4,"Two teams demolish identical houses with hammers, trucks, explosives; most debris hauled away in 3 minutes wins",Co-op demolition race; dump-truck deliveries; steal debris from rivals,Demolition and rage-room videos,none,Destruction Simulator-type games exist (unchecked),Sledgehammer upgrades; Wrecking tools; 2x debris pass,
893,WEB-039,Tame the Wild Pets,io classic,14.4,2,3,4,4,3,"Survive, gather, tame wild creatures that fight beside you",Pets have RNG traits; pet squads fight other players' squads,Taming.io,none,unchecked (pet games saturated),Taming treat 15R; Pet slot 25R,
894,WEB-122,Guess the Word Royale,Daily web puzzle,14.4,1,4,2,4,5,Guess a 5-letter word in 6 tries,20-player race on the same word; colors shown publicly,Wordle,none,unchecked (word games exist),Hint 5R,
895,WEB-029,Slither the Serpent,io classic,14.2,1,4,3,4,4,"Steer a snake, eat orbs, make others crash into you, eat their remains",Snakes coil around Roblox players on foot (hybrid arena); boost trails,Slither.io,none,"Slither Simulator exists on Roblox (roblox.com, updated Apr 2026, visits unknown)",Revive 20R; Skin packs,
896,WEB-050,Shoot the Egg Soldiers,io classic,13.8,3,3,3,3,2,FPS where everyone is an egg; crack others,Cracked eggs splat yolk paint on the map; egg cosmetics,Shell Shockers,none,unchecked (shooter lane crowded),Weapon skins; Egg hats,
897,WEB-123,Stack the Hex Colors,Mobile puzzle,13.8,2,3,2,3,5,Place hex stacks so matching colors merge and pop,Shared board 1v1,Hexa Sort,none,unchecked,Extra slot 10R,
898,WEB-124,Pop the Bubble Duel,Web classic,13.8,2,3,2,3,5,Shoot bubbles to match 3,Dropped bubbles become garbage for rival,Bubble Shooter / Puzzle Bobble,none,unchecked,Rainbow bubble 5R,
899,HOB-052,Restore a Retro Console,Craft / maker hobby,13.6,2,3,3,3,4,Buy a junk console → disassemble → clean/retrobright (ASMR) → fix board → test boot → sell/display,Boot test RNG: rare 'prototype' units; restored consoles play micro-games other players can visit,"Retro-console restoration (retrobrighting yellowed plastic, recapping) YouTube",none,reStore (antique restoration) and Clean It: Cleaning ASMR exist (Roblox search Sep 2026; visits unchecked),"Tool kit upgrade, junk lot bundle",
900,WEB-119,Flip the Stunt Bike,Poki classic,13.6,2,3,3,3,4,"Ride a dirt bike over ramps, flip to cut time",Ghost racing vs friends' best times; bike parts,Moto X3M,none,unchecked (bike games exist),Bike skins,
901,WEB-128,Toss the Office Paper,Web classic,13.6,2,2,2,4,5,Flick paper balls into the bin with a wind fan,"Office party: 10 players, one bin",Paper Toss,none,unchecked,Wind reader 5R,
902,PVP-074,Flip the Kart,vehicle party,13.4,2,2,3,4,4,Kart race where karts flip easily; drivers ragdoll out; eject button rockets you ahead but breaks your kart,High-risk eject shortcut makes every race end in chaos,Go-kart crash clips,none,Kart racers exist (unchecked),Kart body skins; Roll cage; Instant respawn,
903,WEB-038,Survive the Zombie Nights,io classic,13.4,2,3,3,4,3,"Gather wood/stone by day, build walls and towers around gold stash, survive night waves",Party base: 4 friends share one stash; neighboring bases can steal-trade; night waves scale with total server wealth,Zombs.io,none,unchecked (99 Nights-style survival lane is crowded),Extra tower slot 25R; Rebuild kit 15R,
904,HOB-130,Busk for Tips,Hobby sport / party / misc,13.2,1,3,3,3,5,Pick an instrument → play songs on a street spot → NPC and player tips → better spots,"Players tip each other; almost identical to PLS DONATE — included for completeness, low originality",Street busking,none,unchecked (PLS DONATE & Starving Artists dominate tip-me formats),"Instruments, spot",
905,WEB-130,Roll Down the Slope,Web classic,13.2,1,3,2,4,5,Roll a ball down a neon slope,20 balls on the same slope,Slope / Rolling Sky,none,likely occupied (ball-rolling games exist),Skins,
906,PTY-130,Guess the Sound,Party / voting & judging,12.6,2,2,2,3,5,"A sound plays (ASMR, animals, Roblox sounds); pick from choices faster than others; streak scoring",Sound library as collection; players can record sounds with in-game objects; bots,Sound-guess quizzes,none,unchecked,Hint; sound packs; streak freeze,
907,PTY-020,Win Head of Household,Party / TV game show,12.4,2,3,3,3,3,Live in a house with 10 players/bots; each 5-minute 'week' a competition crowns HOH who nominates two; veto comp; house votes to evict,"Room-based house life between comps (decorate your bunk, gossip chips); bots follow alliances; collect HOH room themes",Big Brother (CBS),none,Roblox Big Brother fan games exist (scale unchecked),Veto power-up; HOH room themes; diary-room emotes,
908,PVP-122,Race in Sacks,PvP party,12.4,2,1,2,4,5,Hop in sacks through obstacles; bump others; sack tears if you hop too hard,Simple physics race; slapstick falls,Sack-race field days,none,unchecked,Sack skins; Jump boost; Repair,
909,STM-014,Crew a Pirate Galleon,Friendslop co-op / PvP,12.4,2,4,4,4,2,"Each crewmate holds a station (sails, helm, cannons, bilge pump); raid islands, battle other player crews, bail water",Station-based crew play on one shared ship; sink = lose cargo to the other crew,"Windrose (pirate survival, Apr 2026)","Windrose: ~1M wishlists during Feb 2026 Next Fest; 1.66M copies in ~2 weeks (GameDiscoverCo, Apr 2026)",unchecked (many pirate games on Roblox),Ship skins; cannon types; crew revive,
910,WEB-129,Switch the Color Ball,Mobile hit,12.2,1,3,2,3,5,Tap to pass only through matching color segments,Race mode,Color Switch,none,unchecked,Revive 5R,
911,WEB-049,Stack the Worm Candy,io classic,12.0,1,3,2,4,4,Snake eats candy and sweets; grows,Candy world with sugar-rush potions; weak vs Slither,Wormate.io,none,Slither Simulator exists on Roblox,Skins,
912,WEB-048,Carve the Voxel Block,io classic,8.6,1,2,2,3,3,Voxel build-battle rounds,Low originality: Roblox itself is this,Bloxd.io / Minecraft-like .io,none,saturated by Roblox itself,Tool kits,
